asset,direction,enabled,reason,variant,sel_trades,sel_exp_r,sel_pf,sel_pos_years,conf_trades,conf_exp_r,conf_win,base_T060_conf_trades,base_T060_conf_exp_r
EURUSD,LONG,False,FALLA_SELECCION_2016_2023,-,26,0.2692,1.467,1.0,,,,0,
EURUSD,SHORT,False,FALLA_SELECCION_2016_2023,-,34,-0.219,0.702,0.333,,,,0,
GBPUSD,LONG,False,FALLA_SELECCION_2016_2023,-,157,-0.122,0.821,0.167,,,,0,
GBPUSD,SHORT,False,FALLA_SELECCION_2016_2023,-,161,-0.131,0.811,0.333,,,,0,
USDJPY,LONG,True,OK,ML_SL3_T060_TREND,75,0.3181,1.598,0.75,20.0,0.2019,0.4,2,0.5
USDJPY,SHORT,False,FALLA_SELECCION_2016_2023,-,51,0.1487,1.262,0.5,,,,1,-1.0
AUDUSD,LONG,False,FALLA_SELECCION_2016_2023,-,15,0.2,1.333,0.5,,,,3,-0.0
AUDUSD,SHORT,False,FALLA_CONFIRMACION_2024_2026,ML_SL1_T055_TREND,199,0.117,1.189,0.8,3.0,0.0,0.3333,0,
USDCAD,LONG,False,FALLA_CONFIRMACION_2024_2026,ML_SL3_T060_TREND,65,0.2222,1.455,0.8,0.0,,,0,
USDCAD,SHORT,False,FALLA_SELECCION_2016_2023,-,40,0.0051,1.008,0.5,,,,3,-0.0
USDCHF,LONG,False,FALLA_SELECCION_2016_2023,-,11,0.046,1.072,0.5,,,,0,
USDCHF,SHORT,False,FALLA_SELECCION_2016_2023,-,21,-0.1424,0.786,0.5,,,,5,-0.4
NZDUSD,LONG,False,FALLA_SELECCION_2016_2023,-,11,0.216,1.396,1.0,,,,3,-0.0
NZDUSD,SHORT,False,FALLA_SELECCION_2016_2023,-,43,-0.0233,0.966,0.75,,,,0,
GOLD,LONG,True,OK,ML_SL2_T055,369,0.1641,1.291,0.643,128.0,0.2479,0.4375,8,-0.25
GOLD,SHORT,False,FALLA_SELECCION_2016_2023,-,967,-0.0203,0.969,0.222,,,,0,
EURJPY,LONG,False,FALLA_CONFIRMACION_2024_2026,ML_SL1_T060_TREND,87,0.1196,1.193,1.0,1.0,1.1399,1.0,7,0.4596
EURJPY,SHORT,False,FALLA_CONFIRMACION_2024_2026,ML_SL3_T060_TREND,134,0.1102,1.185,0.625,1.0,-1.0,0.0,0,
GBPJPY,LONG,False,FALLA_CONFIRMACION_2024_2026,ML_SL3_T060,169,0.2166,1.439,0.8,0.0,,,8,0.5314
GBPJPY,SHORT,False,FALLA_SELECCION_2016_2023,-,42,0.2983,1.545,1.0,,,,0,
AUDJPY,LONG,False,FALLA_SELECCION_2016_2023,-,44,0.4515,1.898,0.6,,,,10,0.5528
AUDJPY,SHORT,False,FALLA_SELECCION_2016_2023,-,42,-0.2633,0.644,0.5,,,,2,0.5
CADJPY,LONG,False,FALLA_SELECCION_2016_2023,-,37,-0.0026,0.996,0.333,,,,2,-0.0383
CADJPY,SHORT,False,FALLA_SELECCION_2016_2023,-,60,-0.318,0.565,0.333,,,,0,
EURAUD,LONG,False,FALLA_CONFIRMACION_2024_2026,ML_SL2_T060_TREND,110,0.2435,1.425,0.714,0.0,,,1,-1.0
EURAUD,SHORT,True,OK,BREAKOUT_LONDON_SL3_TP2_TREND,283,0.1001,1.18,0.727,75.0,0.0512,0.4,3,0.0
EURCAD,LONG,False,FALLA_CONFIRMACION_2024_2026,ML_SL2_T060,100,0.1364,1.246,0.75,0.0,,,1,2.0
EURCAD,SHORT,False,FALLA_SELECCION_2016_2023,-,240,-0.177,0.748,0.167,,,,1,-1.0
AUDNZD,LONG,False,FALLA_CONFIRMACION_2024_2026,ML_SL3_T065,72,0.0801,1.187,0.75,0.0,,,50,-0.52
AUDNZD,SHORT,False,FALLA_SELECCION_2016_2023,-,503,-0.1559,0.778,0.0,,,,16,-0.4375
AUDCAD,LONG,False,FALLA_SELECCION_2016_2023,-,97,-0.0059,0.991,0.571,,,,25,-0.16
AUDCAD,SHORT,False,FALLA_SELECCION_2016_2023,-,107,0.0466,1.075,0.286,,,,4,-1.0
GBPAUD,LONG,False,FALLA_CONFIRMACION_2024_2026,BREAKOUT_LONDON_SL3_TP2_TREND,346,0.1273,1.238,0.727,76.0,-0.1806,0.2895,2,-0.4306
GBPAUD,SHORT,False,FALLA_SELECCION_2016_2023,-,151,-0.0633,0.905,0.429,,,,1,2.0
SILVER,LONG,False,FALLA_SELECCION_2016_2023,-,263,-0.1428,0.796,0.444,,,,14,0.0714
SILVER,SHORT,False,FALLA_CONFIRMACION_2024_2026,ML_SL2_T065_TREND,130,0.1054,1.188,1.0,0.0,,,0,
BTCUSD,LONG,False,FALLA_SELECCION_2016_2023,-,620,-0.5475,0.353,0.125,,,,22,-0.0455
BTCUSD,SHORT,False,FALLA_SELECCION_2016_2023,-,643,-0.6525,0.259,0.125,,,,5,0.6328
EURGBP,LONG,False,FALLA_SELECCION_2016_2023,-,4,-0.25,0.667,,,,,0,
EURGBP,SHORT,False,FALLA_SELECCION_2016_2023,-,309,0.0428,1.066,0.571,,,,0,
EURCHF,LONG,False,FALLA_SELECCION_2016_2023,-,372,-0.1204,0.826,0.3,,,,88,-0.3679
EURCHF,SHORT,False,FALLA_SELECCION_2016_2023,-,928,-0.2998,0.607,0.091,,,,55,-0.4
GBPCHF,LONG,False,FALLA_SELECCION_2016_2023,-,97,0.013,1.021,0.5,,,,1,-1.0
GBPCHF,SHORT,False,FALLA_SELECCION_2016_2023,-,15,0.0727,1.121,1.0,,,,0,
