fecha,equity
2024-01-05 13:00:00,0.9899999999999999
2024-02-20 10:00:00,0.9800999999999996
2024-03-07 04:00:00,0.9997019999999996
2024-03-07 14:00:00,0.9897049799999996
2024-03-08 13:00:00,1.0094990795999996
2024-03-12 12:00:00,0.9994040888039998
2024-03-14 11:00:00,0.9894100479159599
2024-03-21 13:00:00,0.9795159474368003
2024-04-02 14:00:00,0.9991062663855362
2024-04-04 14:00:00,0.9969554728021869
2024-04-04 22:00:00,1.0042385164425918
2024-04-05 02:00:00,0.9942474537787362
2024-04-09 07:00:00,1.014132402854311
2024-04-09 15:00:00,1.0039910788257678
2024-04-10 13:00:00,0.9940486042879804
2024-04-11 22:00:00,1.01392957637374
2024-04-12 14:00:00,1.0342081679012147
2024-04-16 00:00:00,1.0242676818583347
2024-04-17 20:00:00,1.0181459081614437
2024-04-26 03:00:00,1.0385088263246727
2024-05-03 14:00:00,1.059279002851166
2024-05-07 04:00:00,1.0486862128226546
2024-05-14 08:00:00,1.0444542253714924
2024-05-15 07:00:00,1.033967363243266
2024-05-19 22:00:00,1.0546467105081312
2024-05-20 05:00:00,1.0757396447182939
2024-05-29 12:00:00,1.064982248271111
2024-06-05 13:00:00,1.0543324257884001
2024-06-13 10:00:00,1.0633481752887635
2024-06-17 11:00:00,1.0527146935358758
2024-06-21 20:00:00,1.0737689874065934
2024-06-24 01:00:00,1.0632418404712345
2024-06-28 01:00:00,1.0845066772806593
2024-07-01 06:00:00,1.0736616105078527
2024-07-04 06:00:00,1.0629249944027743
2024-07-05 07:00:00,1.0688932289582094
2024-07-05 19:00:00,1.0902710935373734
2024-07-08 06:00:00,1.0793683826019997
2024-07-11 19:00:00,1.0685746987759799
2024-07-12 06:00:00,1.0577810149499598
2024-07-14 23:00:00,1.0472032048004603
2024-07-18 17:00:00,1.0421501754306575
2024-08-14 13:00:00,1.031728673676351
2024-08-16 14:00:00,1.0214113869395876
2024-08-20 12:00:00,1.0418396146783793
2024-08-20 15:00:00,1.0314212185315954
2024-08-27 16:00:00,1.0353284851258788
2024-09-13 17:00:00,1.0560350548283965
2024-09-17 10:00:00,1.0454747042801125
2024-09-20 13:00:00,1.0350199572373115
2024-09-24 16:00:00,1.0557203563820579
2024-09-26 07:00:00,1.0668783787031262
2024-09-26 22:00:00,1.0739903952177734
2024-10-01 12:00:00,1.095470203122129
2024-10-15 06:00:00,1.0845155010909076
2024-10-22 17:00:00,1.1062058111127255
2024-10-24 11:00:00,1.0951437530015982
2024-10-28 08:00:00,1.084192315471582
2024-11-21 11:00:00,1.1058761617810138
2024-11-22 14:00:00,1.0948174001632034
2024-11-25 01:00:00,1.0838692261615714
2024-11-25 12:00:00,1.0728104645437615
2024-12-03 08:00:00,1.0781986049656307
2024-12-12 01:00:00,1.0674166189159742
2024-12-27 02:00:00,1.0567424527268143
2025-01-13 11:00:00,1.046175028199546
2025-01-17 07:00:00,1.0357132779175509
2025-01-24 16:00:00,1.0253561451383755
2025-01-29 13:00:00,1.0151025836869916
2025-01-31 12:00:00,1.0354046353607316
2025-01-31 18:00:00,1.0250505890071244
2025-02-05 15:00:00,1.045551600787267
2025-02-07 16:00:00,1.0350960847793944
2025-02-11 02:00:00,1.0557980064749823
2025-02-11 10:00:00,1.0452400264102324
2025-02-14 18:00:00,1.0347876261461302
2025-02-19 09:00:00,1.0556924266743348
2025-02-19 18:00:00,1.0453445504128738
2025-02-21 07:00:00,1.0348911049087453
2025-02-21 18:00:00,1.024542193859658
2025-03-17 19:00:00,1.035858992741009
2025-04-03 06:00:00,1.0255004028135988
2025-04-09 01:00:00,1.027471431082775
2025-04-16 03:00:00,1.0480208597044305
2025-04-16 16:00:00,1.0689812768985192
2025-04-17 14:00:00,1.058291464129534
2025-04-21 02:00:00,1.0794572934121247
2025-04-21 23:00:00,1.1010464392803672
2025-04-22 13:00:00,1.0900359748875634
2025-04-23 13:00:00,1.0791356151386877
2025-04-25 16:00:00,1.0786676762408238
2025-04-28 02:00:00,1.0678809994784155
2025-07-23 05:00:00,1.0572021894836314
2025-09-01 02:00:00,1.078346233273304
2025-09-03 16:00:00,1.09991315793877
2025-09-03 23:00:00,1.0889140263593822
2025-09-05 12:00:00,1.0780248860957884
2025-09-05 16:00:00,1.0998031666229762
2025-09-08 15:00:00,1.1217992299554358
2025-09-10 01:00:00,1.1105812376558812
2025-09-10 12:00:00,1.1325773009883409
2025-09-15 15:00:00,1.1552288470081076
2025-09-17 10:00:00,1.1436765585380266
2025-09-22 09:00:00,1.1665500897087873
2025-09-23 09:00:00,1.189881091502963
2025-09-28 22:00:00,1.1779822805879334
2025-10-02 14:00:00,1.166202457782054
2025-10-05 21:00:00,1.1544226349761748
2025-10-06 05:00:00,1.1777466841318158
2025-10-07 01:00:00,1.1659692172904976
2025-10-08 04:00:00,1.189524150973134
2025-10-08 23:00:00,1.1776289094634027
2025-10-09 12:00:00,1.2014193924828651
2025-10-09 13:00:00,1.1894051985580365
2025-10-13 05:00:00,1.2131933025291972
2025-10-14 03:00:00,1.2374571685797813
2025-10-14 04:00:00,1.2253252355544892
2025-10-14 05:00:00,1.2130719831989443
2025-10-15 09:00:00,1.200941263366955
2025-10-16 16:00:00,1.224960088634294
2025-10-16 22:00:00,1.2494592904069797
2025-10-17 01:00:00,1.2369646975029098
2025-10-17 11:00:00,1.2245950505278806
2025-10-20 18:00:00,1.2490869515384382
2025-10-21 05:00:00,1.236596082023054
2025-10-22 00:00:00,1.2242301212028235
2025-10-22 14:00:00,1.2119878199907952
2025-10-24 18:00:00,1.2195148910648086
2025-11-03 14:00:00,1.2073197421541604
2025-11-11 14:00:00,1.1952465447326188
2025-11-13 14:00:00,1.1832940792852928
2025-11-17 16:00:00,1.1714611384924398
2025-11-19 10:00:00,1.1948903612622883
2025-12-01 10:00:00,1.2187881684875341
2025-12-05 16:00:00,1.206600286802659
2025-12-09 15:00:00,1.2309760501724096
2025-12-12 11:00:00,1.2555955711758577
2025-12-12 15:00:00,1.2432858106741336
2025-12-18 17:00:00,1.2308529525673924
2025-12-22 04:00:00,1.25547001161874
2025-12-24 07:00:00,1.280579411851115
2025-12-26 17:00:00,1.2677736177326036
2025-12-29 00:00:00,1.2550958815552777
2026-01-06 15:00:00,1.2801977991863835
2026-01-11 23:00:00,1.3058017551701113
2026-01-13 16:00:00,1.29274373761841
2026-01-20 07:00:00,1.3065008779020697
2026-01-21 00:00:00,1.332630895460111
2026-01-21 19:00:00,1.31930458650551
2026-01-22 00:00:00,1.345957204414712
2026-01-25 23:00:00,1.3728763485030062
2026-01-26 21:00:00,1.3591475850179762
2026-01-26 22:00:00,1.345418821532946
2026-01-27 20:00:00,1.3319646333176165
2026-01-28 01:00:00,1.3588730097482755
2026-01-28 20:00:00,1.386050469943241
2026-01-28 23:00:00,1.4137714793421057
2026-01-29 03:00:00,1.4409489395370711
2026-01-29 15:00:00,1.42681122474365
2026-01-30 09:00:00,1.4125431124962133
2026-01-30 17:00:00,1.3984176813712512
2026-02-02 01:00:00,1.3844335045575387
2026-02-02 06:00:00,1.3705891695119632
2026-02-04 05:00:00,1.3980009529022024
2026-02-04 17:00:00,1.3842950612070826
2026-02-11 02:00:00,1.4119809624312243
2026-02-12 16:00:00,1.397861152806912
2026-02-17 02:00:00,1.383882541278843
2026-02-23 09:00:00,1.3981626328779295
2026-02-23 14:00:00,1.4258402837035062
2026-02-25 20:00:00,1.4115818808664713
2026-03-01 23:00:00,1.4398135184838008
2026-03-03 14:00:00,1.425415383298963
2026-03-05 10:00:00,1.4367056309992092
2026-03-06 14:00:00,1.422338574689217
2026-03-11 13:00:00,1.4507853461830014
2026-03-19 09:00:00,1.4505443698345666
2026-03-24 22:00:00,1.479555257231258
2026-03-29 21:00:00,1.4647597046589453
2026-03-31 14:00:00,1.450112107612356
2026-04-07 22:00:00,1.479114349764603
2026-04-10 02:00:00,1.4643232062669571
2026-04-12 22:00:00,1.4496799742042874
2026-04-15 09:00:00,1.4351831744622445
2026-04-16 01:00:00,1.4641767739463303
2026-04-16 17:00:00,1.449535006206867
2026-04-19 21:00:00,1.4350396561447987
2026-04-19 22:00:00,1.4205443060827299
2026-04-29 13:00:00,1.4063388630219027
2026-05-15 05:00:00,1.3922754743916839
2026-05-19 04:00:00,1.378352719647767
2026-05-25 07:00:00,1.392317265273175
2026-05-28 03:00:00,1.4201636105786377
2026-06-03 08:00:00,1.4059619744728515
2026-06-03 15:00:00,1.391760338367065
2026-06-08 21:00:00,1.3778427349833942
2026-06-22 14:00:00,1.3640643076335601
2026-06-30 06:00:00,1.391345593786231
2026-07-02 06:00:00,1.3774321378483685
2026-07-07 01:00:00,1.3636578164698845
2026-07-21 09:00:00,1.390930972799282
2026-07-21 18:00:00,1.4187495922552675
2026-07-22 07:00:00,1.404562096332715
2026-07-28 11:00:00,1.4222291256744661
2026-07-28 14:00:00,1.4081835047111393
2026-08-02 21:00:00,1.394101669664028
2026-08-11 15:00:00,1.4051284953717653
2026-08-12 07:00:00,1.4155769074824935
2026-08-13 06:00:00,1.401525622528776
2026-08-17 09:00:00,1.4222301376997912
2026-08-18 14:00:00,1.418855788394725
2026-08-20 12:00:00,1.4046672305107777
2026-08-21 15:00:00,1.4327605751209933
2026-08-25 18:00:00,1.4413644479510945
2026-08-26 01:00:00,1.4694577925613101
2026-08-26 06:00:00,1.4550441480817993
2026-08-27 09:00:00,1.4404937066009813
2026-09-01 08:00:00,1.4332775793718229
2026-09-08 08:00:00,1.451022860838092
2026-09-09 11:00:00,1.4365126322297115
2026-09-13 23:00:00,1.4221475059074142
2026-09-18 11:00:00,1.4505904560255627
2026-10-04 21:00:00,1.4567166675921808
