ACTIVO,DIRECCION,MODELO,SISTEMA,THRESHOLD,COST_BPS,TRADES,PROFIT_FACTOR,EXPECTANCY_R,AVERAGE_R,R_TOTAL,MAX_DRAWDOWN_PCT,MAX_LOSING_STREAK,FOLDS_POSITIVOS,PORCENTAJE_FOLDS_POSITIVOS,ESTABILIDAD_FOLDS_STD_R,BOOTSTRAP_EXPECTANCY_CI95_LOW,BOOTSTRAP_EXPECTANCY_CI95_HIGH,BOOTSTRAP_DD95,CLASIFICACION,MOTIVO
USDCHF,LONG,LOGISTIC,ML_ONLY,0.55,0,509,0.8882427784179473,-0.06434274786872717,-0.06434274786872717,-32.75045866518213,43.957601157535656,14,1,20.0,12.960288901507557,-0.18199540833694342,0.06634764615690923,63.0423143781565,NO APTO,Expectancy o PF no superan 2 bps
USDCHF,LONG,LOGISTIC,ML_ONLY,0.55,1,509,0.723064844029237,-0.20167238435800366,-0.20167238435800366,-102.65124363822386,70.60982890628696,14,1,20.0,17.910568296608282,-0.31787846550111637,-0.0710706143941635,80.63801892390612,NO APTO,Expectancy o PF no superan 2 bps
USDCHF,LONG,LOGISTIC,ML_ONLY,0.55,2,509,0.5966131782505902,-0.3390020208472801,-0.3390020208472801,-172.55202861126557,84.73761188729576,14,1,20.0,23.9431306742872,-0.4548928979496331,-0.20919427909800078,90.08640605316272,NO APTO,Expectancy o PF no superan 2 bps
USDCHF,LONG,LOGISTIC,ML_ONLY,0.55,5,509,0.34489493239941377,-0.7509909303151093,-0.7509909303151093,-382.25438353039067,97.98275154798276,14,0,0.0,43.91722605892954,-0.8700519488709756,-0.6209090849019431,98.7677696409688,NO APTO,Expectancy o PF no superan 2 bps
USDCHF,LONG,LOGISTIC,ML_ONLY,0.6,0,221,0.8284899955564711,-0.12394899597636855,-0.12394899597636855,-27.392728110777448,31.035299195847017,15,2,40.0,7.872972902251164,-0.3010806742278189,0.05446828778415681,49.389016647706384,NO APTO,Expectancy o PF no superan 2 bps
USDCHF,LONG,LOGISTIC,ML_ONLY,0.6,1,221,0.6990492204251475,-0.2540367618622352,-0.2540367618622352,-56.14212437155399,46.44372496159809,15,0,0.0,9.76304471449811,-0.4331734338378174,-0.07565865106023426,61.45626564192628,NO APTO,Expectancy o PF no superan 2 bps
USDCHF,LONG,LOGISTIC,ML_ONLY,0.6,2,221,0.5950869863051865,-0.3841245277481019,-0.3841245277481019,-84.89152063233053,58.92024837773236,15,0,0.0,13.351606429417508,-0.563844502229035,-0.2056330574047843,71.0995020217412,NO APTO,Expectancy o PF no superan 2 bps
USDCHF,LONG,LOGISTIC,ML_ONLY,0.6,5,221,0.3734440915681739,-0.7743878254057021,-0.7743878254057021,-171.13970941466016,82.43392625698498,15,0,0.0,26.92211962158207,-0.9579133440529227,-0.5961305164225691,87.80590779171105,NO APTO,Expectancy o PF no superan 2 bps
USDCHF,LONG,LOGISTIC,ML_ONLY,0.65,0,91,1.0229801186290655,0.0259805655665652,0.0259805655665652,2.3642314665574333,16.560601462908863,10,1,33.33333333333333,11.969198841751343,-0.27072273113672934,0.33748324805590646,23.7901657839556,MIXTO,Pocos folds positivos
USDCHF,LONG,LOGISTIC,ML_ONLY,0.65,1,91,0.862253223144461,-0.09856231252285626,-0.09856231252285626,-8.96917043957992,20.150455710831725,10,1,33.33333333333333,10.921745109895099,-0.3944294396955119,0.21494886527180007,30.559776313917943,NO APTO,Expectancy o PF no superan 2 bps
USDCHF,LONG,LOGISTIC,ML_ONLY,0.65,2,91,0.7331725236297655,-0.22310519061227774,-0.22310519061227774,-20.302572345717273,25.386195613384427,11,1,33.33333333333333,10.459460660033944,-0.5141336046657498,0.0921888165271558,37.258773347687004,NO APTO,Expectancy o PF no superan 2 bps
USDCHF,LONG,LOGISTIC,ML_ONLY,0.65,5,91,0.46046743641215854,-0.5967338248805422,-0.5967338248805422,-54.30277806412934,43.88375125808173,11,0,0.0,12.81818063476656,-0.8855288816824232,-0.2752745796723382,54.657620737798766,NO APTO,Expectancy o PF no superan 2 bps
USDCHF,LONG,LOGISTIC,BASE_PLUS_ML,0.55,0,4,0.0,-0.9999999999999959,-0.9999999999999959,-3.9999999999999836,3.940398999999991,4,0,0.0,7.661343337111378e-15,-1.0000000000000204,-0.9999999999999573,3.940399000000082,MUESTRA INSUFICIENTE,Menos de 30 trades
USDCHF,LONG,LOGISTIC,BASE_PLUS_ML,0.55,1,4,0.0,-1.179942722102061,-1.179942722102061,-4.719770888408244,4.636890794219949,4,0,0.0,0.005482779395023618,-1.184740671081669,-1.1737516762346274,4.654759442535897,MUESTRA INSUFICIENTE,Menos de 30 trades
USDCHF,LONG,LOGISTIC,BASE_PLUS_ML,0.55,2,4,0.0,-1.3598854442041262,-1.3598854442041262,-5.439541776816505,5.329589437848654,4,0,0.0,0.01096555879005523,-1.369481342163367,-1.3475033524692497,5.365128545113737,MUESTRA INSUFICIENTE,Menos de 30 trades
USDCHF,LONG,LOGISTIC,BASE_PLUS_ML,0.55,5,4,0.0,-1.899713610510322,-1.899713610510322,-7.598854442041288,7.385064263360516,4,0,0.0,0.0274138969751494,-1.9237033554084597,-1.8687583811731168,7.472436607466864,MUESTRA INSUFICIENTE,Menos de 30 trades
USDCHF,LONG,LOGISTIC,BASE_PLUS_ML,0.6,0,0,0.0,0.0,0.0,0.0,0.0,0,0,0.0,0.0,,,,MUESTRA INSUFICIENTE,Menos de 30 trades
USDCHF,LONG,LOGISTIC,BASE_PLUS_ML,0.6,1,0,0.0,0.0,0.0,0.0,0.0,0,0,0.0,0.0,,,,MUESTRA INSUFICIENTE,Menos de 30 trades
USDCHF,LONG,LOGISTIC,BASE_PLUS_ML,0.6,2,0,0.0,0.0,0.0,0.0,0.0,0,0,0.0,0.0,,,,MUESTRA INSUFICIENTE,Menos de 30 trades
USDCHF,LONG,LOGISTIC,BASE_PLUS_ML,0.6,5,0,0.0,0.0,0.0,0.0,0.0,0,0,0.0,0.0,,,,MUESTRA INSUFICIENTE,Menos de 30 trades
USDCHF,LONG,LOGISTIC,BASE_PLUS_ML,0.65,0,0,0.0,0.0,0.0,0.0,0.0,0,0,0.0,0.0,,,,MUESTRA INSUFICIENTE,Menos de 30 trades
USDCHF,LONG,LOGISTIC,BASE_PLUS_ML,0.65,1,0,0.0,0.0,0.0,0.0,0.0,0,0,0.0,0.0,,,,MUESTRA INSUFICIENTE,Menos de 30 trades
USDCHF,LONG,LOGISTIC,BASE_PLUS_ML,0.65,2,0,0.0,0.0,0.0,0.0,0.0,0,0,0.0,0.0,,,,MUESTRA INSUFICIENTE,Menos de 30 trades
USDCHF,LONG,LOGISTIC,BASE_PLUS_ML,0.65,5,0,0.0,0.0,0.0,0.0,0.0,0,0,0.0,0.0,,,,MUESTRA INSUFICIENTE,Menos de 30 trades
USDCHF,LONG,RF_SIMPLE,ML_ONLY,0.55,0,453,1.0287470904889398,0.024147113724780567,0.024147113724780567,10.938642517325597,38.31785919493451,14,3,60.0,20.40404979517845,-0.10613315312363979,0.1481084689504896,43.15744896729536,MIXTO,CI95 de expectancy cruza cero; VENTAJA NO CONFIRMADA
USDCHF,LONG,RF_SIMPLE,ML_ONLY,0.55,1,453,0.7972759495628655,-0.10948267558645156,-0.10948267558645156,-49.59565204066256,58.41287716006121,14,2,40.0,23.079177628542983,-0.2395727979492479,0.014654669977879464,66.418468716444,NO APTO,Expectancy o PF no superan 2 bps
USDCHF,LONG,RF_SIMPLE,ML_ONLY,0.55,2,453,0.630932555231271,-0.24311246489768365,-0.24311246489768365,-110.12994659865069,72.87107624659312,14,2,40.0,25.889838088006577,-0.3730693020180408,-0.12090229595473664,81.35817988195149,NO APTO,Expectancy o PF no superan 2 bps
USDCHF,LONG,RF_SIMPLE,ML_ONLY,0.55,5,453,0.3408519012812866,-0.6440018328313798,-0.6440018328313798,-291.73283027261505,95.06639942866106,14,0,0.0,34.800316813918634,-0.7749938631303949,-0.5234996017761985,96.87955247598933,NO APTO,Expectancy o PF no superan 2 bps
USDCHF,LONG,RF_SIMPLE,ML_ONLY,0.6,0,138,0.937709439192991,-0.029880767418510628,-0.029880767418510628,-4.123545903754467,18.62267155082854,12,3,60.0,6.973263032199634,-0.26086956521739196,0.20924966736409897,32.394886721403466,NO APTO,Expectancy o PF no superan 2 bps
USDCHF,LONG,RF_SIMPLE,ML_ONLY,0.6,1,138,0.756245804393884,-0.1680932466992538,-0.1680932466992538,-23.196868044497023,26.141953772040132,12,3,60.0,8.454508275550497,-0.39774178289096124,0.07292590960103708,42.39498524920976,NO APTO,Expectancy o PF no superan 2 bps
USDCHF,LONG,RF_SIMPLE,ML_ONLY,0.6,2,138,0.6164550322841692,-0.306305725979997,-0.306305725979997,-42.270190185239585,36.86439262536278,12,1,20.0,10.013224775674102,-0.5346140005645292,-0.06621433622500258,51.88983608468774,NO APTO,Expectancy o PF no superan 2 bps
USDCHF,LONG,RF_SIMPLE,ML_ONLY,0.6,5,138,0.3422563131250931,-0.7209431638222263,-0.7209431638222263,-99.49015660746723,64.12021977256201,12,0,0.0,14.907194077320906,-0.9479282158689654,-0.4882378359797207,72.29933220653159,NO APTO,Expectancy o PF no superan 2 bps
USDCHF,LONG,RF_SIMPLE,ML_ONLY,0.65,0,5,0.49509815568484744,-0.4000000000000101,-0.4000000000000101,-2.0000000000000506,2.9701000000000417,3,0,0.0,0.0,-1.0000000000000315,0.7999999999999935,4.900995010000122,MUESTRA INSUFICIENTE,Menos de 30 trades
USDCHF,LONG,RF_SIMPLE,ML_ONLY,0.65,1,5,0.4005593882133384,-0.5512639488818383,-0.5512639488818383,-2.7563197444091916,3.4418425051911847,3,0,0.0,0.0,-1.166971765191313,0.6605747624529122,5.678247934372609,MUESTRA INSUFICIENTE,Menos de 30 trades
USDCHF,LONG,RF_SIMPLE,ML_ONLY,0.65,2,5,0.3283884303194252,-0.7025278977636665,-0.7025278977636665,-3.5126394888183325,3.912059771111412,3,0,0.0,0.0,-1.3339435303825997,0.521149524905822,6.450421887071947,MUESTRA INSUFICIENTE,Menos de 30 trades
USDCHF,LONG,RF_SIMPLE,ML_ONLY,0.65,5,5,0.18730504421652694,-1.1563197444091506,-1.1563197444091506,-5.781598722045754,5.686483699078996,3,0,0.0,0.0,-1.83485882595646,0.10287381226455175,8.736718281063474,MUESTRA INSUFICIENTE,Menos de 30 trades
USDCHF,LONG,RF_SIMPLE,BASE_PLUS_ML,0.55,0,17,0.8197963394441896,-0.11764705882353409,-0.11764705882353409,-2.0000000000000795,4.026250694405746,3,1,33.33333333333333,1.2472191289246917,-0.6470588235294263,0.588235294117642,11.362833541846042,MUESTRA INSUFICIENTE,Menos de 30 trades
USDCHF,LONG,RF_SIMPLE,BASE_PLUS_ML,0.55,1,17,0.6632611741281161,-0.2621593125578185,-0.2621593125578185,-4.456708313482914,5.7583243282034005,3,1,33.33333333333333,1.5747677816731747,-0.7989305314942925,0.4462284190260622,12.919872147268727,MUESTRA INSUFICIENTE,Menos de 30 trades
USDCHF,LONG,RF_SIMPLE,BASE_PLUS_ML,0.55,2,17,0.541866708173615,-0.40667156629210294,-0.40667156629210294,-6.91341662696575,7.461555044922477,3,1,33.33333333333333,1.9097873718928642,-0.9508022394591753,0.3042215439344814,15.088531202969596,MUESTRA INSUFICIENTE,Menos de 30 trades
USDCHF,LONG,RF_SIMPLE,BASE_PLUS_ML,0.55,5,17,0.3003911158494054,-0.8402083274949561,-0.8402083274949561,-14.283541567414254,13.500399938791055,3,0,0.0,2.933906593402518,-1.4064173633538237,-0.12179908134026063,21.03553016049063,MUESTRA INSUFICIENTE,Menos de 30 trades
USDCHF,LONG,RF_SIMPLE,BASE_PLUS_ML,0.6,0,0,0.0,0.0,0.0,0.0,0.0,0,0,0.0,0.0,,,,MUESTRA INSUFICIENTE,Menos de 30 trades
USDCHF,LONG,RF_SIMPLE,BASE_PLUS_ML,0.6,1,0,0.0,0.0,0.0,0.0,0.0,0,0,0.0,0.0,,,,MUESTRA INSUFICIENTE,Menos de 30 trades
USDCHF,LONG,RF_SIMPLE,BASE_PLUS_ML,0.6,2,0,0.0,0.0,0.0,0.0,0.0,0,0,0.0,0.0,,,,MUESTRA INSUFICIENTE,Menos de 30 trades
USDCHF,LONG,RF_SIMPLE,BASE_PLUS_ML,0.6,5,0,0.0,0.0,0.0,0.0,0.0,0,0,0.0,0.0,,,,MUESTRA INSUFICIENTE,Menos de 30 trades
USDCHF,LONG,RF_SIMPLE,BASE_PLUS_ML,0.65,0,0,0.0,0.0,0.0,0.0,0.0,0,0,0.0,0.0,,,,MUESTRA INSUFICIENTE,Menos de 30 trades
USDCHF,LONG,RF_SIMPLE,BASE_PLUS_ML,0.65,1,0,0.0,0.0,0.0,0.0,0.0,0,0,0.0,0.0,,,,MUESTRA INSUFICIENTE,Menos de 30 trades
USDCHF,LONG,RF_SIMPLE,BASE_PLUS_ML,0.65,2,0,0.0,0.0,0.0,0.0,0.0,0,0,0.0,0.0,,,,MUESTRA INSUFICIENTE,Menos de 30 trades
USDCHF,LONG,RF_SIMPLE,BASE_PLUS_ML,0.65,5,0,0.0,0.0,0.0,0.0,0.0,0,0,0.0,0.0,,,,MUESTRA INSUFICIENTE,Menos de 30 trades
USDCHF,LONG,RF_ACTUAL,ML_ONLY,0.55,0,579,1.1236721626040518,0.0679714671764117,0.0679714671764117,39.355479495142376,31.315402305560475,14,3,60.0,20.842201214718763,-0.0561360436788536,0.1874787295065645,42.284450477756856,MIXTO,CI95 de expectancy cruza cero; VENTAJA NO CONFIRMADA
USDCHF,LONG,RF_ACTUAL,ML_ONLY,0.55,1,579,0.8543975064019357,-0.07145038534790318,-0.07145038534790318,-41.369773116435944,55.06105754475718,14,2,40.0,22.08600792688579,-0.19482041301806458,0.04785470288218657,68.875610007426,NO APTO,Expectancy o PF no superan 2 bps
USDCHF,LONG,RF_ACTUAL,ML_ONLY,0.55,2,579,0.6640917350320602,-0.21087223787221807,-0.21087223787221807,-122.09502572801426,76.78937497513373,14,1,20.0,23.4796216150279,-0.3325337706673981,-0.09032555274025605,85.44893361986202,NO APTO,Expectancy o PF no superan 2 bps
USDCHF,LONG,RF_ACTUAL,ML_ONLY,0.55,5,579,0.34284083246828234,-0.6291377954451627,-0.6291377954451627,-364.2707835627492,97.70139383049188,14,0,0.0,28.327270050269004,-0.7457804876880569,-0.5048663196075839,98.6755995734865,NO APTO,Expectancy o PF no superan 2 bps
USDCHF,LONG,RF_ACTUAL,ML_ONLY,0.6,0,302,1.1157533912847561,0.07404689025373852,0.07404689025373852,22.362160856629032,23.674472790121165,12,4,80.0,14.366195193289634,-0.09163769653566384,0.23787012426319062,34.11064231425832,MIXTO,CI95 de expectancy cruza cero; VENTAJA NO CONFIRMADA
USDCHF,LONG,RF_ACTUAL,ML_ONLY,0.6,1,302,0.891531215978046,-0.05998655435472963,-0.05998655435472963,-18.11593941512835,35.88015075248587,12,3,60.0,14.814310622706405,-0.22286077576598357,0.10517745981521139,51.53641656896857,NO APTO,Expectancy o PF no superan 2 bps
USDCHF,LONG,RF_ACTUAL,ML_ONLY,0.6,2,302,0.7247233695126131,-0.1940199989631978,-0.1940199989631978,-58.594039686885736,51.389237296324,12,1,20.0,15.753410650357779,-0.3547166504087472,-0.027515204632767864,66.39027878146767,NO APTO,Expectancy o PF no superan 2 bps
USDCHF,LONG,RF_ACTUAL,ML_ONLY,0.6,5,302,0.4154167053176665,-0.5961203327886023,-0.5961203327886023,-180.0283405021579,84.91594052356321,12,0,0.0,20.689801081396855,-0.7534442230733082,-0.4256102896438645,89.86677630142509,NO APTO,Expectancy o PF no superan 2 bps
USDCHF,LONG,RF_ACTUAL,ML_ONLY,0.65,0,146,0.7537479095096352,-0.168553504790981,-0.168553504790981,-24.608811699483226,27.80170063856587,10,2,40.0,7.352532306883523,-0.3790355175154437,0.08904109589040922,43.570034627912634,NO APTO,Expectancy o PF no superan 2 bps
USDCHF,LONG,RF_ACTUAL,ML_ONLY,0.65,1,146,0.6321189825189643,-0.2908011097571282,-0.2908011097571282,-42.456962024540715,36.855133811674264,10,1,20.0,9.59133841385766,-0.5014375806986813,-0.034811491434814074,51.964294511498494,NO APTO,Expectancy o PF no superan 2 bps
USDCHF,LONG,RF_ACTUAL,ML_ONLY,0.65,2,146,0.5356769831980791,-0.4130487147232753,-0.4130487147232753,-60.3051123495982,46.98142790556508,10,0,0.0,12.019838945454449,-0.6257387859336484,-0.16125124604618146,59.828923760574554,NO APTO,Expectancy o PF no superan 2 bps
USDCHF,LONG,RF_ACTUAL,ML_ONLY,0.65,5,146,0.3377076419294645,-0.779791529621717,-0.779791529621717,-113.84956332477068,68.94817641910036,12,0,0.0,19.728585406767206,-0.9998418484616236,-0.5307480760453718,76.40464318958216,NO APTO,Expectancy o PF no superan 2 bps
USDCHF,LONG,RF_ACTUAL,BASE_PLUS_ML,0.55,0,32,0.7651764992234221,-0.1562500000000034,-0.1562500000000034,-5.000000000000108,9.69646513947987,4,2,40.0,2.190890230020745,-0.6250000000000033,0.3124999999999912,18.306757175851043,NO APTO,Expectancy o PF no superan 2 bps
USDCHF,LONG,RF_ACTUAL,BASE_PLUS_ML,0.55,1,32,0.6097810677910269,-0.3068433897420321,-0.3068433897420321,-9.818988471745028,12.896255831668213,4,1,20.0,2.3355068565223425,-0.7735753319879851,0.154328085966957,21.840332239991742,NO APTO,Expectancy o PF no superan 2 bps
USDCHF,LONG,RF_ACTUAL,BASE_PLUS_ML,0.55,2,32,0.49047218700201917,-0.45743677948406086,-0.45743677948406086,-14.637976943489948,15.987199112248993,4,1,20.0,2.7294095522344906,-0.9221506639759657,-0.0038438280660794085,25.206027819473327,NO APTO,Expectancy o PF no superan 2 bps
USDCHF,LONG,RF_ACTUAL,BASE_PLUS_ML,0.55,5,32,0.2572714324120874,-0.9092169487101469,-0.9092169487101469,-29.0949423587247,25.55434619999589,4,0,0.0,4.634423468496151,-1.3678766599399073,-0.47835957016518843,34.6049613515599,NO APTO,Expectancy o PF no superan 2 bps
USDCHF,LONG,RF_ACTUAL,BASE_PLUS_ML,0.6,0,8,0.2865688433719625,-0.625000000000012,-0.625000000000012,-5.000000000000096,5.851985059900114,6,0,0.0,0.4714045207910138,-1.0000000000000293,0.12499999999999332,7.725530557208163,MUESTRA INSUFICIENTE,Menos de 30 trades
USDCHF,LONG,RF_ACTUAL,BASE_PLUS_ML,0.6,1,8,0.23472012661596214,-0.7703303643536287,-0.7703303643536287,-6.162642914829029,6.689059046244966,6,0,0.0,0.6392415916258399,-1.1557817344987948,-0.009265010571394876,8.864182851652474,MUESTRA INSUFICIENTE,Menos de 30 trades
USDCHF,LONG,RF_ACTUAL,BASE_PLUS_ML,0.6,2,8,0.19460023553039044,-0.9156607287072452,-0.9156607287072452,-7.325285829657962,7.51994137698913,6,0,0.0,0.8257446957043305,-1.31156346899759,-0.14353002114276006,9.990541145849837,MUESTRA INSUFICIENTE,Menos de 30 trades
USDCHF,LONG,RF_ACTUAL,BASE_PLUS_ML,0.6,5,8,0.11468939537874913,-1.351651821768095,-1.351651821768095,-10.81321457414476,10.353772946891775,6,0,0.0,1.4221213630371188,-1.7789086724939747,-0.5463250528568556,13.296985309044258,MUESTRA INSUFICIENTE,Menos de 30 trades
USDCHF,LONG,RF_ACTUAL,BASE_PLUS_ML,0.65,0,4,0.0,-1.0000000000000144,-1.0000000000000144,-4.000000000000058,3.9403990000000477,4,0,0.0,0.0,-1.000000000000037,-0.9999999999999802,3.9403990000001388,MUESTRA INSUFICIENTE,Menos de 30 trades
USDCHF,LONG,RF_ACTUAL,BASE_PLUS_ML,0.65,1,4,0.0,-1.1357025886439638,-1.1357025886439638,-4.542810354575855,4.466007935814536,4,0,0.0,0.0,-1.1466839853230288,-1.1257880525890027,4.50432273626692,MUESTRA INSUFICIENTE,Menos de 30 trades
USDCHF,LONG,RF_ACTUAL,BASE_PLUS_ML,0.65,2,4,0.0,-1.271405177287913,-1.271405177287913,-5.085620709151652,4.98946198159922,4,0,0.0,0.0,-1.2933679706460741,-1.251576105177971,5.065761616721431,MUESTRA INSUFICIENTE,Menos de 30 trades
USDCHF,LONG,RF_ACTUAL,BASE_PLUS_ML,0.65,5,4,0.0,-1.678512943219761,-1.678512943219761,-6.714051772879044,6.5469535805999275,4,0,0.0,0.0,-1.7334199266152095,-1.6289402629448764,6.73524212107419,MUESTRA INSUFICIENTE,Menos de 30 trades
USDCHF,SHORT,LOGISTIC,ML_ONLY,0.55,0,264,1.045812717638697,0.043123438818247296,0.043123438818247296,11.384587848017286,14.474067616301344,11,2,40.0,11.74339754644624,-0.1324588446634416,0.2052116495388308,34.94939253091568,MIXTO,CI95 de expectancy cruza cero; VENTAJA NO CONFIRMADA
USDCHF,SHORT,LOGISTIC,ML_ONLY,0.55,1,264,0.9150536071384513,-0.058446640991149164,-0.058446640991149164,-15.42991322166338,30.68465618065866,11,1,20.0,9.310402814216594,-0.233466111328162,0.10499423166980541,47.725941066764854,NO APTO,Expectancy o PF no superan 2 bps
USDCHF,SHORT,LOGISTIC,ML_ONLY,0.55,2,264,0.8085190344390286,-0.16001672080054563,-0.16001672080054563,-42.24441429134405,46.063127175880865,11,1,20.0,7.0347748485585875,-0.3347030892288399,0.004793197580648231,58.7128065894041,NO APTO,Expectancy o PF no superan 2 bps
USDCHF,SHORT,LOGISTIC,ML_ONLY,0.55,5,264,0.5806883809353314,-0.46472696022873505,-0.46472696022873505,-122.68791750038605,74.66952578946137,11,0,0.0,4.697965395553482,-0.642788358003885,-0.2962899113671565,81.18301986075187,NO APTO,Expectancy o PF no superan 2 bps
USDCHF,SHORT,LOGISTIC,ML_ONLY,0.6,0,117,1.262268508958655,0.1770062090112617,0.1770062090112617,20.70972645431762,8.876648805140313,6,3,75.0,11.242020904356307,-0.053763021757969244,0.426243508286873,18.436907897195535,MIXTO,CI95 de expectancy cruza cero; VENTAJA NO CONFIRMADA
USDCHF,SHORT,LOGISTIC,ML_ONLY,0.6,1,117,1.1192674573552845,0.09328505948902412,0.09328505948902412,10.914351960215821,10.784850062246893,6,3,75.0,8.855758228827375,-0.14151669999635,0.34508869928752123,22.467964027237066,MIXTO,CI95 de expectancy cruza cero; VENTAJA NO CONFIRMADA
USDCHF,SHORT,LOGISTIC,ML_ONLY,0.6,2,117,0.9985957682049965,0.009563909966786478,0.009563909966786478,1.118977466114018,15.796021890446646,6,3,75.0,6.804544580138978,-0.22678845097772954,0.26270249886351255,27.34783746693354,NO APTO,Expectancy o PF no superan 2 bps
USDCHF,SHORT,LOGISTIC,ML_ONLY,0.6,5,117,0.7278145867400315,-0.2415995385999263,-0.2415995385999263,-28.26714601619138,33.8599909345356,6,1,25.0,6.704451238038502,-0.4763332737650057,0.012535214302835388,43.24493793489105,NO APTO,Expectancy o PF no superan 2 bps
USDCHF,SHORT,LOGISTIC,ML_ONLY,0.65,0,75,1.4491219776481987,0.2761296860575687,0.2761296860575687,20.709726454317654,3.997641991719162,4,1,50.0,13.51562724240523,-0.050961083002732735,0.619918945181812,13.232027036792907,MIXTO,Pocos folds positivos
USDCHF,SHORT,LOGISTIC,ML_ONLY,0.65,1,75,1.2912103256915402,0.19749612896101654,0.19749612896101654,14.812209672076241,4.636029085519349,4,1,50.0,11.27468426592779,-0.13009332767036633,0.5389851308940471,15.374265164393584,MIXTO,Pocos folds positivos
USDCHF,SHORT,LOGISTIC,ML_ONLY,0.65,2,75,1.1563141427036767,0.11886257186446436,0.11886257186446436,8.914692889834827,5.62595858391257,4,1,50.0,9.03374128945035,-0.2091703746977159,0.4542964539982593,18.429226897983018,MIXTO,Pocos folds positivos
USDCHF,SHORT,LOGISTIC,ML_ONLY,0.65,5,75,0.8479870707223501,-0.11703809942519226,-0.11703809942519226,-8.77785745688942,16.702858793235016,4,0,0.0,2.3109123600180363,-0.4403357461355714,0.20315832505586254,29.084920898817746,NO APTO,Expectancy o PF no superan 2 bps
USDCHF,SHORT,LOGISTIC,BASE_PLUS_ML,0.55,0,35,0.5977821201722685,-0.31428571428571583,-0.31428571428571583,-11.000000000000055,15.806114585144607,10,0,0.0,1.299038105676667,-0.7428571428571449,0.1142857142857124,22.242201745052856,NO APTO,Expectancy o PF no superan 2 bps
USDCHF,SHORT,LOGISTIC,BASE_PLUS_ML,0.55,1,35,0.5301548225723085,-0.4020409499962135,-0.4020409499962135,-14.071433249867471,18.09311836602537,10,0,0.0,1.3907078635721077,-0.8353115800797,0.024532901820445294,24.22365150381996,NO APTO,Expectancy o PF no superan 2 bps
USDCHF,SHORT,LOGISTIC,BASE_PLUS_ML,0.55,2,35,0.4727010404711054,-0.48979618570671124,-0.48979618570671124,-17.142866499734893,20.320179492331555,10,0,0.0,1.8705759911919255,-0.927766017302258,-0.0652199106448218,26.161778291001237,NO APTO,Expectancy o PF no superan 2 bps
USDCHF,SHORT,LOGISTIC,BASE_PLUS_ML,0.55,5,35,0.34236532247602686,-0.7530618928382043,-0.7530618928382043,-26.35716624933715,26.656663744547775,10,0,0.0,4.013043727797797,-1.2051293289699323,-0.3344783480406234,32.446569122446604,NO APTO,Expectancy o PF no superan 2 bps
USDCHF,SHORT,LOGISTIC,BASE_PLUS_ML,0.6,0,20,0.8492337026545038,-0.09999999999999956,-0.09999999999999956,-1.9999999999999911,8.70271276718735,6,1,33.33333333333333,1.2472191289246617,-0.5500000000000036,0.5000000000000022,12.247897700103147,MUESTRA INSUFICIENTE,Menos de 30 trades
USDCHF,SHORT,LOGISTIC,BASE_PLUS_ML,0.6,1,20,0.7622329876797534,-0.17661935737685597,-0.17661935737685597,-3.5323871475371194,9.8470847209233,6,0,0.0,0.7630229795850395,-0.6352629426059521,0.42974280706479356,13.136347179401117,MUESTRA INSUFICIENTE,Menos de 30 trades
USDCHF,SHORT,LOGISTIC,BASE_PLUS_ML,0.6,2,20,0.6870126586214442,-0.2532387147537124,-0.2532387147537124,-5.064774295074248,10.978102578439572,6,0,0.0,0.4890688294368895,-0.7205258852119049,0.3594856141295878,14.18164597801224,MUESTRA INSUFICIENTE,Menos de 30 trades
USDCHF,SHORT,LOGISTIC,BASE_PLUS_ML,0.6,5,20,0.5119291019128245,-0.4830967868842815,-0.4830967868842815,-9.66193573768563,14.292467650589655,6,0,0.0,1.7297848195595789,-0.9763147130297632,0.14871403532397057,17.707010743051004,MUESTRA INSUFICIENTE,Menos de 30 trades
USDCHF,SHORT,LOGISTIC,BASE_PLUS_ML,0.65,0,12,0.9854648331519861,-1.96139401017111e-15,-1.96139401017111e-15,-2.353672812205332e-14,4.929334513487029,4,1,50.0,2.0000000000000138,-0.7499999999999999,0.7499999999999997,8.648275251635914,MUESTRA INSUFICIENTE,Menos de 30 trades
USDCHF,SHORT,LOGISTIC,BASE_PLUS_ML,0.65,1,12,0.8966605648998596,-0.06542606240664639,-0.06542606240664639,-0.7851127488797567,5.4834761395564495,4,1,50.0,1.769564182731992,-0.8160522424202757,0.6931147570503275,9.238839544347119,MUESTRA INSUFICIENTE,Menos de 30 trades
USDCHF,SHORT,LOGISTIC,BASE_PLUS_ML,0.65,2,12,0.8184510413752206,-0.13085212481329087,-0.13085212481329087,-1.5702254977594903,6.03480470469116,4,1,50.0,1.5391283654639702,-0.8821044848405518,0.6362295141006569,9.826030516555246,MUESTRA INSUFICIENTE,Menos de 30 trades
USDCHF,SHORT,LOGISTIC,BASE_PLUS_ML,0.65,5,12,0.6311866208882038,-0.32713031203322424,-0.32713031203322424,-3.925563744398691,7.672033596730414,4,0,0.0,0.8478209136599045,-1.0802612121013795,0.46557378525164356,11.567530685915761,MUESTRA INSUFICIENTE,Menos de 30 trades
USDCHF,SHORT,RF_SIMPLE,ML_ONLY,0.55,0,235,1.1392607992571702,0.10637669808657098,0.10637669808657098,24.99852405034418,15.294600715213091,11,3,60.0,13.352641908532227,-0.06419161829032016,0.29258733226830147,27.387595264676158,MIXTO,CI95 de expectancy cruza cero; VENTAJA NO CONFIRMADA
USDCHF,SHORT,RF_SIMPLE,ML_ONLY,0.55,1,235,0.96129857605505,-0.020077454760506864,-0.020077454760506864,-4.718201868719113,31.31058920978559,11,2,40.0,14.007322187651544,-0.1914270002272205,0.16454825000620166,40.34894167860205,NO APTO,Expectancy o PF no superan 2 bps
USDCHF,SHORT,RF_SIMPLE,ML_ONLY,0.55,2,235,0.8215599005110602,-0.14653160760758463,-0.14653160760758463,-34.434927787782385,46.29297392146678,11,1,20.0,14.788421491564248,-0.3207366109916887,0.03564325409015056,53.34813771208865,NO APTO,Expectancy o PF no superan 2 bps
USDCHF,SHORT,RF_SIMPLE,ML_ONLY,0.55,5,235,0.5376527128504089,-0.5258940661488181,-0.5258940661488181,-123.58510554497225,74.56989280580551,11,1,20.0,17.710343156370865,-0.7038916850495233,-0.3408970518448962,80.62148096506012,NO APTO,Expectancy o PF no superan 2 bps
USDCHF,SHORT,RF_SIMPLE,ML_ONLY,0.6,0,66,0.9701460216575168,-0.010923631679099287,-0.010923631679099287,-0.7209596908205529,9.696465139479725,7,2,40.0,4.907137152697118,-0.3112010280746517,0.3693544459491334,19.987314301647732,NO APTO,Expectancy o PF no superan 2 bps
USDCHF,SHORT,RF_SIMPLE,ML_ONLY,0.6,1,66,0.827138374237597,-0.12284843921371297,-0.12284843921371297,-8.107996988105056,13.287518186143496,7,2,40.0,4.851163417598525,-0.4254044251939391,0.2554135219337096,25.072079462121213,NO APTO,Expectancy o PF no superan 2 bps
USDCHF,SHORT,RF_SIMPLE,ML_ONLY,0.6,2,66,0.7109624536580078,-0.23477324674832664,-0.23477324674832664,-15.495034285389558,18.096705732587523,7,1,20.0,4.810029560182486,-0.5395502041766903,0.1414725979182859,29.955345789739514,NO APTO,Expectancy o PF no superan 2 bps
USDCHF,SHORT,RF_SIMPLE,ML_ONLY,0.6,5,66,0.46460471642711126,-0.5705476693521677,-0.5705476693521677,-37.656146177243066,32.1173472188295,8,0,0.0,4.778809092952176,-0.8792262293827523,-0.19975413758014185,43.312004288210716,NO APTO,Expectancy o PF no superan 2 bps
USDCHF,SHORT,RF_SIMPLE,ML_ONLY,0.65,0,22,1.2803541948612673,0.15673905819989223,0.15673905819989223,3.4482592803976293,5.060488561792159,6,3,60.0,2.171907043256548,-0.38372919248881415,0.6593801178579904,8.887603334507398,MUESTRA INSUFICIENTE,Menos de 30 trades
USDCHF,SHORT,RF_SIMPLE,ML_ONLY,0.65,1,22,1.0708616830333202,0.05075475511000133,0.05075475511000133,1.1166046124200293,5.791214305475182,6,3,60.0,2.2516069611210274,-0.4852573750482311,0.5493261091879889,10.574858362689241,MUESTRA INSUFICIENTE,Menos de 30 trades
USDCHF,SHORT,RF_SIMPLE,ML_ONLY,0.65,2,22,0.9027054769916634,-0.05522954797988968,-0.05522954797988968,-1.215050055557573,6.517248512898717,6,3,60.0,2.3420567378955996,-0.5856280348717003,0.4394221389930967,12.319156565434621,MUESTRA INSUFICIENTE,Menos de 30 trades
USDCHF,SHORT,RF_SIMPLE,ML_ONLY,0.65,5,22,0.5546456478981695,-0.37318245724956256,-0.37318245724956256,-8.210014059490376,9.019291695306727,7,2,40.0,2.6663402355993804,-0.8908535236678462,0.11489583370230652,17.667350786269463,MUESTRA INSUFICIENTE,Menos de 30 trades
USDCHF,SHORT,RF_SIMPLE,BASE_PLUS_ML,0.55,0,19,0.7497714003027783,-0.16774040489993447,-0.16774040489993447,-3.187067693098755,6.028105579546718,7,1,33.33333333333333,2.526244624369006,-0.7362101337062734,0.42105263157894174,13.126713154363248,MUESTRA INSUFICIENTE,Menos de 30 trades
USDCHF,SHORT,RF_SIMPLE,BASE_PLUS_ML,0.55,1,19,0.6108268197051977,-0.30490744854743634,-0.30490744854743634,-5.79324152240129,6.882517743281677,7,1,33.33333333333333,2.45882877609635,-0.8687574087126099,0.28206701655123906,14.944284266422756,MUESTRA INSUFICIENTE,Menos de 30 trades
USDCHF,SHORT,RF_SIMPLE,BASE_PLUS_ML,0.55,2,19,0.5027570453800095,-0.44207449219493805,-0.44207449219493805,-8.399415351703823,8.222152525822333,7,0,0.0,2.502734234529702,-1.001304683718946,0.1430814015235339,17.049384108793326,MUESTRA INSUFICIENTE,Menos de 30 trades
USDCHF,SHORT,RF_SIMPLE,BASE_PLUS_ML,0.55,5,19,0.2861695329261083,-0.8535756231374436,-0.8535756231374436,-16.21793683961143,15.168481540838696,7,0,0.0,3.200105255674792,-1.4138067999528594,-0.27387544355958177,23.022562319462388,MUESTRA INSUFICIENTE,Menos de 30 trades
USDCHF,SHORT,RF_SIMPLE,BASE_PLUS_ML,0.6,0,0,0.0,0.0,0.0,0.0,0.0,0,0,0.0,0.0,,,,MUESTRA INSUFICIENTE,Menos de 30 trades
USDCHF,SHORT,RF_SIMPLE,BASE_PLUS_ML,0.6,1,0,0.0,0.0,0.0,0.0,0.0,0,0,0.0,0.0,,,,MUESTRA INSUFICIENTE,Menos de 30 trades
USDCHF,SHORT,RF_SIMPLE,BASE_PLUS_ML,0.6,2,0,0.0,0.0,0.0,0.0,0.0,0,0,0.0,0.0,,,,MUESTRA INSUFICIENTE,Menos de 30 trades
USDCHF,SHORT,RF_SIMPLE,BASE_PLUS_ML,0.6,5,0,0.0,0.0,0.0,0.0,0.0,0,0,0.0,0.0,,,,MUESTRA INSUFICIENTE,Menos de 30 trades
USDCHF,SHORT,RF_SIMPLE,BASE_PLUS_ML,0.65,0,0,0.0,0.0,0.0,0.0,0.0,0,0,0.0,0.0,,,,MUESTRA INSUFICIENTE,Menos de 30 trades
USDCHF,SHORT,RF_SIMPLE,BASE_PLUS_ML,0.65,1,0,0.0,0.0,0.0,0.0,0.0,0,0,0.0,0.0,,,,MUESTRA INSUFICIENTE,Menos de 30 trades
USDCHF,SHORT,RF_SIMPLE,BASE_PLUS_ML,0.65,2,0,0.0,0.0,0.0,0.0,0.0,0,0,0.0,0.0,,,,MUESTRA INSUFICIENTE,Menos de 30 trades
USDCHF,SHORT,RF_SIMPLE,BASE_PLUS_ML,0.65,5,0,0.0,0.0,0.0,0.0,0.0,0,0,0.0,0.0,,,,MUESTRA INSUFICIENTE,Menos de 30 trades
USDCHF,SHORT,RF_ACTUAL,ML_ONLY,0.55,0,389,1.3238995200658055,0.23069098113483502,0.23069098113483502,89.73879166145082,16.747364556498567,11,4,80.0,17.821551095793982,0.08241082569839868,0.3718045775248601,21.737773395945997,CANDIDATO A FORWARD TEST,Cumple filtros descriptivos minimos; no validado
USDCHF,SHORT,RF_ACTUAL,ML_ONLY,0.55,1,389,1.1074387202643197,0.09365953351898676,0.09365953351898676,36.43355853888585,23.396029436737898,11,3,60.0,17.565693774715033,-0.05436898211383911,0.23551956642924302,35.45939910940438,MIXTO,CI95 de expectancy cruza cero; VENTAJA NO CONFIRMADA
USDCHF,SHORT,RF_ACTUAL,ML_ONLY,0.55,2,389,0.9373101040476773,-0.04337191409686151,-0.04337191409686151,-16.871674583679127,38.07280865371243,11,3,60.0,17.59501556872283,-0.19126714730428337,0.09802186537463342,56.63289653986826,NO APTO,Expectancy o PF no superan 2 bps
USDCHF,SHORT,RF_ACTUAL,ML_ONLY,0.55,5,389,0.5882339562945755,-0.4544662569444063,-0.4544662569444063,-176.78737395137404,84.59376389857557,11,0,0.0,19.318070881690684,-0.6046125130597393,-0.3150654624473316,90.67972126177263,NO APTO,Expectancy o PF no superan 2 bps
USDCHF,SHORT,RF_ACTUAL,ML_ONLY,0.6,0,158,1.3624030191888017,0.25386915913611774,0.25386915913611774,40.11132714350661,12.993470558077705,11,4,80.0,12.129206324632765,0.01613139369841133,0.485941450927251,17.164909137278094,CANDIDATO A FORWARD TEST,Cumple filtros descriptivos minimos; no validado
USDCHF,SHORT,RF_ACTUAL,ML_ONLY,0.6,1,158,1.1423423237244408,0.1192619050104924,0.1192619050104924,18.8433809916578,17.335421459990965,11,3,60.0,12.096130713943616,-0.11637145821585326,0.3534796333948024,24.970489485838602,MIXTO,CI95 de expectancy cruza cero; VENTAJA NO CONFIRMADA
USDCHF,SHORT,RF_ACTUAL,ML_ONLY,0.6,2,158,0.9692786005925674,-0.015345349115133008,-0.015345349115133008,-2.4245651601910154,24.27217207658494,11,2,40.0,12.259825127476514,-0.2493251485304629,0.22067943342198082,36.09766375222217,NO APTO,Expectancy o PF no superan 2 bps
USDCHF,SHORT,RF_ACTUAL,ML_ONLY,0.6,5,158,0.6136019364571349,-0.4191671114920092,-0.4191671114920092,-66.22840361573745,55.663797929545154,11,1,20.0,13.820033437874255,-0.6557527275823279,-0.18715030870743238,64.76542123430325,NO APTO,Expectancy o PF no superan 2 bps
USDCHF,SHORT,RF_ACTUAL,ML_ONLY,0.65,0,48,1.3663266695454175,0.23498000644124342,0.23498000644124342,11.279040309179685,9.561792499119427,10,4,80.0,4.765158693444982,-0.14001999355876277,0.6478614264851374,12.472487043438655,MIXTO,CI95 de expectancy cruza cero; VENTAJA NO CONFIRMADA
USDCHF,SHORT,RF_ACTUAL,ML_ONLY,0.65,1,48,1.1462990393096186,0.11123629569824404,0.11123629569824404,5.339342193515714,11.256584784062653,10,3,60.0,4.946094102022068,-0.26437534546110575,0.5236132776999842,15.713982554287748,MIXTO,CI95 de expectancy cruza cero; VENTAJA NO CONFIRMADA
USDCHF,SHORT,RF_ACTUAL,ML_ONLY,0.65,2,48,0.9700023928081869,-0.012507415044755263,-0.012507415044755263,-0.6003559221482526,13.690816714550525,10,3,60.0,5.172554953347272,-0.3888450123705434,0.3995320819790012,19.3041568029943,NO APTO,Expectancy o PF no superan 2 bps
USDCHF,SHORT,RF_ACTUAL,ML_ONLY,0.65,5,48,0.6019659286413802,-0.3837385472737534,-0.3837385472737534,-18.419450269140164,21.571986394384012,10,3,60.0,6.069264263928318,-0.7629662106452493,0.03713861619809269,30.6587176628017,NO APTO,Expectancy o PF no superan 2 bps
USDCHF,SHORT,RF_ACTUAL,BASE_PLUS_ML,0.55,0,47,1.4389262396859133,0.276595744680845,0.276595744680845,12.999999999999716,6.793465209301022,7,4,80.0,4.630334761116095,-0.17021276595745094,0.69308510638297,13.203061456631923,MIXTO,CI95 de expectancy cruza cero; VENTAJA NO CONFIRMADA
USDCHF,SHORT,RF_ACTUAL,BASE_PLUS_ML,0.55,1,47,1.1768614097415016,0.13254866903272544,0.13254866903272544,6.229787444538095,7.650496307426997,7,3,60.0,4.38705475471106,-0.3084771141891315,0.5478509340266209,16.369678219170126,MIXTO,CI95 de expectancy cruza cero; VENTAJA NO CONFIRMADA
USDCHF,SHORT,RF_ACTUAL,BASE_PLUS_ML,0.55,2,47,0.9709607951973106,-0.011498406615394299,-0.011498406615394299,-0.5404251109235321,8.500779611218858,7,3,60.0,4.14864315549646,-0.4467414624208082,0.40261676167027144,20.65005671885614,NO APTO,Expectancy o PF no superan 2 bps
USDCHF,SHORT,RF_ACTUAL,BASE_PLUS_ML,0.55,5,47,0.5515052485228175,-0.44363963355975305,-0.44363963355975305,-20.851062777308393,19.70678593145724,7,0,0.0,3.472557991449926,-0.8615345071158386,-0.03308575539877718,33.25697090128739,NO APTO,Expectancy o PF no superan 2 bps
USDCHF,SHORT,RF_ACTUAL,BASE_PLUS_ML,0.6,0,15,1.7098598224014079,0.40000000000000335,0.40000000000000335,6.000000000000051,1.9900000000000373,2,4,80.0,0.7483314773548007,-0.40000000000000074,1.2000000000000028,6.793465209301017,MUESTRA INSUFICIENTE,Menos de 30 trades
USDCHF,SHORT,RF_ACTUAL,BASE_PLUS_ML,0.6,1,15,1.3826973594921514,0.2512754883354206,0.2512754883354206,3.76913232503131,2.274795010914441,2,4,80.0,0.9377184048222507,-0.54544578701122,1.0493490587158683,7.82901813611019,MUESTRA INSUFICIENTE,Menos de 30 trades
USDCHF,SHORT,RF_ACTUAL,BASE_PLUS_ML,0.6,2,15,1.129319334038382,0.10255097667083803,0.10255097667083803,1.5382646500625703,2.5591759715182802,2,2,40.0,1.1605937801799653,-0.6908915740224332,0.8986981174317338,9.278893374759543,MUESTRA INSUFICIENTE,Menos de 30 trades
USDCHF,SHORT,RF_ACTUAL,BASE_PLUS_ML,0.6,5,15,0.6242273798150506,-0.3436225583229103,-0.3436225583229103,-5.154338374843654,7.598175525283662,2,2,40.0,1.9078894424962183,-1.1272289350560725,0.44674529357933035,14.432844850738345,MUESTRA INSUFICIENTE,Menos de 30 trades
USDCHF,SHORT,RF_ACTUAL,BASE_PLUS_ML,0.65,0,1,0.0,-1.0000000000000324,-1.0000000000000324,-1.0000000000000324,1.000000000000034,1,0,0.0,0.0,-1.0000000000000324,-1.0000000000000324,1.000000000000034,MUESTRA INSUFICIENTE,Menos de 30 trades
USDCHF,SHORT,RF_ACTUAL,BASE_PLUS_ML,0.65,1,1,0.0,-1.1660429368977563,-1.1660429368977563,-1.1660429368977563,1.1660429368977587,1,0,0.0,0.0,-1.1660429368977563,-1.1660429368977563,1.1660429368977587,MUESTRA INSUFICIENTE,Menos de 30 trades
USDCHF,SHORT,RF_ACTUAL,BASE_PLUS_ML,0.65,2,1,0.0,-1.3320858737954802,-1.3320858737954802,-1.3320858737954802,1.3320858737954835,1,0,0.0,0.0,-1.3320858737954802,-1.3320858737954802,1.3320858737954835,MUESTRA INSUFICIENTE,Menos de 30 trades
USDCHF,SHORT,RF_ACTUAL,BASE_PLUS_ML,0.65,5,1,0.0,-1.8302146844886518,-1.8302146844886518,-1.8302146844886518,1.8302146844886464,1,0,0.0,0.0,-1.8302146844886518,-1.8302146844886518,1.8302146844886464,MUESTRA INSUFICIENTE,Menos de 30 trades
