ACTIVO,DIRECCION,MODELO,SISTEMA,THRESHOLD,COST_BPS,TRADES,WIN_RATE,PROFIT_FACTOR,EXPECTANCY_R,AVERAGE_R,R_TOTAL,MAX_DRAWDOWN_PCT,CAPITAL_FINAL
AUDUSD,LONG,LOGISTIC,ML_ONLY,0.55,0,272,35.294117647058826,1.0486086520785614,0.04072844264532783,0.04072844264532783,11.07813639952917,17.923138287354803,1087.1295477562778
AUDUSD,LONG,LOGISTIC,ML_ONLY,0.55,1,272,34.92647058823529,0.8899240567836059,-0.06798955972522709,-0.06798955972522709,-18.49316024526177,30.676489393698315,808.7679197492232
AUDUSD,LONG,LOGISTIC,ML_ONLY,0.55,2,272,34.92647058823529,0.7624821139843379,-0.17670756209578203,-0.17670756209578203,-48.06445689005271,45.570552341209094,601.4706658369244
AUDUSD,LONG,LOGISTIC,ML_ONLY,0.55,5,272,34.55882352941176,0.4977587062608327,-0.5028615692074467,-0.5028615692074467,-136.7783468244255,75.47824870946589,246.87079338453964
AUDUSD,LONG,LOGISTIC,ML_ONLY,0.6,0,109,31.19266055045872,0.8947226901725746,-0.06740973856761429,-0.06740973856761429,-7.347661503869958,18.61308421576375,919.690733854854
AUDUSD,LONG,LOGISTIC,ML_ONLY,0.6,1,109,31.19266055045872,0.7880255077876955,-0.15991383322061534,-0.15991383322061534,-17.430607821047072,22.972819818860987,831.3093121709938
AUDUSD,LONG,LOGISTIC,ML_ONLY,0.6,2,109,31.19266055045872,0.6983195208218365,-0.2524179278736164,-0.2524179278736164,-27.513554138224187,28.40627582873745,751.3427206360448
AUDUSD,LONG,LOGISTIC,ML_ONLY,0.6,5,109,31.19266055045872,0.4975448579217754,-0.5299302118326195,-0.5299302118326195,-57.76239308975553,45.337204897054825,554.3588584280584
AUDUSD,LONG,LOGISTIC,ML_ONLY,0.65,0,46,36.95652173913043,1.1901765747803217,0.12704285915188648,0.12704285915188648,5.843971520986778,7.049773210949317,1055.140313681715
AUDUSD,LONG,LOGISTIC,ML_ONLY,0.65,1,46,36.95652173913043,1.0604472148150024,0.05045298985960006,0.05045298985960006,2.320837533541603,8.26989258957398,1018.6254614973857
AUDUSD,LONG,LOGISTIC,ML_ONLY,0.65,2,46,36.95652173913043,0.9488484965102096,-0.02613687943268628,-0.02613687943268628,-1.202296453903569,9.474918078341032,983.3439614945629
AUDUSD,LONG,LOGISTIC,ML_ONLY,0.65,5,46,36.95652173913043,0.6913380674050111,-0.2559064873095455,-0.2559064873095455,-11.771698416239094,14.003302894963396,884.4996822460828
AUDUSD,LONG,LOGISTIC,BASE_PLUS_ML,0.55,0,14,35.714285714285715,1.0936971969277187,0.0714285714285654,0.0714285714285654,0.9999999999999156,4.929334513487097,1008.5968563387904
AUDUSD,LONG,LOGISTIC,BASE_PLUS_ML,0.55,1,14,35.714285714285715,0.9604905707707354,-0.017828022156519525,-0.017828022156519525,-0.24959231019127337,5.722041309761386,996.0679042013683
AUDUSD,LONG,LOGISTIC,BASE_PLUS_ML,0.55,2,14,35.714285714285715,0.8477853521257389,-0.10708461574160441,-0.10708461574160441,-1.4991846203824617,6.50900798481715,983.6820551378729
AUDUSD,LONG,LOGISTIC,BASE_PLUS_ML,0.55,5,14,35.714285714285715,0.5942299504358691,-0.374854396496859,-0.374854396496859,-5.247961550956026,8.835819965282903,947.3682636072275
AUDUSD,LONG,LOGISTIC,BASE_PLUS_ML,0.6,0,7,42.857142857142854,1.473028339642966,0.2857142857142886,0.2857142857142886,2.00000000000002,1.9900000000000109,1019.3921705800802
AUDUSD,LONG,LOGISTIC,BASE_PLUS_ML,0.6,1,7,42.857142857142854,1.3269452964250783,0.2162171476215689,0.2162171476215689,1.5135200333509824,2.1812569124313064,1014.4434549950832
AUDUSD,LONG,LOGISTIC,BASE_PLUS_ML,0.6,2,7,42.857142857142854,1.2009829427521486,0.14672000952884917,0.14672000952884917,1.0270400667019441,2.3723272882137434,1009.5148486572368
AUDUSD,LONG,LOGISTIC,BASE_PLUS_ML,0.6,5,7,42.857142857142854,0.9092121026233186,-0.061771404749309866,-0.061771404749309866,-0.43239983324516906,2.9444191956678814,994.849022821788
AUDUSD,LONG,LOGISTIC,BASE_PLUS_ML,0.65,0,3,66.66666666666666,3.999599999999899,0.9999999999999961,0.9999999999999961,2.9999999999999885,1.000000000000034,1029.9959999999999
AUDUSD,LONG,LOGISTIC,BASE_PLUS_ML,0.65,1,3,66.66666666666666,3.6785231625417762,0.9543869601084741,0.9543869601084741,2.8631608803254225,1.067533387174865,1028.5941290433454
AUDUSD,LONG,LOGISTIC,BASE_PLUS_ML,0.65,2,3,66.66666666666666,3.3957576557456073,0.9087739202169521,0.9087739202169521,2.7263217606508565,1.135066774349707,1027.1934491443076
AUDUSD,LONG,LOGISTIC,BASE_PLUS_ML,0.65,5,3,66.66666666666666,2.7193032384598026,0.7719348005423864,0.7719348005423864,2.315804401627159,1.3376669358742106,1022.9985509482913
AUDUSD,LONG,RF_SIMPLE,ML_ONLY,0.55,0,293,34.129692832764505,1.014091640758133,0.019191374563226393,0.019191374563226393,5.623072747025334,14.981014508078916,1027.3673894275685
AUDUSD,LONG,RF_SIMPLE,ML_ONLY,0.55,1,293,34.129692832764505,0.8237208747617436,-0.12566462030786296,-0.12566462030786296,-36.819733750203845,34.46696754343767,671.7890911924288
AUDUSD,LONG,RF_SIMPLE,ML_ONLY,0.55,2,293,34.129692832764505,0.6830492297505398,-0.2705206151789523,-0.2705206151789523,-79.26254024743302,56.97676516915493,438.9442243572319
AUDUSD,LONG,RF_SIMPLE,ML_ONLY,0.55,5,293,34.129692832764505,0.4187439797329781,-0.7050885997922205,-0.7050885997922205,-206.5909597391206,87.922840888491,121.88215388081773
AUDUSD,LONG,RF_SIMPLE,ML_ONLY,0.6,0,121,38.84297520661157,1.2501300019445485,0.15390969212417485,0.15390969212417485,18.62307274702516,13.151307348322705,1189.4015929092309
AUDUSD,LONG,RF_SIMPLE,ML_ONLY,0.6,1,121,38.84297520661157,1.0287943788950362,0.02912380934012598,0.02912380934012598,3.5239809301552434,15.999322629712601,1022.9095821203848
AUDUSD,LONG,RF_SIMPLE,ML_ONLY,0.6,2,121,38.84297520661157,0.8543067091939102,-0.09566207344392287,-0.09566207344392287,-11.575110886714667,20.235131882369277,879.5146638270661
AUDUSD,LONG,RF_SIMPLE,ML_ONLY,0.6,5,121,38.84297520661157,0.5029626720822538,-0.47001972179606955,-0.47001972179606955,-56.872386337324414,45.18222406584173,558.2638358205173
AUDUSD,LONG,RF_SIMPLE,ML_ONLY,0.65,0,57,33.33333333333333,0.9896762159360262,0.0033148906717994273,0.0033148906717994273,0.18894876829256735,13.254784724088402,996.2509558794549
AUDUSD,LONG,RF_SIMPLE,ML_ONLY,0.65,1,57,33.33333333333333,0.8187660369670829,-0.12043536946037064,-0.12043536946037064,-6.864816059241127,15.501362775666031,928.4048582422552
AUDUSD,LONG,RF_SIMPLE,ML_ONLY,0.65,2,57,33.33333333333333,0.6824029509398389,-0.24418562959254078,-0.24418562959254078,-13.918580886774825,17.692660178899427,865.0786673090815
AUDUSD,LONG,RF_SIMPLE,ML_ONLY,0.65,5,57,33.33333333333333,0.4021549531707315,-0.6154364099890512,-0.6154364099890512,-35.07987536937592,30.616619863921564,699.367667270771
AUDUSD,LONG,RF_SIMPLE,BASE_PLUS_ML,0.55,0,24,37.5,1.1782610013662238,0.12500000000000153,0.12500000000000153,3.000000000000037,6.821240756668674,1027.8493482133367
AUDUSD,LONG,RF_SIMPLE,BASE_PLUS_ML,0.55,1,24,37.5,0.9173283165240035,-0.052601765827134495,-0.052601765827134495,-1.2624423798512279,8.228540178033041,984.9003930513227
AUDUSD,LONG,RF_SIMPLE,BASE_PLUS_ML,0.55,2,24,37.5,0.7289893449768393,-0.23020353165427054,-0.23020353165427054,-5.524884759702493,11.197093934946228,943.6551988136306
AUDUSD,LONG,RF_SIMPLE,BASE_PLUS_ML,0.55,5,24,37.5,0.38497649953199703,-0.7630088291356786,-0.7630088291356786,-18.312211899256287,20.944713131530992,829.5134384760742
AUDUSD,LONG,RF_SIMPLE,BASE_PLUS_ML,0.6,0,5,60.0,2.9361556937676117,0.8000000000000135,0.8000000000000135,4.0000000000000675,1.0000000000000266,1040.0899608000009
AUDUSD,LONG,RF_SIMPLE,BASE_PLUS_ML,0.6,1,5,60.0,2.6192999851080505,0.7125476548552694,0.7125476548552694,3.562738274276347,1.0675333871748687,1035.5984386424682
AUDUSD,LONG,RF_SIMPLE,BASE_PLUS_ML,0.6,2,5,60.0,2.3381648912713784,0.6250953097105251,0.6250953097105251,3.1254765485526255,1.1350667743497065,1031.1205845892887
AUDUSD,LONG,RF_SIMPLE,BASE_PLUS_ML,0.6,5,5,60.0,1.6571302321285,0.36273827427629274,0.36273827427629274,1.8136913713814637,1.3376669358742146,1017.7687441582954
AUDUSD,LONG,RF_SIMPLE,BASE_PLUS_ML,0.65,0,2,50.0,1.9800000000000189,0.5000000000000245,0.5000000000000245,1.000000000000049,1.000000000000034,1009.8000000000004
AUDUSD,LONG,RF_SIMPLE,BASE_PLUS_ML,0.65,1,2,50.0,1.6613050454128548,0.3625510992362886,0.3625510992362886,0.7251021984725772,1.067533387174865,1007.0596521508542
AUDUSD,LONG,RF_SIMPLE,BASE_PLUS_ML,0.65,2,2,50.0,1.3807798099314585,0.22510219847255264,0.22510219847255264,0.4502043969451053,1.135066774349707,1004.3221051059639
AUDUSD,LONG,RF_SIMPLE,BASE_PLUS_ML,0.65,5,2,50.0,0.7104113812428114,-0.1872445038186552,-0.1872445038186552,-0.3744890076373104,1.3376669358742106,996.1262687968302
AUDUSD,LONG,RF_ACTUAL,ML_ONLY,0.55,0,388,34.27835051546392,1.0289465482378035,0.026908338021878215,0.026908338021878215,10.440435152488748,23.77608285079714,1067.9009094645216
AUDUSD,LONG,RF_ACTUAL,ML_ONLY,0.55,1,388,34.27835051546392,0.8092553221716243,-0.12386194106247794,-0.12386194106247794,-48.05843313224144,43.02783503399661,594.792210082591
AUDUSD,LONG,RF_ACTUAL,ML_ONLY,0.55,2,388,34.27835051546392,0.6528060877845704,-0.27463222014683414,-0.27463222014683414,-106.55730141697164,67.51693906053144,330.9377899950721
AUDUSD,LONG,RF_ACTUAL,ML_ONLY,0.55,5,388,34.27835051546392,0.37549962400251774,-0.7269430573999025,-0.7269430573999025,-282.0539062711622,94.41110986845042,56.643754533733805
AUDUSD,LONG,RF_ACTUAL,ML_ONLY,0.6,0,185,38.91891891891892,1.2682111926849056,0.1601247175514896,0.1601247175514896,29.623072747025578,14.07103084206534,1318.5767057717148
AUDUSD,LONG,RF_ACTUAL,ML_ONLY,0.6,1,185,38.91891891891892,1.005916173646537,0.014349069812814584,0.014349069812814584,2.654577915370698,19.544909240476535,1007.1717620935087
AUDUSD,LONG,RF_ACTUAL,ML_ONLY,0.6,2,185,38.91891891891892,0.8105415279858565,-0.13142657792586046,-0.13142657792586046,-24.313916916284185,25.802081845846303,768.939342524086
AUDUSD,LONG,RF_ACTUAL,ML_ONLY,0.6,5,185,38.91891891891892,0.44484509960115526,-0.5687535211418855,-0.5687535211418855,-105.21940141124882,66.19225230306347,341.1862896825765
AUDUSD,LONG,RF_ACTUAL,ML_ONLY,0.65,0,97,37.11340206185567,1.1555687527543117,0.10095641181922205,0.10095641181922205,9.792771946464539,15.881361490671994,1091.9361785517979
AUDUSD,LONG,RF_ACTUAL,ML_ONLY,0.65,1,97,37.11340206185567,0.9339609222996552,-0.03381181584517943,-0.03381181584517943,-3.279746136982405,19.099987642541326,958.3244139205218
AUDUSD,LONG,RF_ACTUAL,ML_ONLY,0.65,2,97,37.11340206185567,0.7610001809832799,-0.168580043509581,-0.168580043509581,-16.35226422042936,24.13621131498677,840.8755295674734
AUDUSD,LONG,RF_ACTUAL,ML_ONLY,0.65,5,97,37.11340206185567,0.41824539796288857,-0.5728847265027858,-0.5728847265027858,-55.569818470770215,45.595234441247506,567.2946266921269
AUDUSD,LONG,RF_ACTUAL,BASE_PLUS_ML,0.55,0,35,31.428571428571427,0.9000356695856226,-0.057142857142848995,-0.057142857142848995,-1.999999999999715,11.440732023907119,976.8920149469752
AUDUSD,LONG,RF_ACTUAL,BASE_PLUS_ML,0.55,1,35,31.428571428571427,0.6821970604540301,-0.24320116421240529,-0.24320116421240529,-8.512040747434185,14.60786602679381,915.2240957235493
AUDUSD,LONG,RF_ACTUAL,BASE_PLUS_ML,0.55,2,35,31.428571428571427,0.5250589008890892,-0.4292594712819616,-0.4292594712819616,-15.024081494868657,17.667806299991344,857.3263747828304
AUDUSD,LONG,RF_ACTUAL,BASE_PLUS_ML,0.55,5,35,31.428571428571427,0.2426307785081492,-0.9874343924906307,-0.9874343924906307,-34.560203737172074,30.40068620043039,704.0873868179731
AUDUSD,LONG,RF_ACTUAL,BASE_PLUS_ML,0.6,0,15,26.666666666666668,0.7149733218201731,-0.19999999999998358,-0.19999999999998358,-2.9999999999997535,5.8519850599,969.1429204878938
AUDUSD,LONG,RF_ACTUAL,BASE_PLUS_ML,0.6,1,15,26.666666666666668,0.5310956403294074,-0.3994680748683935,-0.3994680748683935,-5.992021123025902,6.761845848427998,940.5235760099683
AUDUSD,LONG,RF_ACTUAL,BASE_PLUS_ML,0.6,2,15,26.666666666666668,0.3974181441240336,-0.5989361497368032,-0.5989361497368032,-8.984042246052049,9.124136901189951,912.686381307183
AUDUSD,LONG,RF_ACTUAL,BASE_PLUS_ML,0.6,5,15,26.666666666666668,0.15169506610280953,-1.1973403743420332,-1.1973403743420332,-17.960105615130498,16.632667786064427,833.6733221393557
AUDUSD,LONG,RF_ACTUAL,BASE_PLUS_ML,0.65,0,3,33.33333333333333,0.985172653995424,1.4802973661668755e-15,1.4802973661668755e-15,4.440892098500626e-15,1.0000000000000402,999.702
AUDUSD,LONG,RF_ACTUAL,BASE_PLUS_ML,0.65,1,3,33.33333333333333,0.7604444631764836,-0.17689529013270944,-0.17689529013270944,-0.5306858703981283,1.2557880688707064,994.4131171927329
AUDUSD,LONG,RF_ACTUAL,BASE_PLUS_ML,0.65,2,3,33.33333333333333,0.5907173983490306,-0.35379058026542026,-0.35379058026542026,-1.0613717407962608,1.5115761377413668,989.1410118191204
AUDUSD,LONG,RF_ACTUAL,BASE_PLUS_ML,0.65,5,3,33.33333333333333,0.26340131764073393,-0.8844764506635528,-0.8844764506635528,-2.6534293519906584,2.6574854623482453,973.4251453765175
AUDUSD,SHORT,LOGISTIC,ML_ONLY,0.55,0,670,34.179104477611936,1.010524144355997,0.017283513754880436,0.017283513754880436,11.579954215769892,26.880583643858706,1050.583886618092
AUDUSD,SHORT,LOGISTIC,ML_ONLY,0.55,1,670,33.88059701492537,0.824729476700024,-0.13667508786688917,-0.13667508786688917,-91.57230887081575,65.4773612506569,374.10672531456845
AUDUSD,SHORT,LOGISTIC,ML_ONLY,0.55,2,670,33.88059701492537,0.6902222408165511,-0.2906336894886588,-0.2906336894886588,-194.7245719574014,87.37998952824853,132.9860265975888
AUDUSD,SHORT,LOGISTIC,ML_ONLY,0.55,5,670,33.731343283582085,0.42849587334826045,-0.7525094943539675,-0.7525094943539675,-504.18136121715827,99.42415119807595,5.911313682965262
AUDUSD,SHORT,LOGISTIC,ML_ONLY,0.6,0,297,34.34343434343434,1.0299140425770186,0.032508678186728215,0.032508678186728215,9.65507742145828,20.57418665842268,1068.9187681829658
AUDUSD,SHORT,LOGISTIC,ML_ONLY,0.6,1,297,34.34343434343434,0.8604597827786231,-0.11094944889062405,-0.11094944889062405,-32.951986320515346,36.58324973222163,697.7385075922747
AUDUSD,SHORT,LOGISTIC,ML_ONLY,0.6,2,297,34.34343434343434,0.7304253013621517,-0.25440757596797625,-0.25440757596797625,-75.55905006248895,57.040305469401034,455.14411624662654
AUDUSD,SHORT,LOGISTIC,ML_ONLY,0.6,5,297,34.34343434343434,0.4650682314186669,-0.6847819572000331,-0.6847819572000331,-203.38024128840982,87.74307977950362,125.82209074386449
AUDUSD,SHORT,LOGISTIC,ML_ONLY,0.65,0,143,35.66433566433567,1.0946786998898832,0.07451103091929152,0.07451103091929152,10.655077421458687,12.300190160336113,1096.253263161212
AUDUSD,SHORT,LOGISTIC,ML_ONLY,0.65,1,143,35.66433566433567,0.9164965207213226,-0.053617006940789025,-0.053617006940789025,-7.66723199253283,19.397207988767548,912.6671915475151
AUDUSD,SHORT,LOGISTIC,ML_ONLY,0.65,2,143,35.66433566433567,0.7740873925439198,-0.18174504480086953,-0.18174504480086953,-25.989541406524342,26.897286708533784,759.638882124812
AUDUSD,SHORT,LOGISTIC,ML_ONLY,0.65,5,143,35.66433566433567,0.47576933866655374,-0.5661291583811111,-0.5661291583811111,-80.95646964849888,57.210049303854895,437.368666849658
AUDUSD,SHORT,LOGISTIC,BASE_PLUS_ML,0.55,0,41,24.390243902439025,0.6268384821435783,-0.2682926829268288,-0.2682926829268288,-10.99999999999998,18.23367986701744,892.6737213520689
AUDUSD,SHORT,LOGISTIC,BASE_PLUS_ML,0.55,1,41,24.390243902439025,0.5070316932232536,-0.40625683919620625,-0.40625683919620625,-16.656530407044457,20.53727989748816,843.4714802298723
AUDUSD,SHORT,LOGISTIC,BASE_PLUS_ML,0.55,2,41,24.390243902439025,0.41292970498259374,-0.5442209954655838,-0.5442209954655838,-22.313060814088935,22.967260213480543,796.9148859027629
AUDUSD,SHORT,LOGISTIC,BASE_PLUS_ML,0.55,5,41,24.390243902439025,0.22374069713061429,-0.9581134642737164,-0.9581134642737164,-39.28265203522237,34.21541049852368,671.7670977684246
AUDUSD,SHORT,LOGISTIC,BASE_PLUS_ML,0.6,0,10,20.0,0.48378702567059534,-0.4000000000000137,-0.4000000000000137,-4.000000000000137,6.793465209301042,960.0235800828069
AUDUSD,SHORT,LOGISTIC,BASE_PLUS_ML,0.6,1,10,20.0,0.40561835129889967,-0.5210761825671594,-0.5210761825671594,-5.210761825671594,7.613093247155348,948.4041368348805
AUDUSD,SHORT,LOGISTIC,BASE_PLUS_ML,0.6,2,10,20.0,0.3434047346765908,-0.642152365134305,-0.642152365134305,-6.421523651343049,8.426546295876438,936.9111600858153
AUDUSD,SHORT,LOGISTIC,BASE_PLUS_ML,0.6,5,10,20.0,0.21549074781398322,-1.0053809128357418,-1.0053809128357418,-10.053809128357418,10.957928677674943,903.1788558673682
AUDUSD,SHORT,LOGISTIC,BASE_PLUS_ML,0.65,0,3,33.33333333333333,0.9850251256281451,2.7385501274087196e-15,2.7385501274087196e-15,8.215650382226158e-15,1.9899999999999523,999.7020000000001
AUDUSD,SHORT,LOGISTIC,BASE_PLUS_ML,0.65,1,3,33.33333333333333,0.8338424952518357,-0.1140136831754716,-0.1140136831754716,-0.3420410495264148,2.2397077166205577,996.2785575444112
AUDUSD,SHORT,LOGISTIC,BASE_PLUS_ML,0.65,2,3,33.33333333333333,0.7132628276063788,-0.22802736635094586,-0.22802736635094586,-0.6840820990528376,2.4890971404807942,992.8628332412549
AUDUSD,SHORT,LOGISTIC,BASE_PLUS_ML,0.65,5,3,33.33333333333333,0.464104778426674,-0.5700684158773687,-0.5700684158773687,-1.7102052476321061,3.2353556554991196,982.6618836412779
AUDUSD,SHORT,RF_SIMPLE,ML_ONLY,0.55,0,308,34.41558441558442,1.0121892677167026,0.019446323010522383,0.019446323010522383,5.989467487240894,35.090688068855705,1030.0333436323192
AUDUSD,SHORT,RF_SIMPLE,ML_ONLY,0.55,1,308,34.41558441558442,0.8478488733930145,-0.12734458479436223,-0.12734458479436223,-39.222132116663566,43.0706521338663,655.1311036910483
AUDUSD,SHORT,RF_SIMPLE,ML_ONLY,0.55,2,308,34.090909090909086,0.7190898736707989,-0.27413549259924674,-0.27413549259924674,-84.433731720568,61.139660844290646,416.3898063752448
AUDUSD,SHORT,RF_SIMPLE,ML_ONLY,0.55,5,308,33.76623376623377,0.45032122065464536,-0.7145082160139005,-0.7145082160139005,-220.06853053228136,89.48265694615496,106.45726096434788
AUDUSD,SHORT,RF_SIMPLE,ML_ONLY,0.6,0,88,38.63636363636363,1.1648022061460959,0.12414340657607066,0.12414340657607066,10.924619778694218,20.259347964012633,1105.379827817878
AUDUSD,SHORT,RF_SIMPLE,ML_ONLY,0.6,1,88,38.63636363636363,0.9562628735203654,-0.024356553481694056,-0.024356553481694056,-2.143376706389077,24.99620758247343,969.9521640750834
AUDUSD,SHORT,RF_SIMPLE,ML_ONLY,0.6,2,88,37.5,0.7945781547082609,-0.17285651353945883,-0.17285651353945883,-15.211373191472376,29.46312713613375,850.9417461917077
AUDUSD,SHORT,RF_SIMPLE,ML_ONLY,0.6,5,88,36.36363636363637,0.47198293927389107,-0.618356393712753,-0.618356393712753,-54.415362646722265,42.660796968007084,573.8650800076417
AUDUSD,SHORT,RF_SIMPLE,ML_ONLY,0.65,0,24,29.166666666666668,0.8110433650891145,-0.1250000000000001,-0.1250000000000001,-3.0000000000000027,6.793465209301056,968.2767648826323
AUDUSD,SHORT,RF_SIMPLE,ML_ONLY,0.65,1,24,29.166666666666668,0.6513193718804978,-0.2738882966758575,-0.2738882966758575,-6.573319120220581,7.691401015385349,934.2449097181582
AUDUSD,SHORT,RF_SIMPLE,ML_ONLY,0.65,2,24,29.166666666666668,0.5270327918251563,-0.42277659335171486,-0.42277659335171486,-10.146638240441156,9.864022406406685,901.3597759359332
AUDUSD,SHORT,RF_SIMPLE,ML_ONLY,0.65,5,24,29.166666666666668,0.27843615047109394,-0.8694414833792871,-0.8694414833792871,-20.86659560110289,19.077937587579946,809.2206241242005
AUDUSD,SHORT,RF_SIMPLE,BASE_PLUS_ML,0.55,0,6,16.666666666666664,0.38808039916776155,-0.5000000000000004,-0.5000000000000004,-3.0000000000000027,4.90099501000002,970.009850898
AUDUSD,SHORT,RF_SIMPLE,BASE_PLUS_ML,0.55,1,6,16.666666666666664,0.3089601790455822,-0.6402000729198417,-0.6402000729198417,-3.84120043751905,5.520325082492411,961.8523554338426
AUDUSD,SHORT,RF_SIMPLE,BASE_PLUS_ML,0.55,2,6,16.666666666666664,0.24633281011858502,-0.7804001458396828,-0.7804001458396828,-4.6824008750380965,6.136436772292962,953.7516894194098
AUDUSD,SHORT,RF_SIMPLE,BASE_PLUS_ML,0.55,5,6,16.666666666666664,0.11855235081844782,-1.2010003645992062,-1.2010003645992062,-7.206002187595238,7.9655864781939725,929.7875252444356
AUDUSD,SHORT,RF_SIMPLE,BASE_PLUS_ML,0.6,0,0,0.0,0.0,0.0,0.0,0.0,0.0,1000.0
AUDUSD,SHORT,RF_SIMPLE,BASE_PLUS_ML,0.6,1,0,0.0,0.0,0.0,0.0,0.0,0.0,1000.0
AUDUSD,SHORT,RF_SIMPLE,BASE_PLUS_ML,0.6,2,0,0.0,0.0,0.0,0.0,0.0,0.0,1000.0
AUDUSD,SHORT,RF_SIMPLE,BASE_PLUS_ML,0.6,5,0,0.0,0.0,0.0,0.0,0.0,0.0,1000.0
AUDUSD,SHORT,RF_SIMPLE,BASE_PLUS_ML,0.65,0,0,0.0,0.0,0.0,0.0,0.0,0.0,1000.0
AUDUSD,SHORT,RF_SIMPLE,BASE_PLUS_ML,0.65,1,0,0.0,0.0,0.0,0.0,0.0,0.0,1000.0
AUDUSD,SHORT,RF_SIMPLE,BASE_PLUS_ML,0.65,2,0,0.0,0.0,0.0,0.0,0.0,0.0,1000.0
AUDUSD,SHORT,RF_SIMPLE,BASE_PLUS_ML,0.65,5,0,0.0,0.0,0.0,0.0,0.0,0.0,1000.0
AUDUSD,SHORT,RF_ACTUAL,ML_ONLY,0.55,0,545,35.59633027522936,1.0558479128241152,0.053764145026836074,0.053764145026836074,29.301459039625662,30.277274042681874,1269.0227802896416
AUDUSD,SHORT,RF_ACTUAL,ML_ONLY,0.55,1,545,35.59633027522936,0.8857673050660062,-0.09297380444164946,-0.09297380444164946,-50.670723420698955,50.25684999105412,570.1460566827503
AUDUSD,SHORT,RF_ACTUAL,ML_ONLY,0.55,2,545,35.41284403669725,0.7541634120295664,-0.23971175391013502,-0.23971175391013502,-130.64290588102358,75.02762535166003,255.8348274948396
AUDUSD,SHORT,RF_ACTUAL,ML_ONLY,0.55,5,545,35.04587155963303,0.48129059030941923,-0.6799256023155916,-0.6799256023155916,-370.5594532619974,97.70594811109925,22.940518889007585
AUDUSD,SHORT,RF_ACTUAL,ML_ONLY,0.6,0,176,33.52272727272727,0.9909651923311547,0.003044624496585945,0.003044624496585945,0.5358539113991263,27.674621556475486,988.0988248315965
AUDUSD,SHORT,RF_ACTUAL,ML_ONLY,0.6,1,176,33.52272727272727,0.8293968723301994,-0.13633844705838988,-0.13633844705838988,-23.995566682276618,33.8877752056855,772.9360200471745
AUDUSD,SHORT,RF_ACTUAL,ML_ONLY,0.6,2,176,33.52272727272727,0.7021953569896231,-0.2757215186133657,-0.2757215186133657,-48.526987275952365,43.56068216826574,604.4041385873959
AUDUSD,SHORT,RF_ACTUAL,ML_ONLY,0.6,5,176,33.52272727272727,0.43857790721432177,-0.6938707332782932,-0.6938707332782932,-122.1212490569796,71.43031040339451,288.34892126086356
AUDUSD,SHORT,RF_ACTUAL,ML_ONLY,0.65,0,90,36.666666666666664,1.1314557830827987,0.10000000000000137,0.10000000000000137,9.000000000000123,15.806114585144707,1083.956265934127
AUDUSD,SHORT,RF_ACTUAL,ML_ONLY,0.65,1,90,36.666666666666664,0.9351956407983031,-0.03995464928916462,-0.03995464928916462,-3.5959184360248155,19.633019833008316,955.6501324104133
AUDUSD,SHORT,RF_ACTUAL,ML_ONLY,0.65,2,90,36.666666666666664,0.7817469800064519,-0.17990929857833057,-0.17990929857833057,-16.191836872049752,23.291915457361043,842.3733379880633
AUDUSD,SHORT,RF_ACTUAL,ML_ONLY,0.65,5,90,36.666666666666664,0.46965382207879486,-0.5997732464458285,-0.5997732464458285,-53.97959218012457,42.37243679227214,576.2756320772786
AUDUSD,SHORT,RF_ACTUAL,BASE_PLUS_ML,0.55,0,33,24.242424242424242,0.6220414021476766,-0.2727272727272693,-0.2727272727272693,-8.999999999999888,12.300190160336342,911.3416924839462
AUDUSD,SHORT,RF_ACTUAL,BASE_PLUS_ML,0.55,1,33,24.242424242424242,0.4968062196498704,-0.41958249224105815,-0.41958249224105815,-13.84622224395492,14.473145163982421,868.1202442230955
AUDUSD,SHORT,RF_ACTUAL,BASE_PLUS_ML,0.55,2,33,24.242424242424242,0.3996888369201571,-0.5664377117548471,-0.5664377117548471,-18.692444487909956,17.715936498237973,826.8860399066526
AUDUSD,SHORT,RF_ACTUAL,BASE_PLUS_ML,0.55,5,33,24.242424242424242,0.20715828829579008,-1.007003370296214,-1.007003370296214,-33.23111121977506,28.575913937722497,714.240860622775
AUDUSD,SHORT,RF_ACTUAL,BASE_PLUS_ML,0.6,0,4,0.0,0.0,-1.0000000000000173,-1.0000000000000173,-4.000000000000069,3.94039900000007,960.5960099999993
AUDUSD,SHORT,RF_ACTUAL,BASE_PLUS_ML,0.6,1,4,0.0,0.0,-1.1269179584030866,-1.1269179584030866,-4.5076718336123465,4.432046662728555,955.6795333727144
AUDUSD,SHORT,RF_ACTUAL,BASE_PLUS_ML,0.6,2,4,0.0,0.0,-1.253835916806156,-1.253835916806156,-5.015343667224624,4.921805934559518,950.7819406544048
AUDUSD,SHORT,RF_ACTUAL,BASE_PLUS_ML,0.6,5,4,0.0,0.0,-1.6345897920153636,-1.6345897920153636,-6.538359168061454,6.379801756296513,936.2019824370349
AUDUSD,SHORT,RF_ACTUAL,BASE_PLUS_ML,0.65,0,2,0.0,0.0,-1.00000000000003,-1.00000000000003,-2.00000000000006,1.9900000000000546,980.0999999999995
AUDUSD,SHORT,RF_ACTUAL,BASE_PLUS_ML,0.65,1,2,0.0,0.0,-1.1250407366375486,-1.1250407366375486,-2.250081473275097,2.2374248843255486,977.6257511567445
AUDUSD,SHORT,RF_ACTUAL,BASE_PLUS_ML,0.65,2,2,0.0,0.0,-1.2500814732750674,-1.2500814732750674,-2.5001629465501347,2.4845382202174733,975.1546177978253
AUDUSD,SHORT,RF_ACTUAL,BASE_PLUS_ML,0.65,5,2,0.0,0.0,-1.6252036831876229,-1.6252036831876229,-3.2504073663752457,3.224008937291774,967.7599106270823
