SIGNAL_ID,CONFIG_ID,ACTIVO,DIRECCION,MODELO,SISTEMA,THRESHOLD,FECHA_SIGNAL,SIGNAL,EXECUTION,PROBABILIDAD,ENTRY,STOP,TP,ATR,VOLUME,VOLUME_MIN,RISK_USD,REASON
EURUSD_LONG_RF_ACTUAL_ML_ONLY_T065|2026-09-29T13:00:00,EURUSD_LONG_RF_ACTUAL_ML_ONLY_T065,EURUSD,LONG,RF_ACTUAL,ML_ONLY,0.65,2026-09-29T13:00:00,WAIT,WAIT,0.4528962554270965,,,,0.0010555572292619728,,,,PROBABILITY_BELOW_THRESHOLD
EURUSD_LONG_RF_ACTUAL_ML_ONLY_T065|2026-09-29T14:00:00,EURUSD_LONG_RF_ACTUAL_ML_ONLY_T065,EURUSD,LONG,RF_ACTUAL,ML_ONLY,0.65,2026-09-29T14:00:00,WAIT,WAIT,0.44641908297777977,,,,0.00103730314145754,,,,PROBABILITY_BELOW_THRESHOLD
EURUSD_LONG_RF_ACTUAL_ML_ONLY_T065|2026-09-29T15:00:00,EURUSD_LONG_RF_ACTUAL_ML_ONLY_T065,EURUSD,LONG,RF_ACTUAL,ML_ONLY,0.65,2026-09-29T15:00:00,WAIT,WAIT,0.4437865045556386,,,,0.0010589243456391368,,,,PROBABILITY_BELOW_THRESHOLD
EURUSD_LONG_RF_ACTUAL_ML_ONLY_T065|2026-09-29T16:00:00,EURUSD_LONG_RF_ACTUAL_ML_ONLY_T065,EURUSD,LONG,RF_ACTUAL,ML_ONLY,0.65,2026-09-29T16:00:00,WAIT,WAIT,0.561186750385204,,,,0.0011561440352363477,,,,PROBABILITY_BELOW_THRESHOLD
EURUSD_LONG_RF_ACTUAL_ML_ONLY_T065|2026-09-29T17:00:00,EURUSD_LONG_RF_ACTUAL_ML_ONLY_T065,EURUSD,LONG,RF_ACTUAL,ML_ONLY,0.65,2026-09-29T17:00:00,WAIT,WAIT,0.5051655640475743,,,,0.0011207051755766002,,,,PROBABILITY_BELOW_THRESHOLD
EURUSD_LONG_RF_ACTUAL_ML_ONLY_T065|2026-09-29T18:00:00,EURUSD_LONG_RF_ACTUAL_ML_ONLY_T065,EURUSD,LONG,RF_ACTUAL,ML_ONLY,0.65,2026-09-29T18:00:00,WAIT,WAIT,0.4403619885844633,,,,0.0012385119487496959,,,,PROBABILITY_BELOW_THRESHOLD
EURUSD_LONG_RF_ACTUAL_ML_ONLY_T065|2026-09-29T19:00:00,EURUSD_LONG_RF_ACTUAL_ML_ONLY_T065,EURUSD,LONG,RF_ACTUAL,ML_ONLY,0.65,2026-09-29T19:00:00,WAIT,WAIT,0.4206346365474802,,,,0.0012021896666961547,,,,PROBABILITY_BELOW_THRESHOLD
EURUSD_LONG_RF_ACTUAL_ML_ONLY_T065|2026-09-29T20:00:00,EURUSD_LONG_RF_ACTUAL_ML_ONLY_T065,EURUSD,LONG,RF_ACTUAL,ML_ONLY,0.65,2026-09-29T20:00:00,WAIT,WAIT,0.41216390210750203,,,,0.0011784618333607097,,,,PROBABILITY_BELOW_THRESHOLD
EURUSD_LONG_RF_ACTUAL_ML_ONLY_T065|2026-09-29T21:00:00,EURUSD_LONG_RF_ACTUAL_ML_ONLY_T065,EURUSD,LONG,RF_ACTUAL,ML_ONLY,0.65,2026-09-29T21:00:00,WAIT,WAIT,0.41098321454499825,,,,0.001181428845263516,,,,PROBABILITY_BELOW_THRESHOLD
EURUSD_LONG_RF_ACTUAL_ML_ONLY_T065|2026-09-29T22:00:00,EURUSD_LONG_RF_ACTUAL_ML_ONLY_T065,EURUSD,LONG,RF_ACTUAL,ML_ONLY,0.65,2026-09-29T22:00:00,WAIT,WAIT,0.4213395552186708,,,,0.0011348982134589734,,,,PROBABILITY_BELOW_THRESHOLD
EURUSD_LONG_RF_ACTUAL_ML_ONLY_T065|2026-09-29T23:00:00,EURUSD_LONG_RF_ACTUAL_ML_ONLY_T065,EURUSD,LONG,RF_ACTUAL,ML_ONLY,0.65,2026-09-29T23:00:00,WAIT,WAIT,0.41912065918383457,,,,0.001081691198211912,,,,PROBABILITY_BELOW_THRESHOLD
EURUSD_LONG_RF_ACTUAL_ML_ONLY_T065|2026-09-30T00:00:00,EURUSD_LONG_RF_ACTUAL_ML_ONLY_T065,EURUSD,LONG,RF_ACTUAL,ML_ONLY,0.65,2026-09-30T00:00:00,WAIT,WAIT,0.42908848202241656,,,,0.0010401418269110573,,,,PROBABILITY_BELOW_THRESHOLD
EURUSD_LONG_RF_ACTUAL_ML_ONLY_T065|2026-09-30T01:00:00,EURUSD_LONG_RF_ACTUAL_ML_ONLY_T065,EURUSD,LONG,RF_ACTUAL,ML_ONLY,0.65,2026-09-30T01:00:00,WAIT,WAIT,0.4368857113363886,,,,0.0010308459821317096,,,,PROBABILITY_BELOW_THRESHOLD
EURUSD_LONG_RF_ACTUAL_ML_ONLY_T065|2026-09-30T02:00:00,EURUSD_LONG_RF_ACTUAL_ML_ONLY_T065,EURUSD,LONG,RF_ACTUAL,ML_ONLY,0.65,2026-09-30T02:00:00,WAIT,WAIT,0.4207675379553127,,,,0.0010129284119794449,,,,PROBABILITY_BELOW_THRESHOLD
EURUSD_LONG_RF_ACTUAL_ML_ONLY_T065|2026-09-30T03:00:00,EURUSD_LONG_RF_ACTUAL_ML_ONLY_T065,EURUSD,LONG,RF_ACTUAL,ML_ONLY,0.65,2026-09-30T03:00:00,WAIT,WAIT,0.43329058071027265,,,,0.0009998620968380478,,,,PROBABILITY_BELOW_THRESHOLD
EURUSD_LONG_RF_ACTUAL_ML_ONLY_T065|2026-09-30T04:00:00,EURUSD_LONG_RF_ACTUAL_ML_ONLY_T065,EURUSD,LONG,RF_ACTUAL,ML_ONLY,0.65,2026-09-30T04:00:00,WAIT,WAIT,0.4334107397775092,,,,0.0009620148042067566,,,,PROBABILITY_BELOW_THRESHOLD
EURUSD_LONG_RF_ACTUAL_ML_ONLY_T065|2026-09-30T05:00:00,EURUSD_LONG_RF_ACTUAL_ML_ONLY_T065,EURUSD,LONG,RF_ACTUAL,ML_ONLY,0.65,2026-09-30T05:00:00,WAIT,WAIT,0.43939091134495295,,,,0.0010011566039062668,,,,PROBABILITY_BELOW_THRESHOLD
EURUSD_LONG_RF_ACTUAL_ML_ONLY_T065|2026-09-30T06:00:00,EURUSD_LONG_RF_ACTUAL_ML_ONLY_T065,EURUSD,LONG,RF_ACTUAL,ML_ONLY,0.65,2026-09-30T06:00:00,WAIT,WAIT,0.45888614292377056,,,,0.0010253597036272404,,,,PROBABILITY_BELOW_THRESHOLD
EURUSD_LONG_RF_ACTUAL_ML_ONLY_T065|2026-09-30T07:00:00,EURUSD_LONG_RF_ACTUAL_ML_ONLY_T065,EURUSD,LONG,RF_ACTUAL,ML_ONLY,0.65,2026-09-30T07:00:00,WAIT,WAIT,0.4493062209816814,,,,0.001053548296225293,,,,PROBABILITY_BELOW_THRESHOLD
EURUSD_LONG_RF_ACTUAL_ML_ONLY_T065|2026-09-30T08:00:00,EURUSD_LONG_RF_ACTUAL_ML_ONLY_T065,EURUSD,LONG,RF_ACTUAL,ML_ONLY,0.65,2026-09-30T08:00:00,WAIT,WAIT,0.5083813727693275,,,,0.001088294846494906,,,,PROBABILITY_BELOW_THRESHOLD
EURUSD_LONG_RF_ACTUAL_ML_ONLY_T065|2026-09-30T09:00:00,EURUSD_LONG_RF_ACTUAL_ML_ONLY_T065,EURUSD,LONG,RF_ACTUAL,ML_ONLY,0.65,2026-09-30T09:00:00,WAIT,WAIT,0.5037666505582403,,,,0.0010755595003166959,,,,PROBABILITY_BELOW_THRESHOLD
EURUSD_LONG_RF_ACTUAL_ML_ONLY_T065|2026-09-30T10:00:00,EURUSD_LONG_RF_ACTUAL_ML_ONLY_T065,EURUSD,LONG,RF_ACTUAL,ML_ONLY,0.65,2026-09-30T10:00:00,WAIT,WAIT,0.5101962730542474,,,,0.00106730525029408,,,,PROBABILITY_BELOW_THRESHOLD
EURUSD_LONG_RF_ACTUAL_ML_ONLY_T065|2026-09-30T11:00:00,EURUSD_LONG_RF_ACTUAL_ML_ONLY_T065,EURUSD,LONG,RF_ACTUAL,ML_ONLY,0.65,2026-09-30T11:00:00,WAIT,WAIT,0.44656123053326663,,,,0.0010760691609873617,,,,PROBABILITY_BELOW_THRESHOLD
EURUSD_LONG_RF_ACTUAL_ML_ONLY_T065|2026-09-30T12:00:00,EURUSD_LONG_RF_ACTUAL_ML_ONLY_T065,EURUSD,LONG,RF_ACTUAL,ML_ONLY,0.65,2026-09-30T12:00:00,WAIT,WAIT,0.5114431948190975,,,,0.001219207078059691,,,,PROBABILITY_BELOW_THRESHOLD
EURUSD_LONG_RF_ACTUAL_ML_ONLY_T065|2026-09-30T13:00:00,EURUSD_LONG_RF_ACTUAL_ML_ONLY_T065,EURUSD,LONG,RF_ACTUAL,ML_ONLY,0.65,2026-09-30T13:00:00,WAIT,WAIT,0.4590206204358794,,,,0.0012292637153411437,,,,PROBABILITY_BELOW_THRESHOLD
EURUSD_LONG_RF_ACTUAL_ML_ONLY_T065|2026-09-30T14:00:00,EURUSD_LONG_RF_ACTUAL_ML_ONLY_T065,EURUSD,LONG,RF_ACTUAL,ML_ONLY,0.65,2026-09-30T14:00:00,WAIT,WAIT,0.4765863471324999,,,,0.0012793163071024897,,,,PROBABILITY_BELOW_THRESHOLD
EURUSD_LONG_RF_ACTUAL_ML_ONLY_T065|2026-09-30T15:00:00,EURUSD_LONG_RF_ACTUAL_ML_ONLY_T065,EURUSD,LONG,RF_ACTUAL,ML_ONLY,0.65,2026-09-30T15:00:00,WAIT,WAIT,0.4519832704303019,,,,0.001317222285166604,,,,PROBABILITY_BELOW_THRESHOLD
EURUSD_LONG_RF_ACTUAL_ML_ONLY_T065|2026-09-30T16:00:00,EURUSD_LONG_RF_ACTUAL_ML_ONLY_T065,EURUSD,LONG,RF_ACTUAL,ML_ONLY,0.65,2026-09-30T16:00:00,WAIT,WAIT,0.4496049548794109,,,,0.0013088492647975512,,,,PROBABILITY_BELOW_THRESHOLD
EURUSD_LONG_RF_ACTUAL_ML_ONLY_T065|2026-09-30T17:00:00,EURUSD_LONG_RF_ACTUAL_ML_ONLY_T065,EURUSD,LONG,RF_ACTUAL,ML_ONLY,0.65,2026-09-30T17:00:00,WAIT,WAIT,0.4540549225903639,,,,0.0012567886030262993,,,,PROBABILITY_BELOW_THRESHOLD
EURUSD_LONG_RF_ACTUAL_ML_ONLY_T065|2026-09-30T18:00:00,EURUSD_LONG_RF_ACTUAL_ML_ONLY_T065,EURUSD,LONG,RF_ACTUAL,ML_ONLY,0.65,2026-09-30T18:00:00,WAIT,WAIT,0.46004737642080223,,,,0.0012127322742387044,,,,PROBABILITY_BELOW_THRESHOLD
EURUSD_LONG_RF_ACTUAL_ML_ONLY_T065|2026-09-30T19:00:00,EURUSD_LONG_RF_ACTUAL_ML_ONLY_T065,EURUSD,LONG,RF_ACTUAL,ML_ONLY,0.65,2026-09-30T19:00:00,WAIT,WAIT,0.45514607069836693,,,,0.001194679968935929,,,,PROBABILITY_BELOW_THRESHOLD
EURUSD_LONG_RF_ACTUAL_ML_ONLY_T065|2026-09-30T20:00:00,EURUSD_LONG_RF_ACTUAL_ML_ONLY_T065,EURUSD,LONG,RF_ACTUAL,ML_ONLY,0.65,2026-09-30T20:00:00,WAIT,WAIT,0.45300805838411484,,,,0.0011707742568690671,,,,PROBABILITY_BELOW_THRESHOLD
EURUSD_LONG_RF_ACTUAL_ML_ONLY_T065|2026-09-30T21:00:00,EURUSD_LONG_RF_ACTUAL_ML_ONLY_T065,EURUSD,LONG,RF_ACTUAL,ML_ONLY,0.65,2026-09-30T21:00:00,WAIT,WAIT,0.44070235456674456,,,,0.001144290381378413,,,,PROBABILITY_BELOW_THRESHOLD
EURUSD_LONG_RF_ACTUAL_ML_ONLY_T065|2026-09-30T22:00:00,EURUSD_LONG_RF_ACTUAL_ML_ONLY_T065,EURUSD,LONG,RF_ACTUAL,ML_ONLY,0.65,2026-09-30T22:00:00,WAIT,WAIT,0.4511821091626687,,,,0.0010982696398513796,,,,PROBABILITY_BELOW_THRESHOLD
EURUSD_LONG_RF_ACTUAL_ML_ONLY_T065|2026-09-30T23:00:00,EURUSD_LONG_RF_ACTUAL_ML_ONLY_T065,EURUSD,LONG,RF_ACTUAL,ML_ONLY,0.65,2026-09-30T23:00:00,WAIT,WAIT,0.441545340771587,,,,0.0010641075227191428,,,,PROBABILITY_BELOW_THRESHOLD
EURUSD_LONG_RF_ACTUAL_ML_ONLY_T065|2026-10-01T00:00:00,EURUSD_LONG_RF_ACTUAL_ML_ONLY_T065,EURUSD,LONG,RF_ACTUAL,ML_ONLY,0.65,2026-10-01T00:00:00,WAIT,WAIT,0.43683226542156295,,,,0.0010588141282392074,,,,PROBABILITY_BELOW_THRESHOLD
EURUSD_LONG_RF_ACTUAL_ML_ONLY_T065|2026-10-01T01:00:00,EURUSD_LONG_RF_ACTUAL_ML_ONLY_T065,EURUSD,LONG,RF_ACTUAL,ML_ONLY,0.65,2026-10-01T01:00:00,WAIT,WAIT,0.4439480719593716,,,,0.0010488988333649805,,,,PROBABILITY_BELOW_THRESHOLD
EURUSD_LONG_RF_ACTUAL_ML_ONLY_T065|2026-10-01T02:00:00,EURUSD_LONG_RF_ACTUAL_ML_ONLY_T065,EURUSD,LONG,RF_ACTUAL,ML_ONLY,0.65,2026-10-01T02:00:00,WAIT,WAIT,0.44970130710604844,,,,0.001018977488124618,,,,PROBABILITY_BELOW_THRESHOLD
EURUSD_LONG_RF_ACTUAL_ML_ONLY_T065|2026-10-01T03:00:00,EURUSD_LONG_RF_ACTUAL_ML_ONLY_T065,EURUSD,LONG,RF_ACTUAL,ML_ONLY,0.65,2026-10-01T03:00:00,WAIT,WAIT,0.45222155622199983,,,,0.0010047648104014341,,,,PROBABILITY_BELOW_THRESHOLD
