ACTIVO,TIPO,FECHA_SIGNAL,FECHA_ENTRADA,FECHA_SALIDA,ENTRY,STOP_LOSS,TAKE_PROFIT,RESULTADO,R,GANANCIA_PERDIDA,CAPITAL_DESPUES
GOLD,SELL,2024-10-10 07:00:00-04:00,2024-10-10 08:00:00-04:00,2024-10-10 08:00:00-04:00,2630.10009765625,2638.2686636637864,2613.7629656411773,LOSS,-1,-10.0,990.0
GOLD,BUY,2024-10-11 02:00:00-04:00,2024-10-11 03:00:00-04:00,2024-10-11 11:00:00-04:00,2656.699951171875,2647.310927123692,2675.4779992682406,WIN,2,19.8,1009.8
GOLD,BUY,2024-10-11 15:00:00-04:00,2024-10-11 16:00:00-04:00,2024-10-13 18:00:00-04:00,2673.10009765625,2663.8241785097553,2691.6519359492395,LOSS,-1,-10.097999999999999,999.702
GOLD,BUY,2024-10-14 09:00:00-04:00,2024-10-14 10:00:00-04:00,2024-10-14 10:00:00-04:00,2672.300048828125,2662.403949073799,2692.0922483367763,LOSS,-1,-9.997020000000001,989.70498
GOLD,BUY,2024-10-14 15:00:00-04:00,2024-10-14 16:00:00-04:00,2024-10-15 00:00:00-04:00,2669.300048828125,2660.138350036023,2687.623446412329,LOSS,-1,-9.8970498,979.8079302
GOLD,BUY,2024-10-15 03:00:00-04:00,2024-10-15 04:00:00-04:00,2024-10-15 12:00:00-04:00,2667.39990234375,2659.0326825101715,2684.1343420109074,WIN,2,19.596158604,999.404088804
GOLD,BUY,2024-10-16 06:00:00-04:00,2024-10-16 07:00:00-04:00,2024-10-17 10:00:00-04:00,2691.0,2682.5376431709506,2707.924713658099,WIN,2,19.98808177608,1019.39217058008
GOLD,BUY,2024-10-18 02:00:00-04:00,2024-10-18 03:00:00-04:00,2024-10-20 20:00:00-04:00,2722.800048828125,2714.0210503155845,2740.3580458532056,WIN,2,20.3878434116016,1039.7800139916817
GOLD,BUY,2024-10-21 01:00:00-04:00,2024-10-21 02:00:00-04:00,2024-10-21 11:00:00-04:00,2739.800048828125,2731.7488623111326,2755.9024218621103,LOSS,-1,-10.397800139916818,1029.3822138517648
GOLD,BUY,2024-10-21 20:00:00-04:00,2024-10-21 21:00:00-04:00,2024-10-22 09:00:00-04:00,2738.89990234375,2730.1329104292195,2756.4338861728115,WIN,2,20.5876442770353,1049.9698581288
GOLD,BUY,2024-10-24 13:00:00-04:00,2024-10-24 14:00:00-04:00,2024-10-24 23:00:00-04:00,2748.5,2738.262614445033,2768.974771109934,LOSS,-1,-10.499698581288001,1039.4701595475121
GOLD,BUY,2024-10-25 13:00:00-04:00,2024-10-25 14:00:00-04:00,2024-10-27 18:00:00-04:00,2757.10009765625,2747.5394429442745,2776.2214070802015,LOSS,-1,-10.394701595475121,1029.075457952037
GOLD,BUY,2024-10-27 19:00:00-04:00,2024-10-27 20:00:00-04:00,2024-10-27 21:00:00-04:00,2747.89990234375,2737.6512549163263,2768.3971971985975,LOSS,-1,-10.29075457952037,1018.7847033725166
GOLD,BUY,2024-10-28 01:00:00-04:00,2024-10-28 02:00:00-04:00,2024-10-28 05:00:00-04:00,2750.5,2740.758614485844,2769.9827710283116,LOSS,-1,-10.187847033725166,1008.5968563387914
GOLD,BUY,2024-10-28 08:00:00-04:00,2024-10-28 09:00:00-04:00,2024-10-28 22:00:00-04:00,2746.60009765625,2737.250985586769,2765.2983217952124,WIN,2,20.17193712677583,1028.7687934655673
GOLD,BUY,2024-10-29 11:00:00-04:00,2024-10-29 12:00:00-04:00,2024-10-30 02:00:00-04:00,2776.300048828125,2765.555276895567,2797.78959269324,WIN,2,20.575375869311348,1049.3441693348786
GOLD,BUY,2024-10-30 03:00:00-04:00,2024-10-30 04:00:00-04:00,2024-10-30 08:00:00-04:00,2794.300048828125,2785.4164359984975,2812.06727448738,LOSS,-1,-10.493441693348787,1038.8507276415298
GOLD,SELL,2024-10-31 16:00:00-04:00,2024-10-31 18:00:00-04:00,2024-11-01 02:00:00-04:00,2754.0,2765.0960461036166,2731.807907792767,LOSS,-1,-10.388507276415298,1028.4622203651145
GOLD,SELL,2024-11-01 11:00:00-04:00,2024-11-01 12:00:00-04:00,2024-11-06 01:00:00-05:00,2754.39990234375,2765.6726236039253,2731.8544598234,WIN,2,20.56924440730229,1049.0314647724167
GOLD,SELL,2024-11-06 10:00:00-05:00,2024-11-06 11:00:00-05:00,2024-11-07 10:00:00-05:00,2684.699951171875,2707.089054946862,2639.9217436219014,LOSS,-1,-10.490314647724167,1038.5411501246926
GOLD,SELL,2024-11-08 01:00:00-05:00,2024-11-08 02:00:00-05:00,2024-11-08 08:00:00-05:00,2693.5,2705.5679301138666,2669.3641397722668,LOSS,-1,-10.385411501246926,1028.1557386234458
GOLD,SELL,2024-11-08 10:00:00-05:00,2024-11-08 11:00:00-05:00,2024-11-11 05:00:00-05:00,2694.89990234375,2708.1655558629927,2668.3685953052645,WIN,2,20.563114772468918,1048.7188533959147
GOLD,SELL,2024-11-11 06:00:00-05:00,2024-11-11 07:00:00-05:00,2024-11-11 08:00:00-05:00,2669.300048828125,2680.2892785367953,2647.3215894107843,WIN,2,20.974377067918294,1069.693230463833
GOLD,SELL,2024-11-12 07:00:00-05:00,2024-11-12 08:00:00-05:00,2024-11-12 09:00:00-05:00,2611.89990234375,2624.088220444044,2587.523266143162,LOSS,-1,-10.696932304638331,1058.9962981591948
GOLD,SELL,2024-11-12 23:00:00-05:00,2024-11-13 00:00:00-05:00,2024-11-13 08:00:00-05:00,2612.300048828125,2622.976673830547,2590.9467988232805,LOSS,-1,-10.589962981591949,1048.4063351776028
GOLD,SELL,2024-11-13 09:00:00-05:00,2024-11-13 10:00:00-05:00,2024-11-13 12:00:00-05:00,2607.699951171875,2618.528298531733,2586.0432564521593,WIN,2,20.968126703552056,1069.374461881155
GOLD,SELL,2024-11-14 06:00:00-05:00,2024-11-14 07:00:00-05:00,2024-11-14 10:00:00-05:00,2558.89990234375,2572.22171684998,2532.25627333129,LOSS,-1,-10.69374461881155,1058.6807172623435
GOLD,SELL,2024-11-14 13:00:00-05:00,2024-11-14 14:00:00-05:00,2024-11-17 20:00:00-05:00,2575.0,2588.5976097411162,2547.804780517768,LOSS,-1,-10.586807172623436,1048.09391008972
GOLD,BUY,2024-11-19 06:00:00-05:00,2024-11-19 07:00:00-05:00,2024-11-20 03:00:00-05:00,2633.199951171875,2623.590846610889,2652.418160293847,LOSS,-1,-10.480939100897201,1037.612970988823
GOLD,BUY,2024-11-20 06:00:00-05:00,2024-11-20 07:00:00-05:00,2024-11-20 09:00:00-05:00,2631.39990234375,2622.491920695009,2649.215865641232,WIN,2,20.75225941977646,1058.3652304085995
GOLD,BUY,2024-11-20 13:00:00-05:00,2024-11-20 14:00:00-05:00,2024-11-21 03:00:00-05:00,2651.89990234375,2641.993465546099,2671.7127759390523,WIN,2,21.16730460817199,1079.5325350167714
GOLD,BUY,2024-11-21 07:00:00-05:00,2024-11-21 08:00:00-05:00,2024-11-21 21:00:00-05:00,2665.800048828125,2656.6094997682762,2684.181146947823,WIN,2,21.590650700335427,1101.1231857171067
GOLD,BUY,2024-11-22 06:00:00-05:00,2024-11-22 07:00:00-05:00,2024-11-22 09:00:00-05:00,2701.0,2689.5409596917802,2723.9180806164395,LOSS,-1,-11.011231857171067,1090.1119538599357
GOLD,BUY,2024-11-22 14:00:00-05:00,2024-11-22 15:00:00-05:00,2024-11-24 18:00:00-05:00,2710.300048828125,2698.8341551278836,2733.2318362286082,LOSS,-1,-10.901119538599358,1079.2108343213363
GOLD,BUY,2024-11-24 19:00:00-05:00,2024-11-24 20:00:00-05:00,2024-11-24 20:00:00-05:00,2712.5,2698.225845808292,2741.048308383416,LOSS,-1,-10.792108343213362,1068.418725978123
GOLD,BUY,2024-11-25 06:00:00-05:00,2024-11-25 07:00:00-05:00,2024-11-25 09:00:00-05:00,2688.5,2672.0127766912683,2721.474446617464,LOSS,-1,-10.684187259781229,1057.7345387183416
GOLD,SELL,2024-11-25 19:00:00-05:00,2024-11-25 20:00:00-05:00,2024-11-26 08:00:00-05:00,2619.89990234375,2639.0062576958003,2581.6871916396494,LOSS,-1,-10.577345387183415,1047.1571933311582
GOLD,SELL,2024-11-26 18:00:00-05:00,2024-11-26 19:00:00-05:00,2024-11-27 00:00:00-05:00,2632.5,2645.36203783268,2606.7759243346404,LOSS,-1,-10.471571933311582,1036.6856213978465
GOLD,BUY,2024-11-27 07:00:00-05:00,2024-11-27 08:00:00-05:00,2024-11-27 20:00:00-05:00,2651.199951171875,2628.893270326769,2695.8133128620866,LOSS,-1,-10.366856213978465,1026.318765183868
GOLD,BUY,2024-11-27 23:00:00-05:00,2024-11-29 09:30:00-05:00,2024-12-01 19:00:00-05:00,2681.5,2642.9665541421173,2758.566891715765,LOSS,-1,-10.26318765183868,1016.0555775320292
GOLD,BUY,2024-12-02 05:00:00-05:00,2024-12-02 06:00:00-05:00,2024-12-11 10:00:00-05:00,2658.800048828125,2615.536661124131,2745.3268242361128,WIN,2,20.321111550640584,1036.3766890826698
GOLD,BUY,2024-12-11 13:00:00-05:00,2024-12-11 14:00:00-05:00,2024-12-12 06:00:00-05:00,2750.60009765625,2720.3060190486503,2811.1882548714493,LOSS,-1,-10.363766890826698,1026.012922191843
GOLD,SELL,2024-12-13 07:00:00-05:00,2024-12-13 08:00:00-05:00,2024-12-17 03:00:00-05:00,2693.699951171875,2720.252169933692,2640.5955136482407,WIN,2,20.520258443836862,1046.5331806356799
GOLD,SELL,2024-12-17 21:00:00-05:00,2024-12-17 22:00:00-05:00,2024-12-18 14:00:00-05:00,2662.300048828125,2676.6100230178427,2633.6801004486897,WIN,2,20.930663612713598,1067.4638442483933
GOLD,SELL,2024-12-18 20:00:00-05:00,2024-12-18 21:00:00-05:00,2024-12-19 05:00:00-05:00,2624.10009765625,2639.9223260809345,2592.4556408068806,LOSS,-1,-10.674638442483934,1056.7892058059094
GOLD,SELL,2024-12-19 11:00:00-05:00,2024-12-19 12:00:00-05:00,2024-12-20 02:00:00-05:00,2606.5,2620.477675954237,2578.544648091526,LOSS,-1,-10.567892058059094,1046.2213137478504
GOLD,SELL,2024-12-20 06:00:00-05:00,2024-12-20 07:00:00-05:00,2024-12-20 08:00:00-05:00,2618.39990234375,2627.697127290176,2599.8054524508975,LOSS,-1,-10.462213137478505,1035.759100610372
GOLD,SELL,2024-12-23 13:00:00-05:00,2024-12-23 14:00:00-05:00,2024-12-26 00:00:00-05:00,2627.10009765625,2636.3168548299695,2608.6665833088105,LOSS,-1,-10.35759100610372,1025.401509604268
GOLD,BUY,2024-12-26 10:00:00-05:00,2024-12-26 11:00:00-05:00,2024-12-27 03:00:00-05:00,2652.89990234375,2644.4862726878423,2669.727161655565,LOSS,-1,-10.25401509604268,1015.1474945082253
GOLD,SELL,2024-12-27 12:00:00-05:00,2024-12-27 13:00:00-05:00,2024-12-29 18:00:00-05:00,2630.699951171875,2638.735817962964,2614.6282175896968,LOSS,-1,-10.151474945082255,1004.9960195631431
GOLD,SELL,2024-12-29 23:00:00-05:00,2024-12-30 00:00:00-05:00,2024-12-30 08:00:00-05:00,2634.89990234375,2642.7134279345637,2619.2728511621226,WIN,2,20.099920391262863,1025.095939954406
GOLD,SELL,2024-12-31 05:00:00-05:00,2024-12-31 06:00:00-05:00,2024-12-31 10:00:00-05:00,2624.10009765625,2632.167464729705,2607.96536350934,LOSS,-1,-10.25095939954406,1014.844980554862
GOLD,BUY,2025-01-03 02:00:00-05:00,2025-01-03 03:00:00-05:00,2025-01-03 08:00:00-05:00,2669.60009765625,2660.655978323584,2687.488336321582,LOSS,-1,-10.148449805548621,1004.6965307493134
GOLD,SELL,2025-01-06 01:00:00-05:00,2025-01-06 02:00:00-05:00,2025-01-06 06:00:00-05:00,2643.5,2652.1101522510185,2626.2796954979626,LOSS,-1,-10.046965307493135,994.6495654418203
GOLD,SELL,2025-01-06 08:00:00-05:00,2025-01-06 09:00:00-05:00,2025-01-06 10:00:00-05:00,2634.5,2647.2214885270737,2609.057022945853,LOSS,-1,-9.946495654418204,984.7030697874021
GOLD,SELL,2025-01-06 12:00:00-05:00,2025-01-06 13:00:00-05:00,2025-01-07 07:00:00-05:00,2647.89990234375,2661.9818257173138,2619.736055596623,LOSS,-1,-9.847030697874022,974.856039089528
GOLD,BUY,2025-01-07 09:00:00-05:00,2025-01-07 10:00:00-05:00,2025-01-07 10:00:00-05:00,2672.0,2661.7424487257567,2692.515102548486,LOSS,-1,-9.74856039089528,965.1074786986328
GOLD,BUY,2025-01-08 00:00:00-05:00,2025-01-08 01:00:00-05:00,2025-01-08 09:00:00-05:00,2664.0,2655.641303302934,2680.7173933941326,WIN,2,19.302149573972656,984.4096282726055
GOLD,BUY,2025-01-08 12:00:00-05:00,2025-01-08 13:00:00-05:00,2025-01-09 08:00:00-05:00,2671.699951171875,2660.587072232748,2693.9257090501283,WIN,2,19.68819256545211,1004.0978208380576
GOLD,BUY,2025-01-10 02:00:00-05:00,2025-01-10 03:00:00-05:00,2025-01-10 08:00:00-05:00,2700.0,2692.773056613049,2714.453886773902,LOSS,-1,-10.040978208380576,994.056842629677
GOLD,BUY,2025-01-10 13:00:00-05:00,2025-01-10 14:00:00-05:00,2025-01-13 05:00:00-05:00,2717.5,2703.327172883911,2745.845654232178,LOSS,-1,-9.940568426296771,984.1162742033803
GOLD,SELL,2025-01-14 08:00:00-05:00,2025-01-14 09:00:00-05:00,2025-01-14 10:00:00-05:00,2675.10009765625,2685.2562718455047,2654.7877492777407,LOSS,-1,-9.841162742033802,974.2751114613465
GOLD,BUY,2025-01-15 03:00:00-05:00,2025-01-15 04:00:00-05:00,2025-01-15 09:00:00-05:00,2702.199951171875,2694.366362631648,2717.8671282523296,WIN,2,19.48550222922693,993.7606136905733
GOLD,BUY,2025-01-15 21:00:00-05:00,2025-01-15 22:00:00-05:00,2025-01-16 08:00:00-05:00,2726.39990234375,2717.1582335633366,2744.8832399045773,WIN,2,19.875212273811467,1013.6358259643848
GOLD,BUY,2025-01-16 13:00:00-05:00,2025-01-16 14:00:00-05:00,2025-01-17 04:00:00-05:00,2748.10009765625,2737.834836219427,2768.630620529896,LOSS,-1,-10.136358259643849,1003.4994677047409
GOLD,BUY,2025-01-17 07:00:00-05:00,2025-01-17 08:00:00-05:00,2025-01-17 11:00:00-05:00,2741.800048828125,2733.8569801373646,2757.6861862096453,WIN,2,20.06998935409482,1023.5694570588357
GOLD,BUY,2025-01-19 22:00:00-05:00,2025-01-19 23:00:00-05:00,2025-01-21 03:00:00-05:00,2744.89990234375,2735.9151558655635,2762.869395300123,LOSS,-1,-10.235694570588358,1013.3337624882473
GOLD,BUY,2025-01-21 09:00:00-05:00,2025-01-21 10:00:00-05:00,2025-01-23 08:00:00-05:00,2753.800048828125,2742.5016203490172,2776.3969057863405,LOSS,-1,-10.133337624882474,1003.2004248633648
GOLD,BUY,2025-01-23 11:00:00-05:00,2025-01-23 12:00:00-05:00,2025-01-23 21:00:00-05:00,2760.699951171875,2749.7276699584704,2782.644513598684,WIN,2,20.064008497267295,1023.2644333606321
GOLD,BUY,2025-01-23 23:00:00-05:00,2025-01-24 00:00:00-05:00,2025-01-26 18:00:00-05:00,2779.5,2770.04483393884,2798.4103321223206,LOSS,-1,-10.232644333606322,1013.0317890270258
GOLD,BUY,2025-01-27 06:00:00-05:00,2025-01-27 07:00:00-05:00,2025-01-27 08:00:00-05:00,2776.0,2764.7232714795814,2798.553457040837,LOSS,-1,-10.130317890270257,1002.9014711367555
GOLD,SELL,2025-01-27 13:00:00-05:00,2025-01-27 14:00:00-05:00,2025-01-28 08:00:00-05:00,2739.199951171875,2752.0801807415914,2713.4394920324416,LOSS,-1,-10.029014711367555,992.8724564253879
GOLD,BUY,2025-01-28 18:00:00-05:00,2025-01-28 19:00:00-05:00,2025-01-29 14:00:00-05:00,2769.800048828125,2762.279476597563,2784.8411932892486,LOSS,-1,-9.92872456425388,982.943731861134
GOLD,BUY,2025-01-30 05:00:00-05:00,2025-01-30 06:00:00-05:00,2025-01-30 08:00:00-05:00,2794.60009765625,2779.785676684375,2824.2289396,WIN,2,19.65887463722268,1002.6026064983566
GOLD,BUY,2025-01-30 21:00:00-05:00,2025-01-30 22:00:00-05:00,2025-01-31 12:00:00-05:00,2848.39990234375,2813.857669773288,2917.484367484674,LOSS,-1,-10.026026064983567,992.5765804333731
GOLD,BUY,2025-02-03 03:00:00-05:00,2025-02-03 04:00:00-05:00,2025-02-10 01:00:00-05:00,2829.89990234375,2788.4054667143164,2912.8887736026168,WIN,2,19.851531608667464,1012.4281120420405
GOLD,BUY,2025-02-10 11:00:00-05:00,2025-02-10 12:00:00-05:00,2025-02-10 20:00:00-05:00,2928.39990234375,2915.4656738017757,2954.2683594276987,WIN,2,20.248562240840812,1032.6766742828813
GOLD,BUY,2025-02-10 21:00:00-05:00,2025-02-10 22:00:00-05:00,2025-02-11 04:00:00-05:00,2945.60009765625,2930.643442344607,2975.5134082795357,LOSS,-1,-10.326766742828813,1022.3499075400525
GOLD,BUY,2025-02-11 10:00:00-05:00,2025-02-11 11:00:00-05:00,2025-02-11 20:00:00-05:00,2932.800048828125,2916.5136687620243,2965.372808960326,LOSS,-1,-10.223499075400525,1012.1264084646521
GOLD,BUY,2025-02-12 13:00:00-05:00,2025-02-12 14:00:00-05:00,2025-02-13 15:00:00-05:00,2927.39990234375,2912.790047246708,2956.6196125378337,WIN,2,20.242528169293042,1032.3689366339452
GOLD,BUY,2025-02-18 12:00:00-05:00,2025-02-18 13:00:00-05:00,2025-02-19 12:00:00-05:00,2950.39990234375,2937.914161688945,2975.3713836533598,LOSS,-1,-10.323689366339451,1022.0452472676058
GOLD,BUY,2025-02-19 14:00:00-05:00,2025-02-19 15:00:00-05:00,2025-02-20 02:00:00-05:00,2947.300048828125,2934.508344504661,2972.883457475052,WIN,2,20.440904945352116,1042.486152212958
GOLD,BUY,2025-02-20 11:00:00-05:00,2025-02-20 12:00:00-05:00,2025-02-20 20:00:00-05:00,2958.699951171875,2945.660419626226,2984.779014263173,LOSS,-1,-10.424861522129579,1032.0612906908284
GOLD,BUY,2025-02-24 02:00:00-05:00,2025-02-24 03:00:00-05:00,2025-02-25 02:00:00-05:00,2957.699951171875,2945.1058913752972,2982.8880707650305,LOSS,-1,-10.320612906908284,1021.7406777839201
GOLD,SELL,2025-02-25 12:00:00-05:00,2025-02-25 13:00:00-05:00,2025-02-25 20:00:00-05:00,2920.89990234375,2939.2245317675242,2884.250643496201,LOSS,-1,-10.217406777839201,1011.5232710060809
GOLD,SELL,2025-02-26 20:00:00-05:00,2025-02-26 21:00:00-05:00,2025-02-27 00:00:00-05:00,2927.39990234375,2938.545993253217,2905.107720524816,WIN,2,20.230465420121618,1031.7537364262025
GOLD,SELL,2025-02-27 01:00:00-05:00,2025-02-27 02:00:00-05:00,2025-02-27 09:00:00-05:00,2906.199951171875,2917.857438662333,2882.8849761909582,WIN,2,20.63507472852405,1052.3888111547267
GOLD,SELL,2025-02-28 04:00:00-05:00,2025-02-28 05:00:00-05:00,2025-02-28 09:00:00-05:00,2873.800048828125,2886.881579968298,2847.6369865477786,WIN,2,21.047776223094534,1073.4365873778213
GOLD,SELL,2025-02-28 10:00:00-05:00,2025-02-28 11:00:00-05:00,2025-03-02 18:00:00-05:00,2861.800048828125,2876.9736756297143,2831.4527952249464,LOSS,-1,-10.734365873778213,1062.702221504043
GOLD,SELL,2025-03-03 00:00:00-05:00,2025-03-03 01:00:00-05:00,2025-03-03 06:00:00-05:00,2872.39990234375,2886.1779825385233,2844.8437419542033,LOSS,-1,-10.627022215040432,1052.0751992890027
GOLD,BUY,2025-03-04 05:00:00-05:00,2025-03-04 06:00:00-05:00,2025-03-04 10:00:00-05:00,2924.39990234375,2910.7636574644666,2951.6723921023167,LOSS,-1,-10.520751992890027,1041.5544472961128
GOLD,BUY,2025-03-04 22:00:00-05:00,2025-03-04 23:00:00-05:00,2025-03-05 08:00:00-05:00,2919.39990234375,2906.102695847076,2945.9943153370978,LOSS,-1,-10.415544472961129,1031.1389028231517
GOLD,BUY,2025-03-05 09:00:00-05:00,2025-03-05 10:00:00-05:00,2025-03-06 04:00:00-05:00,2921.699951171875,2906.5708469016795,2951.9581597122656,LOSS,-1,-10.311389028231517,1020.8275137949203
GOLD,BUY,2025-03-06 09:00:00-05:00,2025-03-06 10:00:00-05:00,2025-03-06 19:00:00-05:00,2923.800048828125,2909.47897247988,2952.4422015246146,LOSS,-1,-10.208275137949203,1010.6192386569711
GOLD,SELL,2025-03-06 21:00:00-05:00,2025-03-06 22:00:00-05:00,2025-03-07 03:00:00-05:00,2914.89990234375,2927.6394566533136,2889.4207937246233,LOSS,-1,-10.106192386569711,1000.5130462704014
GOLD,BUY,2025-03-07 09:00:00-05:00,2025-03-07 10:00:00-05:00,2025-03-07 10:00:00-05:00,2934.800048828125,2920.999798756085,2962.400548972205,LOSS,-1,-10.005130462704015,990.5079158076975
GOLD,BUY,2025-03-09 19:00:00-04:00,2025-03-09 20:00:00-04:00,2025-03-10 03:00:00-04:00,2924.300048828125,2911.353384616375,2950.1933772516245,LOSS,-1,-9.905079158076974,980.6028366496205
GOLD,SELL,2025-03-10 06:00:00-04:00,2025-03-10 07:00:00-04:00,2025-03-11 09:00:00-04:00,2909.89990234375,2923.6174621014775,2882.4647828282955,LOSS,-1,-9.806028366496205,970.7968082831243
GOLD,BUY,2025-03-11 11:00:00-04:00,2025-03-11 12:00:00-04:00,2025-03-12 12:00:00-04:00,2922.699951171875,2910.2603261786962,2947.579201158233,WIN,2,19.415936165662487,990.2127444487868
GOLD,BUY,2025-03-12 15:00:00-04:00,2025-03-12 16:00:00-04:00,2025-03-13 09:00:00-04:00,2940.0,2929.039556457981,2961.920887084039,WIN,2,19.804254888975738,1010.0169993377625
GOLD,BUY,2025-03-14 02:00:00-04:00,2025-03-14 03:00:00-04:00,2025-03-17 22:00:00-04:00,2998.199951171875,2987.119791028784,3020.360271458057,WIN,2,20.20033998675525,1030.2173393245178
GOLD,BUY,2025-03-18 01:00:00-04:00,2025-03-18 02:00:00-04:00,2025-03-18 08:00:00-04:00,3021.39990234375,3012.1585596408454,3039.882587749559,WIN,2,20.604346786490357,1050.8216861110081
GOLD,BUY,2025-03-18 10:00:00-04:00,2025-03-18 11:00:00-04:00,2025-03-19 14:00:00-04:00,3035.5,3024.352196873254,3057.795606253492,WIN,2,21.016433722220164,1071.8381198332283
GOLD,BUY,2025-03-20 08:00:00-04:00,2025-03-20 09:00:00-04:00,2025-03-21 00:00:00-04:00,3049.0,3037.5198516939836,3071.960296612033,LOSS,-1,-10.718381198332283,1061.119738634896
GOLD,BUY,2025-03-26 03:00:00-04:00,2025-03-26 04:00:00-04:00,2025-03-26 05:00:00-04:00,3034.39990234375,3025.515667496613,3052.1683720380242,LOSS,-1,-10.61119738634896,1050.508541248547
GOLD,BUY,2025-03-26 06:00:00-04:00,2025-03-26 07:00:00-04:00,2025-03-26 11:00:00-04:00,3029.10009765625,3019.7466133427547,3047.80706628324,LOSS,-1,-10.505085412485471,1040.0034558360617
GOLD,BUY,2025-03-26 22:00:00-04:00,2025-03-26 23:00:00-04:00,2025-03-27 06:00:00-04:00,3036.39990234375,3027.7437254838856,3053.7122560634793,WIN,2,20.800069116721232,1060.803524952783
GOLD,BUY,2025-03-27 09:00:00-04:00,2025-03-27 10:00:00-04:00,2025-03-27 20:00:00-04:00,3049.800048828125,3037.8863655554937,3073.6274153733875,WIN,2,21.216070499055657,1082.0195954518385
GOLD,BUY,2025-03-28 00:00:00-04:00,2025-03-28 01:00:00-04:00,2025-03-28 03:00:00-04:00,3083.699951171875,3073.197073857307,3104.705705801011,WIN,2,21.640391909036772,1103.6599873608752
GOLD,BUY,2025-03-28 10:00:00-04:00,2025-03-28 11:00:00-04:00,2025-03-31 21:00:00-04:00,3103.800048828125,3070.815858909917,3169.768428664541,WIN,2,22.073199747217505,1125.7331871080928
GOLD,BUY,2025-04-01 01:00:00-04:00,2025-04-01 02:00:00-04:00,2025-04-01 12:00:00-04:00,3161.0,3110.526657342602,3261.946685314796,LOSS,-1,-11.257331871080929,1114.475855237012
GOLD,BUY,2025-04-01 20:00:00-04:00,2025-04-01 21:00:00-04:00,2025-04-03 06:00:00-04:00,3152.300048828125,3106.354527810496,3244.1910908633827,LOSS,-1,-11.144758552370119,1103.3310966846418
GOLD,SELL,2025-04-04 04:00:00-04:00,2025-04-04 05:00:00-04:00,2025-04-04 07:00:00-04:00,3104.800048828125,3154.2729045713613,3005.854337341653,LOSS,-1,-11.033310966846418,1092.2977857177955
GOLD,SELL,2025-04-04 08:00:00-04:00,2025-04-04 09:00:00-04:00,2025-04-06 19:00:00-04:00,3090.199951171875,3146.2735735891233,2978.052706337379,WIN,2,21.84595571435591,1114.1437414321513
GOLD,SELL,2025-04-06 21:00:00-04:00,2025-04-06 22:00:00-04:00,2025-04-09 22:00:00-04:00,3059.199951171875,3132.5179226526175,2912.5640082103905,LOSS,-1,-11.141437414321514,1103.0023040178298
GOLD,BUY,2025-04-11 01:00:00-04:00,2025-04-11 02:00:00-04:00,2025-04-15 23:00:00-04:00,3214.89990234375,3173.7049099249757,3297.2898871812986,WIN,2,22.060046080356596,1125.0623500981865
GOLD,BUY,2025-04-16 21:00:00-04:00,2025-04-16 22:00:00-04:00,2025-04-17 10:00:00-04:00,3336.89990234375,3315.4325694707995,3379.834568089651,LOSS,-1,-11.250623500981865,1113.8117265972046
GOLD,BUY,2025-04-17 12:00:00-04:00,2025-04-17 13:00:00-04:00,2025-04-20 20:00:00-04:00,3330.10009765625,3306.0390373908917,3378.222218186967,WIN,2,22.27623453194409,1136.0879611291487
GOLD,BUY,2025-04-21 00:00:00-04:00,2025-04-21 01:00:00-04:00,2025-04-21 09:00:00-04:00,3388.5,3367.351486406193,3430.797027187614,WIN,2,22.721759222582975,1158.8097203517316
GOLD,BUY,2025-04-21 20:00:00-04:00,2025-04-21 21:00:00-04:00,2025-04-21 22:00:00-04:00,3436.10009765625,3414.2642150773468,3479.771862814057,WIN,2,23.176194407034632,1181.9859147587663
GOLD,BUY,2025-04-22 03:00:00-04:00,2025-04-22 04:00:00-04:00,2025-04-22 08:00:00-04:00,3479.699951171875,3452.611994106403,3533.8758653028185,LOSS,-1,-11.819859147587662,1170.1660556111785
GOLD,SELL,2025-04-23 09:00:00-04:00,2025-04-23 10:00:00-04:00,2025-04-23 18:00:00-04:00,3287.800048828125,3327.196492642079,3209.007161200217,LOSS,-1,-11.701660556111786,1158.4643950550667
GOLD,SELL,2025-04-25 01:00:00-04:00,2025-04-25 02:00:00-04:00,2025-04-27 18:00:00-04:00,3303.800048828125,3332.3904379799465,3246.6192705244825,LOSS,-1,-11.584643950550667,1146.8797511045161
GOLD,SELL,2025-04-27 19:00:00-04:00,2025-04-27 20:00:00-04:00,2025-04-28 10:00:00-04:00,3313.39990234375,3340.0456766969974,3260.1083536372557,LOSS,-1,-11.468797511045162,1135.410953593471
GOLD,BUY,2025-04-28 15:00:00-04:00,2025-04-28 16:00:00-04:00,2025-04-28 20:00:00-04:00,3362.5,3338.001206217934,3411.497587564132,LOSS,-1,-11.354109535934711,1124.0568440575364
GOLD,BUY,2025-04-29 02:00:00-04:00,2025-04-29 03:00:00-04:00,2025-04-30 04:00:00-04:00,3328.5,3306.2238874065088,3373.052225186983,LOSS,-1,-11.240568440575364,1112.816275616961
GOLD,SELL,2025-04-30 08:00:00-04:00,2025-04-30 09:00:00-04:00,2025-04-30 09:00:00-04:00,3308.10009765625,3329.632119791079,3265.0360533865924,LOSS,-1,-11.128162756169612,1101.6881128607915
GOLD,SELL,2025-04-30 14:00:00-04:00,2025-04-30 15:00:00-04:00,2025-04-30 20:00:00-04:00,3312.5,3333.6513203725085,3270.197359254983,WIN,2,22.03376225721583,1123.7218751180073
GOLD,SELL,2025-05-01 04:00:00-04:00,2025-05-01 05:00:00-04:00,2025-05-01 23:00:00-04:00,3243.199951171875,3265.050527773056,3199.498797969513,LOSS,-1,-11.237218751180073,1112.4846563668273
GOLD,SELL,2025-05-02 11:00:00-04:00,2025-05-02 12:00:00-04:00,2025-05-04 21:00:00-04:00,3240.0,3263.068132150671,3193.8637356986583,LOSS,-1,-11.124846563668273,1101.359809803159
GOLD,BUY,2025-05-05 04:00:00-04:00,2025-05-05 05:00:00-04:00,2025-05-05 08:00:00-04:00,3290.89990234375,3270.8890013849295,3330.9217042613914,WIN,2,22.02719619606318,1123.387005999222
GOLD,BUY,2025-05-05 10:00:00-04:00,2025-05-05 11:00:00-04:00,2025-05-05 21:00:00-04:00,3321.300048828125,3301.0466225930095,3361.806901298356,WIN,2,22.46774011998444,1145.8547461192065
GOLD,BUY,2025-05-05 22:00:00-04:00,2025-05-05 23:00:00-04:00,2025-05-06 12:00:00-04:00,3367.10009765625,3343.761662378982,3413.776968210787,WIN,2,22.91709492238413,1168.7718410415907
GOLD,BUY,2025-05-06 18:00:00-04:00,2025-05-06 19:00:00-04:00,2025-05-08 01:00:00-04:00,3389.5,3363.45702003246,3441.5859599350797,LOSS,-1,-11.687718410415908,1157.0841226311748
GOLD,SELL,2025-05-08 12:00:00-04:00,2025-05-08 13:00:00-04:00,2025-05-09 09:00:00-04:00,3315.5,3343.156442805127,3260.1871143897456,LOSS,-1,-11.570841226311748,1145.513281404863
GOLD,SELL,2025-05-09 16:00:00-04:00,2025-05-11 18:00:00-04:00,2025-05-12 03:00:00-04:00,3281.0,3300.77973801385,3241.4405239723,WIN,2,22.91026562809726,1168.4235470329602
GOLD,SELL,2025-05-12 07:00:00-04:00,2025-05-12 08:00:00-04:00,2025-05-13 00:00:00-04:00,3228.300048828125,3256.7242995587026,3171.4515473669703,LOSS,-1,-11.684235470329602,1156.7393115626305
GOLD,SELL,2025-05-13 07:00:00-04:00,2025-05-13 08:00:00-04:00,2025-05-14 08:00:00-04:00,3253.0,3273.0316157087145,3212.936768582571,WIN,2,23.134786231252612,1179.874097793883
GOLD,SELL,2025-05-14 09:00:00-04:00,2025-05-14 10:00:00-04:00,2025-05-14 23:00:00-04:00,3195.199951171875,3216.7371467908715,3152.125559933882,WIN,2,23.59748195587766,1203.4715797497606
GOLD,SELL,2025-05-15 02:00:00-04:00,2025-05-15 03:00:00-04:00,2025-05-15 06:00:00-04:00,3153.199951171875,3175.5534150268686,3108.4930234618873,LOSS,-1,-12.034715797497606,1191.436863952263
GOLD,SELL,2025-05-16 06:00:00-04:00,2025-05-16 07:00:00-04:00,2025-05-16 16:00:00-04:00,3179.199951171875,3203.1605012636473,3131.2788509883303,LOSS,-1,-11.91436863952263,1179.5224953127404
GOLD,BUY,2025-05-20 09:00:00-04:00,2025-05-20 10:00:00-04:00,2025-05-20 18:00:00-04:00,3264.39990234375,3244.488008966594,3304.223689098062,WIN,2,23.590449906254808,1203.1129452189953
GOLD,BUY,2025-05-20 19:00:00-04:00,2025-05-20 20:00:00-04:00,2025-05-21 21:00:00-04:00,3294.0,3276.1391802238154,3329.721639552369,WIN,2,24.062258904379906,1227.1752041233751
GOLD,BUY,2025-05-21 23:00:00-04:00,2025-05-22 00:00:00-04:00,2025-05-22 04:00:00-04:00,3336.10009765625,3318.8511127212128,3370.5980675263245,LOSS,-1,-12.271752041233752,1214.9034520821415
GOLD,BUY,2025-05-22 07:00:00-04:00,2025-05-22 08:00:00-04:00,2025-05-22 09:00:00-04:00,3314.39990234375,3293.963265720566,3355.2731755901177,LOSS,-1,-12.149034520821415,1202.75441756132
GOLD,BUY,2025-05-22 21:00:00-04:00,2025-05-22 22:00:00-04:00,2025-05-23 07:00:00-04:00,3304.199951171875,3284.3045686159535,3343.990716283718,WIN,2,24.055088351226402,1226.8095059125465
GOLD,BUY,2025-05-23 09:00:00-04:00,2025-05-23 10:00:00-04:00,2025-05-27 01:00:00-04:00,3339.89990234375,3318.6887248884773,3382.3222572542954,LOSS,-1,-12.268095059125464,1214.541410853421
GOLD,SELL,2025-05-27 09:00:00-04:00,2025-05-27 10:00:00-04:00,2025-05-27 20:00:00-04:00,3293.89990234375,3310.973060054966,3259.753586921318,LOSS,-1,-12.14541410853421,1202.3959967448868
GOLD,SELL,2025-05-27 23:00:00-04:00,2025-05-28 00:00:00-04:00,2025-05-28 03:00:00-04:00,3296.5,3312.4679155805875,3264.5641688388246,LOSS,-1,-12.023959967448869,1190.3720367774379
GOLD,SELL,2025-05-28 11:00:00-04:00,2025-05-28 12:00:00-04:00,2025-05-28 19:00:00-04:00,3294.699951171875,3310.9485817857285,3262.2026899441685,WIN,2,23.80744073554876,1214.1794775129865
GOLD,SELL,2025-05-28 22:00:00-04:00,2025-05-28 23:00:00-04:00,2025-05-29 03:00:00-04:00,3267.10009765625,3288.301100821097,3224.6980913265566,LOSS,-1,-12.141794775129865,1202.0376827378566
GOLD,BUY,2025-05-29 09:00:00-04:00,2025-05-29 10:00:00-04:00,2025-05-30 09:00:00-04:00,3337.5,3302.3338903245476,3407.8322193509043,LOSS,-1,-12.020376827378566,1190.017305910478
GOLD,BUY,2025-05-30 15:00:00-04:00,2025-05-30 16:00:00-04:00,2025-06-02 02:00:00-04:00,3318.60009765625,3298.689930140348,3358.4204326880536,WIN,2,23.80034611820956,1213.8176520286875
GOLD,BUY,2025-06-02 20:00:00-04:00,2025-06-02 21:00:00-04:00,2025-06-02 23:00:00-04:00,3401.199951171875,3384.4799196727563,3434.640014170113,LOSS,-1,-12.138176520286875,1201.6794755084006
GOLD,BUY,2025-06-03 07:00:00-04:00,2025-06-03 08:00:00-04:00,2025-06-03 09:00:00-04:00,3383.5,3368.6352144050993,3413.2295711898014,LOSS,-1,-12.016794755084007,1189.6626807533166
GOLD,BUY,2025-06-03 18:00:00-04:00,2025-06-03 19:00:00-04:00,2025-06-04 07:00:00-04:00,3381.0,3367.0812206907735,3408.837558618453,LOSS,-1,-11.896626807533167,1177.7660539457834
GOLD,BUY,2025-06-04 08:00:00-04:00,2025-06-04 09:00:00-04:00,2025-06-05 06:00:00-04:00,3383.199951171875,3366.6974617171577,3416.20493008131,WIN,2,23.555321078915668,1201.3213750246991
GOLD,BUY,2025-06-05 07:00:00-04:00,2025-06-05 08:00:00-04:00,2025-06-05 08:00:00-04:00,3416.800048828125,3401.6054019095877,3447.1893426652,LOSS,-1,-12.013213750246992,1189.3081612744522
GOLD,BUY,2025-06-05 23:00:00-04:00,2025-06-06 00:00:00-04:00,2025-06-06 03:00:00-04:00,3392.300048828125,3375.7838470100546,3425.332452464266,LOSS,-1,-11.893081612744522,1177.4150796617078
GOLD,BUY,2025-06-06 04:00:00-04:00,2025-06-06 05:00:00-04:00,2025-06-06 08:00:00-04:00,3388.5,3372.5068811892356,3420.4862376215283,LOSS,-1,-11.774150796617077,1165.6409288650907
GOLD,SELL,2025-06-06 11:00:00-04:00,2025-06-06 12:00:00-04:00,2025-06-08 21:00:00-04:00,3354.5,3373.8207064161993,3315.8585871676014,WIN,2,23.312818577301815,1188.9537474423926
GOLD,SELL,2025-06-08 22:00:00-04:00,2025-06-08 23:00:00-04:00,2025-06-09 02:00:00-04:00,3325.300048828125,3343.5795124843203,3288.7411215157344,LOSS,-1,-11.889537474423927,1177.0642099679687
GOLD,SELL,2025-06-09 16:00:00-04:00,2025-06-09 18:00:00-04:00,2025-06-10 07:00:00-04:00,3346.300048828125,3360.0977347684016,3318.7046769475724,LOSS,-1,-11.770642099679687,1165.293567868289
GOLD,SELL,2025-06-10 12:00:00-04:00,2025-06-10 13:00:00-04:00,2025-06-10 21:00:00-04:00,3342.5,3357.73381137243,3312.03237725514,LOSS,-1,-11.65293567868289,1153.640632189606
GOLD,BUY,2025-06-11 00:00:00-04:00,2025-06-11 01:00:00-04:00,2025-06-11 06:00:00-04:00,3363.199951171875,3349.027050679245,3391.5457521571357,LOSS,-1,-11.536406321896061,1142.10422586771
GOLD,BUY,2025-06-11 07:00:00-04:00,2025-06-11 08:00:00-04:00,2025-06-11 13:00:00-04:00,3353.800048828125,3339.4831773313676,3382.4337918216397,LOSS,-1,-11.421042258677101,1130.683183609033
GOLD,BUY,2025-06-11 14:00:00-04:00,2025-06-11 15:00:00-04:00,2025-06-12 06:00:00-04:00,3364.5,3345.6954119211327,3402.1091761577345,WIN,2,22.61366367218066,1153.2968472812136
GOLD,BUY,2025-06-12 23:00:00-04:00,2025-06-13 00:00:00-04:00,2025-06-16 09:00:00-04:00,3447.800048828125,3426.333993242321,3490.732159999733,LOSS,-1,-11.532968472812136,1141.7638788084014
GOLD,SELL,2025-06-18 15:00:00-04:00,2025-06-18 16:00:00-04:00,2025-06-18 21:00:00-04:00,3384.199951171875,3400.4660578058547,3351.6677379039156,LOSS,-1,-11.417638788084014,1130.3462400203173
GOLD,SELL,2025-06-22 21:00:00-04:00,2025-06-22 22:00:00-04:00,2025-06-23 07:00:00-04:00,3370.699951171875,3387.0794863960573,3337.940880723511,LOSS,-1,-11.303462400203173,1119.042777620114
GOLD,SELL,2025-06-23 08:00:00-04:00,2025-06-23 09:00:00-04:00,2025-06-23 09:00:00-04:00,3378.5,3394.614861953555,3346.2702760928896,LOSS,-1,-11.19042777620114,1107.8523498439129
GOLD,BUY,2025-06-23 11:00:00-04:00,2025-06-23 12:00:00-04:00,2025-06-23 16:00:00-04:00,3403.39990234375,3385.591840772962,3439.016025485326,LOSS,-1,-11.078523498439129,1096.7738263454737
GOLD,SELL,2025-06-23 19:00:00-04:00,2025-06-23 20:00:00-04:00,2025-06-24 08:00:00-04:00,3358.89990234375,3377.9584813508363,3320.782744329578,WIN,2,21.935476526909476,1118.7093028723832
GOLD,SELL,2025-06-24 11:00:00-04:00,2025-06-24 12:00:00-04:00,2025-06-24 21:00:00-04:00,3327.10009765625,3347.6528659503624,3285.994561068025,LOSS,-1,-11.187093028723833,1107.5222098436593
GOLD,SELL,2025-06-24 22:00:00-04:00,2025-06-24 23:00:00-04:00,2025-06-26 03:00:00-04:00,3343.5,3358.0915508782405,3314.3168982435186,LOSS,-1,-11.075222098436594,1096.4469877452227
GOLD,SELL,2025-06-26 08:00:00-04:00,2025-06-26 09:00:00-04:00,2025-06-26 13:00:00-04:00,3334.199951171875,3347.575537689284,3307.4487781370576,LOSS,-1,-10.964469877452228,1085.4825178677704
GOLD,SELL,2025-06-26 15:00:00-04:00,2025-06-26 16:00:00-04:00,2025-06-26 23:00:00-04:00,3345.10009765625,3358.3587890431445,3318.582714882461,WIN,2,21.709650357355407,1107.192168225126
GOLD,SELL,2025-06-27 12:00:00-04:00,2025-06-27 13:00:00-04:00,2025-06-29 18:00:00-04:00,3289.699951171875,3305.5850926104854,3257.929668294654,WIN,2,22.14384336450252,1129.3360115896285
GOLD,SELL,2025-06-29 21:00:00-04:00,2025-06-29 22:00:00-04:00,2025-06-30 02:00:00-04:00,3285.199951171875,3303.4044300248534,3248.7909934659187,LOSS,-1,-11.293360115896284,1118.0426514737321
GOLD,SELL,2025-06-30 06:00:00-04:00,2025-06-30 07:00:00-04:00,2025-06-30 13:00:00-04:00,3295.199951171875,3310.4998428176564,3264.6001678803123,LOSS,-1,-11.180426514737322,1106.8622249589948
GOLD,BUY,2025-07-01 11:00:00-04:00,2025-07-01 12:00:00-04:00,2025-07-01 22:00:00-04:00,3352.199951171875,3339.0960194439226,3378.4078146277798,LOSS,-1,-11.068622249589948,1095.793602709405
GOLD,BUY,2025-07-02 03:00:00-04:00,2025-07-02 04:00:00-04:00,2025-07-02 15:00:00-04:00,3344.89990234375,3332.9946340680985,3368.7104388950524,WIN,2,21.9158720541881,1117.709474763593
GOLD,BUY,2025-07-04 02:00:00-04:00,2025-07-04 03:00:00-04:00,2025-07-06 19:00:00-04:00,3352.300048828125,3339.4263731517067,3378.047400180961,LOSS,-1,-11.177094747635932,1106.5323800159572
GOLD,SELL,2025-07-07 01:00:00-04:00,2025-07-07 02:00:00-04:00,2025-07-07 12:00:00-04:00,3322.39990234375,3335.242371793936,3296.7149634433777,LOSS,-1,-11.065323800159572,1095.4670562157976
GOLD,BUY,2025-07-07 22:00:00-04:00,2025-07-07 23:00:00-04:00,2025-07-08 04:00:00-04:00,3344.60009765625,3332.7156439792852,3368.3690050101795,LOSS,-1,-10.954670562157975,1084.5123856536395
GOLD,SELL,2025-07-08 07:00:00-04:00,2025-07-08 08:00:00-04:00,2025-07-08 10:00:00-04:00,3334.300048828125,3345.7387534697914,3311.422639544792,WIN,2,21.69024771307279,1106.2026333667122
GOLD,SELL,2025-07-08 12:00:00-04:00,2025-07-08 13:00:00-04:00,2025-07-09 13:00:00-04:00,3308.89990234375,3322.550568568416,3281.5985698944173,LOSS,-1,-11.062026333667122,1095.1406070330452
GOLD,BUY,2025-07-10 02:00:00-04:00,2025-07-10 03:00:00-04:00,2025-07-10 09:00:00-04:00,3333.60009765625,3322.464274854639,3355.871743259472,LOSS,-1,-10.951406070330451,1084.1892009627147
GOLD,BUY,2025-07-10 15:00:00-04:00,2025-07-10 16:00:00-04:00,2025-07-11 06:00:00-04:00,3334.199951171875,3322.1642124988725,3358.2714285178795,WIN,2,21.683784019254293,1105.872984981969
GOLD,BUY,2025-07-11 09:00:00-04:00,2025-07-11 10:00:00-04:00,2025-07-14 10:00:00-04:00,3363.800048828125,3350.2464146148127,3390.907317254749,LOSS,-1,-11.05872984981969,1094.8142551321494
GOLD,BUY,2025-07-14 22:00:00-04:00,2025-07-14 23:00:00-04:00,2025-07-15 09:00:00-04:00,3359.699951171875,3349.1419103037388,3380.8160329081475,LOSS,-1,-10.948142551321494,1083.8661125808278
GOLD,SELL,2025-07-15 13:00:00-04:00,2025-07-15 14:00:00-04:00,2025-07-16 04:00:00-04:00,3334.89990234375,3348.9894696358615,3306.7207677595266,LOSS,-1,-10.838661125808278,1073.0274514550194
GOLD,SELL,2025-07-16 06:00:00-04:00,2025-07-16 07:00:00-04:00,2025-07-16 11:00:00-04:00,3342.10009765625,3352.138063468742,3322.024166031266,LOSS,-1,-10.730274514550194,1062.2971769404692
GOLD,BUY,2025-07-16 19:00:00-04:00,2025-07-16 20:00:00-04:00,2025-07-17 02:00:00-04:00,3351.699951171875,3337.4317785735757,3380.2362963684736,LOSS,-1,-10.622971769404693,1051.6742051710644
GOLD,SELL,2025-07-17 09:00:00-04:00,2025-07-17 10:00:00-04:00,2025-07-17 10:00:00-04:00,3323.60009765625,3337.649972830615,3295.5003473075208,LOSS,-1,-10.516742051710644,1041.1574631193537
GOLD,SELL,2025-07-17 23:00:00-04:00,2025-07-18 00:00:00-04:00,2025-07-18 03:00:00-04:00,3340.60009765625,3351.360931378565,3319.0784302116194,LOSS,-1,-10.411574631193536,1030.74588848816
GOLD,BUY,2025-07-18 04:00:00-04:00,2025-07-18 05:00:00-04:00,2025-07-21 01:00:00-04:00,3353.10009765625,3342.336125381785,3374.6280422051796,WIN,2,20.614917769763203,1051.3608062579233
GOLD,BUY,2025-07-21 03:00:00-04:00,2025-07-21 04:00:00-04:00,2025-07-21 08:00:00-04:00,3372.10009765625,3362.308614650842,3391.6830636670657,WIN,2,21.027216125158468,1072.3880223830818
GOLD,BUY,2025-07-21 21:00:00-04:00,2025-07-21 22:00:00-04:00,2025-07-22 09:00:00-04:00,3400.800048828125,3390.6593753138923,3421.0813958565905,WIN,2,21.447760447661636,1093.8357828307435
GOLD,BUY,2025-07-22 19:00:00-04:00,2025-07-22 20:00:00-04:00,2025-07-23 09:00:00-04:00,3439.300048828125,3428.180615100273,3461.538916283829,LOSS,-1,-10.938357828307435,1082.897425002436
GOLD,SELL,2025-07-24 09:00:00-04:00,2025-07-24 10:00:00-04:00,2025-07-25 06:00:00-04:00,3370.60009765625,3384.7353506406344,3342.3295916874813,WIN,2,21.657948500048718,1104.5553735024846
GOLD,SELL,2025-07-25 13:00:00-04:00,2025-07-25 14:00:00-04:00,2025-07-28 09:00:00-04:00,3336.699951171875,3348.9851010031184,3312.129651509388,WIN,2,22.091107470049693,1126.6464809725344
GOLD,SELL,2025-07-28 11:00:00-04:00,2025-07-28 12:00:00-04:00,2025-07-29 11:00:00-04:00,3314.0,3328.2864801902047,3285.4270396195902,LOSS,-1,-11.266464809725344,1115.380016162809
GOLD,SELL,2025-07-29 21:00:00-04:00,2025-07-29 22:00:00-04:00,2025-07-30 03:00:00-04:00,3321.5,3332.2327066553967,3300.0345866892067,LOSS,-1,-11.153800161628089,1104.2262160011808
GOLD,BUY,2025-07-30 08:00:00-04:00,2025-07-30 09:00:00-04:00,2025-07-30 15:00:00-04:00,3367.199951171875,3326.9765403727833,3447.646772770058,LOSS,-1,-11.042262160011807,1093.183953841169
GOLD,BUY,2025-07-31 03:00:00-04:00,2025-07-31 04:00:00-04:00,2025-07-31 21:00:00-04:00,3356.199951171875,3335.7072755950485,3397.185302325528,LOSS,-1,-10.931839538411689,1082.2521143027573
GOLD,BUY,2025-08-01 07:00:00-04:00,2025-08-01 08:00:00-04:00,2025-08-01 08:00:00-04:00,3352.39990234375,3339.5403448285847,3378.11901737408,WIN,2,21.645042286055144,1103.8971565888123
GOLD,BUY,2025-08-03 20:00:00-04:00,2025-08-03 21:00:00-04:00,2025-08-04 09:00:00-04:00,3404.60009765625,3387.955710025844,3437.8888729170626,WIN,2,22.077943131776248,1125.9750997205886
GOLD,BUY,2025-08-04 10:00:00-04:00,2025-08-04 11:00:00-04:00,2025-08-05 05:00:00-04:00,3427.800048828125,3412.5063935810463,3458.3873593222825,LOSS,-1,-11.259750997205886,1114.7153487233827
GOLD,BUY,2025-08-05 08:00:00-04:00,2025-08-05 09:00:00-04:00,2025-08-05 11:00:00-04:00,3420.39990234375,3408.5025769826175,3444.194553066015,WIN,2,22.294306974467656,1137.0096556978503
GOLD,BUY,2025-08-06 01:00:00-04:00,2025-08-06 02:00:00-04:00,2025-08-06 04:00:00-04:00,3428.60009765625,3418.8372782536953,3448.1257364613593,LOSS,-1,-11.370096556978504,1125.6395591408718
GOLD,BUY,2025-08-06 09:00:00-04:00,2025-08-06 10:00:00-04:00,2025-08-07 02:00:00-04:00,3427.199951171875,3415.870657374897,3449.8585387658313,WIN,2,22.512791182817438,1148.1523503236892
GOLD,BUY,2025-08-07 04:00:00-04:00,2025-08-07 05:00:00-04:00,2025-08-07 10:00:00-04:00,3452.199951171875,3438.3109026631237,3479.978048189378,LOSS,-1,-11.481523503236893,1136.6708268204522
GOLD,BUY,2025-08-07 21:00:00-04:00,2025-08-07 22:00:00-04:00,2025-08-08 13:00:00-04:00,3488.10009765625,3465.3033979680376,3533.6934970326743,LOSS,-1,-11.366708268204523,1125.3041185522477
GOLD,BUY,2025-08-08 16:00:00-04:00,2025-08-10 18:00:00-04:00,2025-08-11 02:00:00-04:00,3458.10009765625,3430.823589323709,3512.653114321333,LOSS,-1,-11.253041185522477,1114.0510773667252
GOLD,SELL,2025-08-11 03:00:00-04:00,2025-08-11 04:00:00-04:00,2025-08-17 19:00:00-04:00,3415.10009765625,3438.1254740062677,3369.049344956215,WIN,2,22.281021547334504,1136.3320989140598
GOLD,SELL,2025-08-18 08:00:00-04:00,2025-08-18 09:00:00-04:00,2025-08-19 10:00:00-04:00,3389.800048828125,3400.37264409541,3368.6548582935548,WIN,2,22.726641978281197,1159.058740892341
GOLD,SELL,2025-08-19 23:00:00-04:00,2025-08-20 00:00:00-04:00,2025-08-20 02:00:00-04:00,3359.89990234375,3368.234249775897,3343.2312074794563,LOSS,-1,-11.59058740892341,1147.4681534834174
GOLD,BUY,2025-08-20 16:00:00-04:00,2025-08-20 18:00:00-04:00,2025-08-20 21:00:00-04:00,3392.199951171875,3383.6066344825745,3409.3865845504765,LOSS,-1,-11.474681534834174,1135.9934719485832
GOLD,SELL,2025-08-22 00:00:00-04:00,2025-08-22 01:00:00-04:00,2025-08-22 10:00:00-04:00,3371.39990234375,3379.3644621170592,3355.4707827971315,LOSS,-1,-11.359934719485832,1124.6335372290973
GOLD,BUY,2025-08-24 18:00:00-04:00,2025-08-24 19:00:00-04:00,2025-08-25 19:00:00-04:00,3413.10009765625,3401.689576864527,3435.921139239696,LOSS,-1,-11.246335372290973,1113.3872018568063
GOLD,BUY,2025-08-25 20:00:00-04:00,2025-08-25 21:00:00-04:00,2025-08-25 23:00:00-04:00,3431.300048828125,3419.153124105643,3455.5938982730886,LOSS,-1,-11.133872018568063,1102.2533298382382
GOLD,BUY,2025-08-27 03:00:00-04:00,2025-08-27 04:00:00-04:00,2025-08-27 12:00:00-04:00,3430.300048828125,3420.664547614588,3449.571051255199,WIN,2,22.045066596764766,1124.298396435003
GOLD,BUY,2025-08-28 18:00:00-04:00,2025-08-28 19:00:00-04:00,2025-08-29 03:00:00-04:00,3475.699951171875,3466.2934369678037,3494.5129795800176,LOSS,-1,-11.24298396435003,1113.055412470653
GOLD,BUY,2025-08-29 07:00:00-04:00,2025-08-29 08:00:00-04:00,2025-08-29 09:00:00-04:00,3469.800048828125,3462.00449333937,3485.391159805635,WIN,2,22.26110824941306,1135.3165207200661
GOLD,BUY,2025-09-02 03:00:00-04:00,2025-09-02 04:00:00-04:00,2025-09-02 10:00:00-04:00,3541.60009765625,3525.5061243555733,3573.7880442576034,WIN,2,22.70633041440132,1158.0228511344674
GOLD,BUY,2025-09-03 01:00:00-04:00,2025-09-03 02:00:00-04:00,2025-09-03 09:00:00-04:00,3595.199951171875,3579.1591116539157,3627.281630207794,WIN,2,23.160457022689346,1181.1833081571567
GOLD,BUY,2025-09-03 14:00:00-04:00,2025-09-03 15:00:00-04:00,2025-09-03 18:00:00-04:00,3628.89990234375,3612.7305394520017,3661.2386281272466,LOSS,-1,-11.811833081571567,1169.371475075585
GOLD,BUY,2025-09-04 07:00:00-04:00,2025-09-04 08:00:00-04:00,2025-09-05 08:00:00-04:00,3602.800048828125,3585.2252043788008,3637.9497377267735,WIN,2,23.3874295015117,1192.7589045770967
GOLD,BUY,2025-09-05 10:00:00-04:00,2025-09-05 11:00:00-04:00,2025-09-07 18:00:00-04:00,3646.300048828125,3627.508054183049,3683.8840381182767,LOSS,-1,-11.927589045770967,1180.8313155313258
GOLD,BUY,2025-09-08 01:00:00-04:00,2025-09-08 02:00:00-04:00,2025-09-08 08:00:00-04:00,3631.89990234375,3615.7162259727334,3664.2672550857837,WIN,2,23.616626310626515,1204.4479418419523
GOLD,BUY,2025-09-08 13:00:00-04:00,2025-09-08 14:00:00-04:00,2025-09-09 09:00:00-04:00,3674.39990234375,3658.5943911354307,3706.010924760389,WIN,2,24.088958836839048,1228.5369006787914
GOLD,BUY,2025-09-09 10:00:00-04:00,2025-09-09 11:00:00-04:00,2025-09-09 11:00:00-04:00,3684.5,3665.5323328585623,3722.4353342828754,LOSS,-1,-12.285369006787915,1216.2515316720035
GOLD,BUY,2025-09-10 00:00:00-04:00,2025-09-10 01:00:00-04:00,2025-09-11 01:00:00-04:00,3679.89990234375,3663.6262865681524,3712.4471338949456,LOSS,-1,-12.162515316720034,1204.0890163552833
GOLD,BUY,2025-09-11 22:00:00-04:00,2025-09-11 23:00:00-04:00,2025-09-14 19:00:00-04:00,3688.60009765625,3675.2541283140654,3715.292036340619,LOSS,-1,-12.040890163552833,1192.0481261917305
GOLD,BUY,2025-09-14 23:00:00-04:00,2025-09-15 00:00:00-04:00,2025-09-15 03:00:00-04:00,3683.699951171875,3672.2792993417274,3706.54125483217,LOSS,-1,-11.920481261917304,1180.1276449298132
GOLD,BUY,2025-09-15 08:00:00-04:00,2025-09-15 09:00:00-04:00,2025-09-15 11:00:00-04:00,3687.60009765625,3675.777056697321,3711.2461795741083,WIN,2,23.602552898596265,1203.7301978284095
GOLD,BUY,2025-09-15 14:00:00-04:00,2025-09-15 15:00:00-04:00,2025-09-17 04:00:00-04:00,3716.39990234375,3702.660919850101,3743.877867331048,LOSS,-1,-12.037301978284095,1191.6928958501253
GOLD,BUY,2025-09-17 10:00:00-04:00,2025-09-17 11:00:00-04:00,2025-09-17 14:00:00-04:00,3719.199951171875,3706.177873430642,3745.2441066543406,LOSS,-1,-11.916928958501254,1179.775966891624
GOLD,SELL,2025-09-18 02:00:00-04:00,2025-09-18 03:00:00-04:00,2025-09-18 03:00:00-04:00,3671.0,3688.9549895727737,3635.090020854452,LOSS,-1,-11.79775966891624,1167.9782072227076
GOLD,SELL,2025-09-18 10:00:00-04:00,2025-09-18 11:00:00-04:00,2025-09-19 00:00:00-04:00,3672.0,3692.1162469487335,3631.7675061025334,LOSS,-1,-11.679782072227077,1156.2984251504806
GOLD,BUY,2025-09-19 14:00:00-04:00,2025-09-19 15:00:00-04:00,2025-09-22 02:00:00-04:00,3717.89990234375,3703.003243322335,3747.6932203865795,WIN,2,23.125968503009613,1179.4243936534901
GOLD,BUY,2025-09-22 08:00:00-04:00,2025-09-22 09:00:00-04:00,2025-09-22 21:00:00-04:00,3755.60009765625,3740.48476663142,3785.83075970591,WIN,2,23.588487873069802,1203.01288152656
GOLD,BUY,2025-09-22 22:00:00-04:00,2025-09-22 23:00:00-04:00,2025-09-23 04:00:00-04:00,3777.699951171875,3762.9231867391527,3807.2534800373196,WIN,2,24.0602576305312,1227.0731391570912
GOLD,BUY,2025-09-23 10:00:00-04:00,2025-09-23 11:00:00-04:00,2025-09-23 14:00:00-04:00,3806.5,3789.651470594911,3840.197058810177,LOSS,-1,-12.270731391570912,1214.8024077655202
GOLD,BUY,2025-09-23 15:00:00-04:00,2025-09-23 16:00:00-04:00,2025-09-24 11:00:00-04:00,3796.60009765625,3777.345271948299,3835.1097490721518,LOSS,-1,-12.148024077655203,1202.654383687865
GOLD,BUY,2025-09-25 07:00:00-04:00,2025-09-25 08:00:00-04:00,2025-09-25 08:00:00-04:00,3783.699951171875,3767.197519935597,3816.7048136444305,LOSS,-1,-12.02654383687865,1190.6278398509864
GOLD,BUY,2025-09-26 09:00:00-04:00,2025-09-26 10:00:00-04:00,2025-09-28 22:00:00-04:00,3792.199951171875,3775.6127561398766,3825.3743412358717,WIN,2,23.81255679701973,1214.440396648006
GOLD,BUY,2025-09-29 03:00:00-04:00,2025-09-29 04:00:00-04:00,2025-09-29 21:00:00-04:00,3836.199951171875,3816.2794594990946,3876.040934517436,WIN,2,24.288807932960122,1238.729204580966
GOLD,BUY,2025-09-30 02:00:00-04:00,2025-09-30 03:00:00-04:00,2025-09-30 04:00:00-04:00,3883.800048828125,3866.4768354916896,3918.446475500996,LOSS,-1,-12.38729204580966,1226.3419125351563
GOLD,BUY,2025-09-30 10:00:00-04:00,2025-09-30 11:00:00-04:00,2025-10-02 10:00:00-04:00,3881.699951171875,3856.8015366776217,3931.496780160382,LOSS,-1,-12.263419125351563,1214.0784934098047
GOLD,BUY,2025-10-02 19:00:00-04:00,2025-10-02 20:00:00-04:00,2025-10-02 23:00:00-04:00,3886.60009765625,3867.4626958268755,3924.8749013149995,LOSS,-1,-12.140784934098047,1201.9377084757066
GOLD,BUY,2025-10-03 06:00:00-04:00,2025-10-03 07:00:00-04:00,2025-10-05 18:00:00-04:00,3888.89990234375,3872.509841330897,3921.680024369456,WIN,2,24.03875416951413,1225.9764626452206
GOLD,BUY,2025-10-05 20:00:00-04:00,2025-10-05 21:00:00-04:00,2025-10-06 00:00:00-04:00,3926.5,3907.589386430277,3964.3212271394464,WIN,2,24.519529252904412,1250.495991898125
GOLD,BUY,2025-10-06 08:00:00-04:00,2025-10-06 09:00:00-04:00,2025-10-07 08:00:00-04:00,3957.800048828125,3938.2425988344635,3996.9149488154485,WIN,2,25.009919837962503,1275.5059117360877
GOLD,BUY,2025-10-07 11:00:00-04:00,2025-10-07 12:00:00-04:00,2025-10-07 22:00:00-04:00,3989.0,3966.50031663666,4033.99936672668,WIN,2,25.510118234721755,1301.0160299708095
GOLD,BUY,2025-10-08 14:00:00-04:00,2025-10-08 15:00:00-04:00,2025-10-08 18:00:00-04:00,4070.60009765625,4049.8965894416515,4112.007114085447,LOSS,-1,-13.010160299708096,1288.0058696711014
GOLD,BUY,2025-10-08 23:00:00-04:00,2025-10-09 00:00:00-04:00,2025-10-09 10:00:00-04:00,4046.10009765625,4020.8322491870695,4096.635794594611,LOSS,-1,-12.880058696711014,1275.1258109743903
GOLD,BUY,2025-10-12 19:00:00-04:00,2025-10-12 20:00:00-04:00,2025-10-13 12:00:00-04:00,4053.0,4014.9832967165576,4129.033406566885,WIN,2,25.502516219487806,1300.6283271938782
GOLD,BUY,2025-10-14 01:00:00-04:00,2025-10-14 02:00:00-04:00,2025-10-14 02:00:00-04:00,4135.2998046875,4105.562168031951,4194.775077998599,LOSS,-1,-13.006283271938782,1287.6220439219394
GOLD,BUY,2025-10-14 09:00:00-04:00,2025-10-14 10:00:00-04:00,2025-10-14 23:00:00-04:00,4140.5,4106.606397801817,4208.287204396366,WIN,2,25.75244087843879,1313.3744848003782
GOLD,BUY,2025-10-15 00:00:00-04:00,2025-10-15 01:00:00-04:00,2025-10-15 23:00:00-04:00,4198.7001953125,4170.442760032375,4255.21506587275,WIN,2,26.267489696007566,1339.6419744963857
GOLD,BUY,2025-10-16 21:00:00-04:00,2025-10-16 22:00:00-04:00,2025-10-17 09:00:00-04:00,4326.10009765625,4285.146204579844,4408.007883809062,LOSS,-1,-13.396419744963858,1326.2455547514219
GOLD,BUY,2025-10-20 00:00:00-04:00,2025-10-20 01:00:00-04:00,2025-10-20 14:00:00-04:00,4279.2998046875,4229.199586347332,4379.500241367836,WIN,2,26.52491109502844,1352.7704658464504
GOLD,SELL,2025-10-21 22:00:00-04:00,2025-10-21 23:00:00-04:00,2025-10-27 10:00:00-04:00,4129.10009765625,4186.253213756366,4014.793865456018,WIN,2,27.05540931692901,1379.8258751633794
GOLD,SELL,2025-10-27 11:00:00-04:00,2025-10-27 12:00:00-04:00,2025-10-28 04:00:00-04:00,4004.800048828125,4043.890102651934,3926.619941180508,WIN,2,27.596517503267588,1407.4223926666468
GOLD,SELL,2025-10-28 06:00:00-04:00,2025-10-28 07:00:00-04:00,2025-10-28 11:00:00-04:00,3941.0,3979.999914171889,3863.000171656222,LOSS,-1,-14.074223926666468,1393.3481687399803
GOLD,SELL,2025-10-28 22:00:00-04:00,2025-10-28 23:00:00-04:00,2025-10-29 03:00:00-04:00,3974.60009765625,4010.7061510014587,3902.387990965832,LOSS,-1,-13.933481687399803,1379.4146870525806
GOLD,SELL,2025-10-29 14:00:00-04:00,2025-10-29 15:00:00-04:00,2025-10-30 05:00:00-04:00,3983.0,4017.3881376269583,3914.2237247460835,LOSS,-1,-13.794146870525806,1365.6205401820548
GOLD,SELL,2025-10-30 08:00:00-04:00,2025-10-30 09:00:00-04:00,2025-10-30 10:00:00-04:00,3972.199951171875,4011.6429531341737,3893.313947247277,LOSS,-1,-13.656205401820548,1351.9643347802344
GOLD,SELL,2025-11-03 20:00:00-05:00,2025-11-03 21:00:00-05:00,2025-11-04 09:00:00-05:00,3996.39990234375,4023.1427709775103,3942.914165076229,WIN,2,27.039286695604687,1379.003621475839
GOLD,SELL,2025-11-04 18:00:00-05:00,2025-11-04 19:00:00-05:00,2025-11-04 22:00:00-05:00,3942.39990234375,3968.3199106332577,3890.559885764734,LOSS,-1,-13.790036214758391,1365.2135852610807
GOLD,SELL,2025-11-05 00:00:00-05:00,2025-11-05 01:00:00-05:00,2025-11-05 11:00:00-05:00,3973.60009765625,3998.85537927648,3923.0895344157902,LOSS,-1,-13.652135852610806,1351.5614494084698
GOLD,SELL,2025-11-05 18:00:00-05:00,2025-11-05 19:00:00-05:00,2025-11-06 02:00:00-05:00,3982.699951171875,4004.0002468955468,3940.099359724532,LOSS,-1,-13.515614494084698,1338.045834914385
GOLD,BUY,2025-11-06 04:00:00-05:00,2025-11-06 05:00:00-05:00,2025-11-06 09:00:00-05:00,4020.39990234375,4002.2198387902336,4056.7600294507824,LOSS,-1,-13.38045834914385,1324.6653765652413
GOLD,BUY,2025-11-07 03:00:00-05:00,2025-11-07 04:00:00-05:00,2025-11-07 07:00:00-05:00,4017.89990234375,4000.034883437493,4053.6299401562637,LOSS,-1,-13.246653765652413,1311.418722799589
GOLD,BUY,2025-11-07 11:00:00-05:00,2025-11-07 12:00:00-05:00,2025-11-09 20:00:00-05:00,4015.89990234375,3993.1766452929337,4061.346416445383,WIN,2,26.22837445599178,1337.6470972555808
GOLD,BUY,2025-11-10 09:00:00-05:00,2025-11-10 10:00:00-05:00,2025-11-10 19:00:00-05:00,4091.300048828125,4070.46415934703,4132.971827790315,WIN,2,26.752941945111615,1364.4000392006924
GOLD,BUY,2025-11-11 00:00:00-05:00,2025-11-11 01:00:00-05:00,2025-11-11 10:00:00-05:00,4136.89990234375,4118.0023526614,4174.695001708448,LOSS,-1,-13.644000392006925,1350.7560388086854
GOLD,BUY,2025-11-11 14:00:00-05:00,2025-11-11 15:00:00-05:00,2025-11-11 23:00:00-05:00,4128.60009765625,4109.452641675355,4166.89500961804,LOSS,-1,-13.507560388086855,1337.2484784205985
GOLD,BUY,2025-11-12 03:00:00-05:00,2025-11-12 04:00:00-05:00,2025-11-12 10:00:00-05:00,4136.7001953125,4116.511828612824,4177.076928711853,WIN,2,26.74496956841197,1363.9934479890105
GOLD,BUY,2025-11-12 18:00:00-05:00,2025-11-12 19:00:00-05:00,2025-11-13 03:00:00-05:00,4195.5,4171.527823539573,4243.444352920856,WIN,2,27.27986895978021,1391.2733169487908
GOLD,BUY,2025-11-13 05:00:00-05:00,2025-11-13 06:00:00-05:00,2025-11-13 09:00:00-05:00,4230.7001953125,4205.842520271705,4280.41554539409,LOSS,-1,-13.912733169487908,1377.360583779303
GOLD,BUY,2025-11-13 10:00:00-05:00,2025-11-13 11:00:00-05:00,2025-11-13 13:00:00-05:00,4206.60009765625,4177.898465844277,4264.003361280196,LOSS,-1,-13.77360583779303,1363.58697794151
GOLD,BUY,2025-11-13 21:00:00-05:00,2025-11-13 22:00:00-05:00,2025-11-14 01:00:00-05:00,4209.60009765625,4179.430591052043,4269.939110864663,LOSS,-1,-13.635869779415101,1349.951108162095
GOLD,SELL,2025-11-14 10:00:00-05:00,2025-11-14 11:00:00-05:00,2025-11-17 14:00:00-05:00,4095.699951171875,4136.677167609327,4013.7455182969707,WIN,2,26.9990221632419,1376.9501303253369
GOLD,SELL,2025-11-17 15:00:00-05:00,2025-11-17 16:00:00-05:00,2025-11-18 09:00:00-05:00,4041.0,4076.8580057985323,3969.2839884029354,LOSS,-1,-13.769501303253369,1363.1806290220836
GOLD,BUY,2025-11-19 04:00:00-05:00,2025-11-19 05:00:00-05:00,2025-11-19 11:00:00-05:00,4114.10009765625,4086.755064718368,4168.790163532014,LOSS,-1,-13.631806290220837,1349.5488227318629
GOLD,BUY,2025-11-19 18:00:00-05:00,2025-11-19 19:00:00-05:00,2025-11-19 21:00:00-05:00,4104.2998046875,4073.583733988637,4165.731946085226,LOSS,-1,-13.49548822731863,1336.0533345045442
GOLD,SELL,2025-11-20 02:00:00-05:00,2025-11-20 03:00:00-05:00,2025-11-20 08:00:00-05:00,4058.300048828125,4089.749419559712,3995.401307364951,LOSS,-1,-13.360533345045441,1322.6928011594987
GOLD,SELL,2025-11-20 10:00:00-05:00,2025-11-20 11:00:00-05:00,2025-11-24 13:00:00-05:00,4069.300048828125,4103.323843710833,4001.252459062709,LOSS,-1,-13.226928011594987,1309.4658731479037
GOLD,BUY,2025-11-24 19:00:00-05:00,2025-11-24 20:00:00-05:00,2025-11-25 08:00:00-05:00,4126.7001953125,4101.362208696382,4177.376168544735,WIN,2,26.189317462958076,1335.6551906108618
GOLD,BUY,2025-11-25 15:00:00-05:00,2025-11-25 16:00:00-05:00,2025-11-28 12:30:00-05:00,4129.10009765625,4068.2707703272163,4250.7587523143175,WIN,2,26.713103812217238,1362.368294423079
GOLD,BUY,2025-12-01 00:00:00-05:00,2025-12-01 01:00:00-05:00,2025-12-02 04:00:00-05:00,4263.60009765625,4195.577549639936,4399.64519368888,LOSS,-1,-13.623682944230792,1348.7446114788484
GOLD,BUY,2025-12-02 09:00:00-05:00,2025-12-02 10:00:00-05:00,2025-12-02 10:00:00-05:00,4250.7998046875,4192.174030211111,4368.051353640278,LOSS,-1,-13.487446114788483,1335.2571653640598
GOLD,BUY,2025-12-02 15:00:00-05:00,2025-12-02 16:00:00-05:00,2025-12-04 00:00:00-05:00,4241.60009765625,4180.604994142558,4363.590304683635,LOSS,-1,-13.352571653640599,1321.9045937104192
GOLD,BUY,2025-12-04 23:00:00-05:00,2025-12-05 00:00:00-05:00,2025-12-05 11:00:00-05:00,4246.39990234375,4212.4157082294605,4314.368290572329,LOSS,-1,-13.219045937104193,1308.685547773315
GOLD,BUY,2025-12-08 00:00:00-05:00,2025-12-08 01:00:00-05:00,2025-12-08 01:00:00-05:00,4246.60009765625,4216.328080717225,4307.1441315343,LOSS,-1,-13.08685547773315,1295.5986922955817
GOLD,SELL,2025-12-09 00:00:00-05:00,2025-12-09 01:00:00-05:00,2025-12-09 04:00:00-05:00,4208.10009765625,4232.644545633051,4159.011201702647,LOSS,-1,-12.955986922955818,1282.6427053726259
GOLD,BUY,2025-12-09 15:00:00-05:00,2025-12-09 16:00:00-05:00,2025-12-10 05:00:00-05:00,4240.89990234375,4220.038286757623,4282.623133516005,LOSS,-1,-12.82642705372626,1269.8162783188995
GOLD,BUY,2025-12-10 15:00:00-05:00,2025-12-10 16:00:00-05:00,2025-12-10 22:00:00-05:00,4259.10009765625,4238.223587960732,4300.853117047284,LOSS,-1,-12.698162783188996,1257.1181155357106
GOLD,BUY,2025-12-11 01:00:00-05:00,2025-12-11 02:00:00-05:00,2025-12-11 10:00:00-05:00,4241.2998046875,4220.807379857519,4282.284654347463,WIN,2,25.142362310714212,1282.2604778464247
GOLD,BUY,2025-12-11 19:00:00-05:00,2025-12-11 20:00:00-05:00,2025-12-12 04:00:00-05:00,4299.5,4276.712712987924,4345.074574024152,WIN,2,25.645209556928496,1307.905687403353
GOLD,BUY,2025-12-12 10:00:00-05:00,2025-12-12 11:00:00-05:00,2025-12-12 11:00:00-05:00,4320.2998046875,4290.870794068316,4379.157825925869,LOSS,-1,-13.079056874033531,1294.8266305293196
GOLD,BUY,2025-12-12 12:00:00-05:00,2025-12-12 13:00:00-05:00,2025-12-18 11:00:00-05:00,4326.10009765625,4293.663572416526,4390.973148135698,WIN,2,25.89653261058639,1320.7231631399059
GOLD,BUY,2025-12-18 15:00:00-05:00,2025-12-18 16:00:00-05:00,2025-12-18 20:00:00-05:00,4365.7001953125,4340.173186915126,4416.7542121072465,LOSS,-1,-13.20723163139906,1307.5159315085068
GOLD,BUY,2025-12-19 04:00:00-05:00,2025-12-19 05:00:00-05:00,2025-12-21 20:00:00-05:00,4358.39990234375,4338.796096754276,4397.607513522699,WIN,2,26.150318630170137,1333.666250138677
GOLD,BUY,2025-12-23 04:00:00-05:00,2025-12-23 05:00:00-05:00,2025-12-23 09:00:00-05:00,4511.7998046875,4493.0823526894455,4549.234708683608,LOSS,-1,-13.33666250138677,1320.3295876372902
GOLD,BUY,2025-12-23 11:00:00-05:00,2025-12-23 12:00:00-05:00,2025-12-23 20:00:00-05:00,4501.60009765625,4477.148756497435,4550.502779973881,WIN,2,26.406591752745804,1346.7361793900359
GOLD,BUY,2025-12-26 00:00:00-05:00,2025-12-26 01:00:00-05:00,2025-12-28 19:00:00-05:00,4540.2998046875,4508.397040416686,4604.105333229128,LOSS,-1,-13.46736179390036,1333.2688175961355
GOLD,BUY,2025-12-28 22:00:00-05:00,2025-12-28 23:00:00-05:00,2025-12-29 01:00:00-05:00,4540.7998046875,4508.686298435681,4605.026817191137,LOSS,-1,-13.332688175961355,1319.9361294201742
GOLD,SELL,2025-12-29 18:00:00-05:00,2025-12-29 19:00:00-05:00,2025-12-30 05:00:00-05:00,4361.10009765625,4400.418905529312,4282.462481910126,LOSS,-1,-13.199361294201742,1306.7367681259725
GOLD,SELL,2025-12-30 08:00:00-05:00,2025-12-30 09:00:00-05:00,2025-12-31 00:00:00-05:00,4403.60009765625,4436.772824572171,4337.254643824407,WIN,2,26.13473536251945,1332.871503488492
GOLD,SELL,2025-12-31 01:00:00-05:00,2025-12-31 02:00:00-05:00,2026-01-02 00:00:00-05:00,4339.2998046875,4381.156216510257,4255.586981041985,LOSS,-1,-13.32871503488492,1319.542788453607
GOLD,SELL,2026-01-02 09:00:00-05:00,2026-01-02 10:00:00-05:00,2026-01-04 19:00:00-05:00,4364.7001953125,4397.312582800712,4299.475420336074,LOSS,-1,-13.195427884536072,1306.347360569071
GOLD,BUY,2026-01-04 22:00:00-05:00,2026-01-04 23:00:00-05:00,2026-01-05 22:00:00-05:00,4408.60009765625,4375.294641508485,4475.21100995178,WIN,2,26.12694721138142,1332.4743077804524
GOLD,BUY,2026-01-06 21:00:00-05:00,2026-01-06 22:00:00-05:00,2026-01-07 00:00:00-05:00,4486.0,4461.0598973767255,4535.880205246549,LOSS,-1,-13.324743077804523,1319.149564702648
GOLD,BUY,2026-01-07 03:00:00-05:00,2026-01-07 04:00:00-05:00,2026-01-07 07:00:00-05:00,4477.89990234375,4452.09164355656,4529.516419918131,LOSS,-1,-13.19149564702648,1305.9580690556215
GOLD,BUY,2026-01-07 11:00:00-05:00,2026-01-07 12:00:00-05:00,2026-01-07 21:00:00-05:00,4474.10009765625,4446.385671906329,4529.528949156092,LOSS,-1,-13.059580690556215,1292.8984883650653
GOLD,SELL,2026-01-08 06:00:00-05:00,2026-01-08 07:00:00-05:00,2026-01-08 10:00:00-05:00,4430.89990234375,4453.011605160625,4386.67649671,LOSS,-1,-12.928984883650653,1279.9695034814147
GOLD,BUY,2026-01-08 15:00:00-05:00,2026-01-08 16:00:00-05:00,2026-01-11 18:00:00-05:00,4485.2001953125,4460.10893555075,4535.382714836,WIN,2,25.599390069628296,1305.568893551043
GOLD,BUY,2026-01-11 20:00:00-05:00,2026-01-11 21:00:00-05:00,2026-01-14 07:00:00-05:00,4581.60009765625,4547.539514626138,4649.721263716474,WIN,2,26.11137787102086,1331.6802714220637
GOLD,BUY,2026-01-14 13:00:00-05:00,2026-01-14 14:00:00-05:00,2026-01-14 18:00:00-05:00,4642.60009765625,4615.4905897237,4696.819113521349,LOSS,-1,-13.316802714220637,1318.3634687078431
GOLD,BUY,2026-01-15 05:00:00-05:00,2026-01-15 06:00:00-05:00,2026-01-15 08:00:00-05:00,4624.2998046875,4599.046737240672,4674.805939581155,LOSS,-1,-13.183634687078431,1305.1798340207647
GOLD,BUY,2026-01-15 10:00:00-05:00,2026-01-15 11:00:00-05:00,2026-01-16 08:00:00-05:00,4620.0,4593.099218766702,4673.801562466597,LOSS,-1,-13.051798340207647,1292.128035680557
GOLD,BUY,2026-01-21 09:00:00-05:00,2026-01-21 10:00:00-05:00,2026-01-21 10:00:00-05:00,4853.7001953125,4818.636303552447,4923.8279788326045,LOSS,-1,-12.921280356805571,1279.2067553237516
GOLD,BUY,2026-01-21 15:00:00-05:00,2026-01-21 16:00:00-05:00,2026-01-21 20:00:00-05:00,4829.60009765625,4778.2855174996575,4932.229257969436,LOSS,-1,-12.792067553237516,1266.414687770514
GOLD,BUY,2026-01-22 00:00:00-05:00,2026-01-22 01:00:00-05:00,2026-01-22 13:00:00-05:00,4821.60009765625,4776.034047315966,4912.732198336817,WIN,2,25.328293755410282,1291.7429815259243
GOLD,BUY,2026-01-23 01:00:00-05:00,2026-01-23 02:00:00-05:00,2026-01-23 03:00:00-05:00,4954.5,4920.82146473666,5021.857070526678,LOSS,-1,-12.917429815259243,1278.825551710665
GOLD,BUY,2026-01-26 07:00:00-05:00,2026-01-26 08:00:00-05:00,2026-01-26 14:00:00-05:00,5076.60009765625,5040.192571217977,5149.415150532795,LOSS,-1,-12.78825551710665,1266.0372961935584
GOLD,BUY,2026-01-26 15:00:00-05:00,2026-01-26 16:00:00-05:00,2026-01-26 16:00:00-05:00,5049.60009765625,5003.257841713843,5142.284609541064,LOSS,-1,-12.660372961935584,1253.3769232316229
GOLD,BUY,2026-01-26 20:00:00-05:00,2026-01-26 21:00:00-05:00,2026-01-27 15:00:00-05:00,5054.7001953125,4999.170625047832,5165.759335841836,WIN,2,25.06753846463246,1278.4444616962553
GOLD,BUY,2026-01-27 18:00:00-05:00,2026-01-27 19:00:00-05:00,2026-01-28 01:00:00-05:00,5169.2998046875,5124.059768120147,5259.779877822207,WIN,2,25.568889233925105,1304.0133509301804
GOLD,BUY,2026-01-28 13:00:00-05:00,2026-01-28 14:00:00-05:00,2026-01-28 15:00:00-05:00,5315.0,5262.998715774162,5419.002568451677,WIN,2,26.08026701860361,1330.093617948784
GOLD,BUY,2026-01-29 05:00:00-05:00,2026-01-29 06:00:00-05:00,2026-01-29 10:00:00-05:00,5514.5,5438.876867945566,5665.746264108868,LOSS,-1,-13.30093617948784,1316.7926817692962
GOLD,BUY,2026-01-29 18:00:00-05:00,2026-01-29 19:00:00-05:00,2026-01-29 20:00:00-05:00,5467.5,5349.075376735161,5704.349246529679,LOSS,-1,-13.167926817692962,1303.6247549516033
GOLD,SELL,2026-01-30 08:00:00-05:00,2026-01-30 09:00:00-05:00,2026-02-02 13:00:00-05:00,5046.7001953125,5187.42933848234,4765.24190897282,WIN,2,26.072495099032068,1329.6972500506354
GOLD,SELL,2026-02-02 18:00:00-05:00,2026-02-02 19:00:00-05:00,2026-02-03 03:00:00-05:00,4798.7001953125,4956.674163492986,4482.752258951529,LOSS,-1,-13.296972500506355,1316.400277550129
GOLD,SELL,2026-02-03 12:00:00-05:00,2026-02-03 13:00:00-05:00,2026-02-03 20:00:00-05:00,4951.10009765625,5051.557742009752,4750.184808949247,LOSS,-1,-13.16400277550129,1303.2362747746276
GOLD,SELL,2026-02-04 09:00:00-05:00,2026-02-04 10:00:00-05:00,2026-02-04 21:00:00-05:00,5007.2998046875,5081.315969377761,4859.267475306979,WIN,2,26.064725495492553,1329.3010002701203
GOLD,SELL,2026-02-05 19:00:00-05:00,2026-02-05 20:00:00-05:00,2026-02-06 00:00:00-05:00,4779.10009765625,4874.2646942360425,4588.770904496665,LOSS,-1,-13.293010002701203,1316.007990267419
GOLD,SELL,2026-02-06 01:00:00-05:00,2026-02-06 02:00:00-05:00,2026-02-06 09:00:00-05:00,4865.0,4963.214597482338,4668.570805035323,LOSS,-1,-13.160079902674191,1302.8479103647448
GOLD,BUY,2026-02-06 16:00:00-05:00,2026-02-08 18:00:00-05:00,2026-02-11 05:00:00-05:00,5000.0,4937.315543248636,5125.368913502729,WIN,2,26.056958207294898,1328.9048685720397
GOLD,BUY,2026-02-11 07:00:00-05:00,2026-02-11 08:00:00-05:00,2026-02-11 08:00:00-05:00,5107.5,5063.334680279883,5195.830639440234,LOSS,-1,-13.289048685720397,1315.6158198863193
GOLD,BUY,2026-02-11 23:00:00-05:00,2026-02-12 00:00:00-05:00,2026-02-12 11:00:00-05:00,5090.0,5047.525279172419,5174.949441655163,LOSS,-1,-13.156158198863194,1302.459661687456
GOLD,SELL,2026-02-12 20:00:00-05:00,2026-02-12 21:00:00-05:00,2026-02-13 13:00:00-05:00,5000.2998046875,5058.749939201484,4883.399535659531,LOSS,-1,-13.024596616874561,1289.4350650705815
GOLD,SELL,2026-02-15 21:00:00-05:00,2026-02-15 22:00:00-05:00,2026-02-17 00:00:00-05:00,5013.7001953125,5059.6032010359695,4921.894183865561,WIN,2,25.78870130141163,1315.2237663719932
GOLD,SELL,2026-02-17 01:00:00-05:00,2026-02-17 02:00:00-05:00,2026-02-18 08:00:00-05:00,4928.5,4982.604396234013,4820.2912075319755,LOSS,-1,-13.152237663719932,1302.0715287082733
GOLD,BUY,2026-02-18 12:00:00-05:00,2026-02-18 13:00:00-05:00,2026-02-18 18:00:00-05:00,5020.2001953125,4985.71683228661,5089.16692136428,LOSS,-1,-13.020715287082734,1289.0508134211905
GOLD,BUY,2026-02-18 22:00:00-05:00,2026-02-18 23:00:00-05:00,2026-02-20 04:00:00-05:00,5000.0,4969.064368597136,5061.871262805728,WIN,2,25.78101626842381,1314.8318296896143
GOLD,BUY,2026-02-20 16:00:00-05:00,2026-02-22 18:00:00-05:00,2026-02-23 11:00:00-05:00,5157.0,5118.31255837028,5234.374883259439,WIN,2,26.296636593792286,1341.1284662834066
GOLD,BUY,2026-02-23 16:00:00-05:00,2026-02-23 18:00:00-05:00,2026-02-23 20:00:00-05:00,5247.5,5210.776205855701,5320.947588288597,LOSS,-1,-13.411284662834067,1327.7171816205725
GOLD,BUY,2026-02-24 00:00:00-05:00,2026-02-24 01:00:00-05:00,2026-02-24 07:00:00-05:00,5203.2001953125,5163.552652440259,5282.495281056982,LOSS,-1,-13.277171816205726,1314.4400098043668
GOLD,BUY,2026-02-24 12:00:00-05:00,2026-02-24 13:00:00-05:00,2026-02-24 18:00:00-05:00,5182.10009765625,5141.021393580762,5264.257505807226,LOSS,-1,-13.144400098043668,1301.2956097063231
GOLD,BUY,2026-02-24 20:00:00-05:00,2026-02-24 21:00:00-05:00,2026-02-26 10:00:00-05:00,5194.39990234375,5153.207781304776,5276.784144421697,LOSS,-1,-13.012956097063231,1288.28265360926
GOLD,BUY,2026-02-26 13:00:00-05:00,2026-02-26 14:00:00-05:00,2026-02-27 11:00:00-05:00,5197.2998046875,5159.556723814582,5272.7859664333355,WIN,2,25.765653072185202,1314.0483066814452
GOLD,BUY,2026-02-27 16:00:00-05:00,2026-03-01 18:00:00-05:00,2026-03-01 20:00:00-05:00,5364.2001953125,5329.291663828062,5434.017258281375,LOSS,-1,-13.140483066814452,1300.9078236146308
GOLD,BUY,2026-03-02 03:00:00-05:00,2026-03-02 04:00:00-05:00,2026-03-02 09:00:00-05:00,5409.10009765625,5360.969597280853,5505.361098407044,LOSS,-1,-13.009078236146308,1287.8987453784846
GOLD,BUY,2026-03-02 14:00:00-05:00,2026-03-02 15:00:00-05:00,2026-03-03 04:00:00-05:00,5344.10009765625,5291.905494909527,5448.489303149696,LOSS,-1,-12.878987453784847,1275.0197579246997
GOLD,SELL,2026-03-03 08:00:00-05:00,2026-03-03 09:00:00-05:00,2026-03-15 19:00:00-04:00,5166.89990234375,5250.410580972441,4999.878545086369,WIN,2,25.500395158493994,1300.5201530831937
GOLD,SELL,2026-03-15 20:00:00-04:00,2026-03-15 21:00:00-04:00,2026-03-18 07:00:00-04:00,5031.5,5074.433642767167,4945.632714465666,WIN,2,26.010403061663876,1326.5305561448577
GOLD,SELL,2026-03-18 13:00:00-04:00,2026-03-18 14:00:00-04:00,2026-03-18 16:00:00-04:00,4895.2001953125,4934.232903889624,4817.134778158252,WIN,2,26.530611122897152,1353.0611672677549
GOLD,SELL,2026-03-18 21:00:00-04:00,2026-03-18 22:00:00-04:00,2026-03-19 02:00:00-04:00,4851.2001953125,4892.686741167793,4768.227103601915,WIN,2,27.0612233453551,1380.12239061311
GOLD,SELL,2026-03-19 15:00:00-04:00,2026-03-19 16:00:00-04:00,2026-03-19 23:00:00-04:00,4647.5,4721.539206194001,4499.421587611999,LOSS,-1,-13.8012239061311,1366.3211667069788
GOLD,SELL,2026-03-20 01:00:00-04:00,2026-03-20 02:00:00-04:00,2026-03-20 10:00:00-04:00,4690.0,4751.326461647263,4567.347076705474,WIN,2,27.326423334139577,1393.6475900411183
GOLD,SELL,2026-03-23 07:00:00-04:00,2026-03-23 08:00:00-04:00,2026-03-23 10:00:00-04:00,4380.10009765625,4497.435329339287,4145.429634290176,LOSS,-1,-13.936475900411184,1379.7111141407072
GOLD,SELL,2026-03-23 11:00:00-04:00,2026-03-23 12:00:00-04:00,2026-03-24 19:00:00-04:00,4364.10009765625,4493.524071450881,4105.252150066988,LOSS,-1,-13.797111141407072,1365.9140029993
GOLD,SELL,2026-03-26 04:00:00-04:00,2026-03-26 05:00:00-04:00,2026-03-27 03:00:00-04:00,4425.39990234375,4481.996475824303,4312.206755382645,LOSS,-1,-13.659140029993,1352.254862969307
GOLD,BUY,2026-03-30 08:00:00-04:00,2026-03-30 09:00:00-04:00,2026-03-30 09:00:00-04:00,4599.89990234375,4550.579882911429,4698.539941208392,LOSS,-1,-13.52254862969307,1338.7323143396138
GOLD,BUY,2026-03-30 21:00:00-04:00,2026-03-30 22:00:00-04:00,2026-03-30 23:00:00-04:00,4634.7001953125,4579.258373944652,4745.583838048197,LOSS,-1,-13.387323143396138,1325.3449911962177
GOLD,BUY,2026-03-31 00:00:00-04:00,2026-03-31 01:00:00-04:00,2026-03-31 13:00:00-04:00,4592.7001953125,4540.192095910877,4697.716394115746,WIN,2,26.506899823924357,1351.8518910201421
GOLD,BUY,2026-03-31 16:00:00-04:00,2026-03-31 18:00:00-04:00,2026-04-01 10:00:00-04:00,4698.39990234375,4651.527254593548,4792.1451978441555,WIN,2,27.037037820402844,1378.888928840545
GOLD,BUY,2026-04-01 13:00:00-04:00,2026-04-01 14:00:00-04:00,2026-04-01 21:00:00-04:00,4801.10009765625,4756.503000791295,4890.294291386161,LOSS,-1,-13.788889288405452,1365.1000395521396
GOLD,BUY,2026-04-02 10:00:00-04:00,2026-04-02 11:00:00-04:00,2026-04-05 18:00:00-04:00,4708.39990234375,4643.700553140147,4837.798600750956,LOSS,-1,-13.651000395521397,1351.4490391566183
GOLD,SELL,2026-04-05 19:00:00-04:00,2026-04-05 20:00:00-04:00,2026-04-05 22:00:00-04:00,4637.2001953125,4695.522691049456,4520.555203838588,LOSS,-1,-13.514490391566182,1337.934548765052
GOLD,BUY,2026-04-06 04:00:00-04:00,2026-04-06 05:00:00-04:00,2026-04-06 13:00:00-04:00,4722.7998046875,4672.018426781024,4824.362560500453,LOSS,-1,-13.379345487650522,1324.5552032774017
GOLD,SELL,2026-04-06 21:00:00-04:00,2026-04-06 22:00:00-04:00,2026-04-07 00:00:00-04:00,4652.2998046875,4690.208217509758,4576.482979042985,LOSS,-1,-13.245552032774016,1311.3096512446277
GOLD,BUY,2026-04-07 15:00:00-04:00,2026-04-07 16:00:00-04:00,2026-04-07 18:00:00-04:00,4727.2998046875,4679.563451181985,4822.772511698528,WIN,2,26.226193024892556,1337.5358442695203
GOLD,BUY,2026-04-07 23:00:00-04:00,2026-04-08 00:00:00-04:00,2026-04-08 10:00:00-04:00,4826.7998046875,4774.233727518055,4931.93195902639,LOSS,-1,-13.375358442695203,1324.1604858268252
GOLD,BUY,2026-04-08 12:00:00-04:00,2026-04-08 13:00:00-04:00,2026-04-08 14:00:00-04:00,4785.7001953125,4736.321918600906,4884.456748735687,LOSS,-1,-13.241604858268252,1310.918880968557
GOLD,BUY,2026-04-09 06:00:00-04:00,2026-04-09 07:00:00-04:00,2026-04-12 18:00:00-04:00,4765.7998046875,4729.012931422076,4839.373551218348,LOSS,-1,-13.10918880968557,1297.8096921588715
GOLD,SELL,2026-04-12 20:00:00-04:00,2026-04-12 21:00:00-04:00,2026-04-13 03:00:00-04:00,4717.5,4758.344461625358,4635.811076749283,LOSS,-1,-12.978096921588715,1284.8315952372827
GOLD,BUY,2026-04-13 20:00:00-04:00,2026-04-13 21:00:00-04:00,2026-04-14 13:00:00-04:00,4792.7001953125,4761.503532498206,4855.093520941087,WIN,2,25.696631904745654,1310.5282271420283
GOLD,BUY,2026-04-14 18:00:00-04:00,2026-04-14 19:00:00-04:00,2026-04-15 03:00:00-04:00,4859.10009765625,4829.616639098714,4918.067014771323,LOSS,-1,-13.105282271420283,1297.422944870608
GOLD,BUY,2026-04-15 07:00:00-04:00,2026-04-15 08:00:00-04:00,2026-04-16 09:00:00-04:00,4835.0,4805.706157009368,4893.587685981263,LOSS,-1,-12.974229448706081,1284.4487154219019
GOLD,BUY,2026-04-17 11:00:00-04:00,2026-04-17 12:00:00-04:00,2026-04-17 16:00:00-04:00,4889.5,4856.1828417676115,4956.134316464777,LOSS,-1,-12.844487154219019,1271.6042282676829
GOLD,BUY,2026-04-20 09:00:00-04:00,2026-04-20 10:00:00-04:00,2026-04-21 08:00:00-04:00,4838.7998046875,4786.654938289703,4943.089537483095,LOSS,-1,-12.71604228267683,1258.888185985006
GOLD,SELL,2026-04-21 16:00:00-04:00,2026-04-21 18:00:00-04:00,2026-04-22 01:00:00-04:00,4738.7001953125,4782.816872657786,4650.466840621927,LOSS,-1,-12.58888185985006,1246.299304125156
GOLD,SELL,2026-04-22 04:00:00-04:00,2026-04-22 05:00:00-04:00,2026-04-22 20:00:00-04:00,4775.5,4805.875271167522,4714.749457664956,WIN,2,24.92598608250312,1271.225290207659
GOLD,SELL,2026-04-22 21:00:00-04:00,2026-04-22 22:00:00-04:00,2026-04-24 00:00:00-04:00,4738.89990234375,4769.580947980304,4677.537811070643,WIN,2,25.42450580415318,1296.6497960118122
GOLD,SELL,2026-04-26 18:00:00-04:00,2026-04-26 19:00:00-04:00,2026-04-26 22:00:00-04:00,4699.10009765625,4731.1018312533,4635.096630462152,LOSS,-1,-12.966497960118122,1283.683298051694
GOLD,SELL,2026-04-27 04:00:00-04:00,2026-04-27 05:00:00-04:00,2026-04-28 01:00:00-04:00,4722.2998046875,4748.556631586406,4669.7861508896885,WIN,2,25.67366596103388,1309.356964012728
GOLD,SELL,2026-04-28 08:00:00-04:00,2026-04-28 09:00:00-04:00,2026-04-29 09:00:00-04:00,4607.0,4639.04158697965,4542.9168260407005,WIN,2,26.18713928025456,1335.5441032929825
GOLD,SELL,2026-04-29 10:00:00-04:00,2026-04-29 11:00:00-04:00,2026-04-29 20:00:00-04:00,4551.89990234375,4583.42591790457,4488.84787122211,LOSS,-1,-13.355441032929825,1322.1886622600528
GOLD,SELL,2026-04-29 22:00:00-04:00,2026-04-29 23:00:00-04:00,2026-04-30 03:00:00-04:00,4576.39990234375,4605.873481255581,4517.452744520087,LOSS,-1,-13.221886622600527,1308.9667756374522
GOLD,SELL,2026-05-01 05:00:00-04:00,2026-05-01 06:00:00-04:00,2026-05-01 08:00:00-04:00,4573.7001953125,4598.974328358203,4523.151929221094,LOSS,-1,-13.089667756374523,1295.8771078810778
GOLD,SELL,2026-05-04 03:00:00-04:00,2026-05-04 04:00:00-04:00,2026-05-04 11:00:00-04:00,4589.89990234375,4618.902882497476,4531.893942036298,WIN,2,25.917542157621558,1321.7946500386993
GOLD,SELL,2026-05-04 16:00:00-04:00,2026-05-04 18:00:00-04:00,2026-05-05 03:00:00-04:00,4534.0,4567.016284557931,4467.967430884138,LOSS,-1,-13.217946500386994,1308.5767035383124
GOLD,SELL,2026-05-05 06:00:00-04:00,2026-05-05 07:00:00-04:00,2026-05-05 08:00:00-04:00,4554.0,4579.513625171575,4502.972749656849,LOSS,-1,-13.085767035383125,1295.4909365029293
GOLD,SELL,2026-05-05 15:00:00-04:00,2026-05-05 16:00:00-04:00,2026-05-05 19:00:00-04:00,4566.0,4590.3503206614805,4517.299358677039,LOSS,-1,-12.954909365029295,1282.5360271379
GOLD,BUY,2026-05-06 08:00:00-04:00,2026-05-06 09:00:00-04:00,2026-05-07 02:00:00-04:00,4694.10009765625,4662.203686907259,4757.892919154233,WIN,2,25.650720542758,1308.186747680658
GOLD,BUY,2026-05-07 04:00:00-04:00,2026-05-07 05:00:00-04:00,2026-05-07 11:00:00-04:00,4741.39990234375,4711.601450737187,4800.996805556876,LOSS,-1,-13.08186747680658,1295.1048802038515
GOLD,BUY,2026-05-07 21:00:00-04:00,2026-05-07 22:00:00-04:00,2026-05-10 18:00:00-04:00,4731.10009765625,4693.823365635563,4805.6535616976225,LOSS,-1,-12.951048802038516,1282.153831401813
GOLD,SELL,2026-05-11 05:00:00-04:00,2026-05-11 06:00:00-04:00,2026-05-11 08:00:00-04:00,4665.0,4696.6346909249905,4601.730618150018,LOSS,-1,-12.821538314018131,1269.3322930877948
GOLD,BUY,2026-05-11 11:00:00-04:00,2026-05-11 12:00:00-04:00,2026-05-12 02:00:00-04:00,4742.0,4708.033516054482,4809.932967891036,LOSS,-1,-12.69332293087795,1256.638970156917
GOLD,SELL,2026-05-12 10:00:00-04:00,2026-05-12 11:00:00-04:00,2026-05-12 15:00:00-04:00,4680.0,4711.4980190666265,4617.003961866748,LOSS,-1,-12.56638970156917,1244.0725804553476
GOLD,SELL,2026-05-13 09:00:00-04:00,2026-05-13 10:00:00-04:00,2026-05-13 12:00:00-04:00,4686.2001953125,4712.716989993062,4633.1666059513755,LOSS,-1,-12.440725804553477,1231.6318546507941
GOLD,SELL,2026-05-13 23:00:00-04:00,2026-05-14 00:00:00-04:00,2026-05-14 00:00:00-04:00,4680.7998046875,4705.938335335123,4630.522743392253,LOSS,-1,-12.316318546507942,1219.3155361042861
GOLD,SELL,2026-05-14 09:00:00-04:00,2026-05-14 10:00:00-04:00,2026-05-14 20:00:00-04:00,4685.0,4714.872287347542,4625.255425304917,WIN,2,24.386310722085724,1243.7018468263718
GOLD,SELL,2026-05-15 06:00:00-04:00,2026-05-15 07:00:00-04:00,2026-05-17 20:00:00-04:00,4570.5,4605.399625580325,4500.700748839351,WIN,2,24.874036936527435,1268.5758837628994
GOLD,SELL,2026-05-18 10:00:00-04:00,2026-05-18 11:00:00-04:00,2026-05-18 19:00:00-04:00,4551.0,4589.063032031416,4474.873935937168,LOSS,-1,-12.685758837628994,1255.8901249252704
GOLD,SELL,2026-05-18 22:00:00-04:00,2026-05-18 23:00:00-04:00,2026-05-19 09:00:00-04:00,4549.89990234375,4581.762899684152,4486.173907662945,WIN,2,25.11780249850541,1281.0079274237758
GOLD,SELL,2026-05-20 08:00:00-04:00,2026-05-20 09:00:00-04:00,2026-05-20 10:00:00-04:00,4499.0,4526.517024360968,4443.965951278063,LOSS,-1,-12.810079274237758,1268.197848149538
GOLD,SELL,2026-05-21 06:00:00-04:00,2026-05-21 07:00:00-04:00,2026-05-21 13:00:00-04:00,4512.2998046875,4542.027042579276,4452.845328903947,LOSS,-1,-12.68197848149538,1255.5158696680426
GOLD,SELL,2026-05-22 03:00:00-04:00,2026-05-22 04:00:00-04:00,2026-05-27 07:00:00-04:00,4522.7001953125,4548.129363901487,4471.841858134527,WIN,2,25.11031739336085,1280.6261870614035
GOLD,SELL,2026-05-28 01:00:00-04:00,2026-05-28 02:00:00-04:00,2026-05-28 08:00:00-04:00,4417.2001953125,4450.071424280287,4351.457737376927,LOSS,-1,-12.806261870614035,1267.8199251907895
GOLD,BUY,2026-05-28 21:00:00-04:00,2026-05-28 22:00:00-04:00,2026-05-29 10:00:00-04:00,4536.60009765625,4507.418237088919,4594.96381879091,WIN,2,25.35639850381579,1293.1763236946053
GOLD,BUY,2026-05-29 13:00:00-04:00,2026-05-29 14:00:00-04:00,2026-05-31 22:00:00-04:00,4584.2001953125,4552.403078905571,4647.794428126357,LOSS,-1,-12.931763236946054,1280.2445604576592
GOLD,SELL,2026-06-01 11:00:00-04:00,2026-06-01 12:00:00-04:00,2026-06-02 00:00:00-04:00,4504.7001953125,4535.510632632917,4443.079320671666,LOSS,-1,-12.802445604576592,1267.4421148530826
GOLD,BUY,2026-06-02 02:00:00-04:00,2026-06-02 03:00:00-04:00,2026-06-02 09:00:00-04:00,4565.7998046875,4539.275379882332,4618.848654297835,LOSS,-1,-12.674421148530826,1254.7676937045517
GOLD,SELL,2026-06-02 15:00:00-04:00,2026-06-02 16:00:00-04:00,2026-06-03 04:00:00-04:00,4517.7998046875,4540.292172248788,4472.815069564925,WIN,2,25.095353874091035,1279.8630475786426
GOLD,SELL,2026-06-04 03:00:00-04:00,2026-06-04 04:00:00-04:00,2026-06-04 07:00:00-04:00,4488.39990234375,4515.652044383276,4433.895618264699,LOSS,-1,-12.798630475786426,1267.0644171028562
GOLD,SELL,2026-06-04 10:00:00-04:00,2026-06-04 11:00:00-04:00,2026-06-05 09:00:00-04:00,4493.2001953125,4524.887556451072,4429.8254730353565,WIN,2,25.341288342057123,1292.4057054449133
GOLD,SELL,2026-06-05 16:00:00-04:00,2026-06-07 18:00:00-04:00,2026-06-07 20:00:00-04:00,4342.2001953125,4376.523264059649,4273.554057818203,LOSS,-1,-12.924057054449134,1279.4816483904642
GOLD,SELL,2026-06-08 02:00:00-04:00,2026-06-08 03:00:00-04:00,2026-06-08 08:00:00-04:00,4325.10009765625,4361.8635761610585,4251.573140646633,LOSS,-1,-12.794816483904642,1266.6868319065595
GOLD,SELL,2026-06-08 23:00:00-04:00,2026-06-09 00:00:00-04:00,2026-06-09 09:00:00-04:00,4360.7998046875,4387.594932039696,4307.2095499831075,LOSS,-1,-12.666868319065596,1254.019963587494
GOLD,SELL,2026-06-09 14:00:00-04:00,2026-06-09 15:00:00-04:00,2026-06-09 20:00:00-04:00,4294.60009765625,4328.461102662453,4226.878087643844,WIN,2,25.08039927174988,1279.100362859244
GOLD,SELL,2026-06-10 01:00:00-04:00,2026-06-10 02:00:00-04:00,2026-06-10 08:00:00-04:00,4228.60009765625,4264.313975349843,4157.172342269064,WIN,2,25.582007257184877,1304.6823701164287
GOLD,SELL,2026-06-10 09:00:00-04:00,2026-06-10 10:00:00-04:00,2026-06-10 15:00:00-04:00,4202.60009765625,4243.917164273808,4119.965964421133,WIN,2,26.093647402328575,1330.7760175187573
GOLD,SELL,2026-06-10 20:00:00-04:00,2026-06-10 21:00:00-04:00,2026-06-11 13:00:00-04:00,4097.2998046875,4142.586113901568,4006.7271862593634,LOSS,-1,-13.307760175187573,1317.4682573435698
GOLD,BUY,2026-06-15 01:00:00-04:00,2026-06-15 02:00:00-04:00,2026-06-17 14:00:00-04:00,4331.5,4294.550517275087,4405.398965449826,LOSS,-1,-13.174682573435698,1304.293574770134
GOLD,SELL,2026-06-17 18:00:00-04:00,2026-06-17 19:00:00-04:00,2026-06-17 20:00:00-04:00,4285.7001953125,4326.031770606111,4205.037044725277,LOSS,-1,-13.04293574770134,1291.2506390224326
GOLD,SELL,2026-06-18 01:00:00-04:00,2026-06-18 02:00:00-04:00,2026-06-18 11:00:00-04:00,4328.39990234375,4365.391063525921,4254.417579979408,WIN,2,25.825012780448652,1317.075651802881
GOLD,SELL,2026-06-21 20:00:00-04:00,2026-06-21 21:00:00-04:00,2026-06-23 00:00:00-04:00,4217.7001953125,4253.846405467261,4145.407775002977,WIN,2,26.341513036057624,1343.4171648389388
GOLD,SELL,2026-06-23 04:00:00-04:00,2026-06-23 05:00:00-04:00,2026-06-24 08:00:00-04:00,4123.0,4170.432448803074,4028.135102393852,WIN,2,26.868343296778775,1370.2855081357175
GOLD,SELL,2026-06-24 09:00:00-04:00,2026-06-24 10:00:00-04:00,2026-06-26 10:00:00-04:00,4054.89990234375,4096.874240344748,3970.951226341755,LOSS,-1,-13.702855081357175,1356.5826530543602
GOLD,SELL,2026-06-29 10:00:00-04:00,2026-06-29 11:00:00-04:00,2026-06-29 21:00:00-04:00,4039.89990234375,4070.3060010795557,3979.0877048721386,WIN,2,27.131653061087206,1383.7143061154475
GOLD,SELL,2026-06-30 00:00:00-04:00,2026-06-30 01:00:00-04:00,2026-06-30 02:00:00-04:00,3999.699951171875,4029.859018148017,3939.3818172195906,LOSS,-1,-13.837143061154475,1369.877163054293
GOLD,SELL,2026-06-30 04:00:00-04:00,2026-06-30 05:00:00-04:00,2026-06-30 10:00:00-04:00,4029.0,4061.757201245146,3963.485597509708,LOSS,-1,-13.69877163054293,1356.17839142375
GOLD,SELL,2026-06-30 15:00:00-04:00,2026-06-30 16:00:00-04:00,2026-07-01 03:00:00-04:00,4030.199951171875,4058.2689848941895,3974.061883727246,WIN,2,27.123567828475004,1383.301959252225
GOLD,BUY,2026-07-02 08:00:00-04:00,2026-07-02 09:00:00-04:00,2026-07-02 21:00:00-04:00,4130.7998046875,4097.8315800903,4196.736253881901,WIN,2,27.6660391850445,1410.9679984372697
GOLD,BUY,2026-07-05 22:00:00-04:00,2026-07-05 23:00:00-04:00,2026-07-06 05:00:00-04:00,4185.89990234375,4153.811636500662,4250.0764340299265,LOSS,-1,-14.109679984372697,1396.858318452897
GOLD,BUY,2026-07-06 11:00:00-04:00,2026-07-06 12:00:00-04:00,2026-07-07 15:00:00-04:00,4160.10009765625,4116.4100542839005,4247.480184400949,LOSS,-1,-13.96858318452897,1382.889735268368
GOLD,SELL,2026-07-07 19:00:00-04:00,2026-07-07 20:00:00-04:00,2026-07-07 20:00:00-04:00,4108.5,4136.120822799125,4053.2583544017502,LOSS,-1,-13.828897352683681,1369.0608379156843
GOLD,SELL,2026-07-07 21:00:00-04:00,2026-07-07 22:00:00-04:00,2026-07-08 04:00:00-04:00,4122.2001953125,4151.349567573767,4063.9014507899656,WIN,2,27.381216758313684,1396.442054673998
GOLD,SELL,2026-07-08 07:00:00-04:00,2026-07-08 08:00:00-04:00,2026-07-09 02:00:00-04:00,4071.89990234375,4104.357686070141,4006.984334890967,LOSS,-1,-13.96442054673998,1382.477634127258
GOLD,BUY,2026-07-09 12:00:00-04:00,2026-07-09 13:00:00-04:00,2026-07-10 04:00:00-04:00,4137.7998046875,4112.391756182513,4188.615901697474,LOSS,-1,-13.82477634127258,1368.6528577859854
GOLD,SELL,2026-07-10 10:00:00-04:00,2026-07-10 11:00:00-04:00,2026-07-10 16:00:00-04:00,4101.89990234375,4125.473815674363,4054.752075682523,LOSS,-1,-13.686528577859853,1354.9663292081254
GOLD,SELL,2026-07-13 03:00:00-04:00,2026-07-13 04:00:00-04:00,2026-07-13 10:00:00-04:00,4072.800048828125,4098.653860291687,4021.0924259010017,WIN,2,27.099326584162508,1382.065655792288
GOLD,SELL,2026-07-13 20:00:00-04:00,2026-07-13 21:00:00-04:00,2026-07-14 01:00:00-04:00,4010.800048828125,4037.0619310718357,3958.276284340704,LOSS,-1,-13.82065655792288,1368.2449992343652
GOLD,SELL,2026-07-14 21:00:00-04:00,2026-07-14 22:00:00-04:00,2026-07-15 08:00:00-04:00,4043.0,4068.275876359253,3992.4482472814943,LOSS,-1,-13.682449992343653,1354.5625492420215
GOLD,SELL,2026-07-15 12:00:00-04:00,2026-07-15 13:00:00-04:00,2026-07-15 13:00:00-04:00,4040.39990234375,4066.1384488299127,3988.9228093714246,LOSS,-1,-13.545625492420216,1341.0169237496013
GOLD,SELL,2026-07-15 22:00:00-04:00,2026-07-15 23:00:00-04:00,2026-07-16 09:00:00-04:00,4036.800048828125,4061.418518962975,3987.5631085584246,WIN,2,26.820338474992027,1367.8372622245934
GOLD,SELL,2026-07-16 10:00:00-04:00,2026-07-16 11:00:00-04:00,2026-07-19 22:00:00-04:00,4002.199951171875,4030.0623041194476,3946.4752452767298,LOSS,-1,-13.678372622245934,1354.1588896023475
GOLD,SELL,2026-07-20 02:00:00-04:00,2026-07-20 03:00:00-04:00,2026-07-20 04:00:00-04:00,4008.0,4032.525298089881,3958.9494038202383,LOSS,-1,-13.541588896023475,1340.617300706324
GOLD,SELL,2026-07-20 10:00:00-04:00,2026-07-20 11:00:00-04:00,2026-07-20 21:00:00-04:00,4010.39990234375,4034.261097462626,3962.677512105998,LOSS,-1,-13.40617300706324,1327.2111276992607
GOLD,BUY,2026-07-20 23:00:00-04:00,2026-07-21 00:00:00-04:00,2026-07-21 20:00:00-04:00,4051.699951171875,4028.422894748937,4098.254064017751,WIN,2,26.544222553985215,1353.755350253246
GOLD,BUY,2026-07-22 02:00:00-04:00,2026-07-22 03:00:00-04:00,2026-07-22 10:00:00-04:00,4120.7998046875,4099.412647588013,4163.574118886474,WIN,2,27.075107005064922,1380.8304572583108
GOLD,BUY,2026-07-22 12:00:00-04:00,2026-07-22 13:00:00-04:00,2026-07-22 18:00:00-04:00,4152.7998046875,4128.042493416916,4202.314427228667,LOSS,-1,-13.80830457258311,1367.0221526857276
GOLD,BUY,2026-07-22 22:00:00-04:00,2026-07-22 23:00:00-04:00,2026-07-23 03:00:00-04:00,4130.89990234375,4103.86258864317,4184.974529744911,LOSS,-1,-13.670221526857276,1353.3519311588705
GOLD,SELL,2026-07-23 11:00:00-04:00,2026-07-23 12:00:00-04:00,2026-07-24 11:00:00-04:00,4051.5,4078.4095322052,3997.6809355896007,LOSS,-1,-13.533519311588705,1339.8184118472818
GOLD,SELL,2026-07-24 14:00:00-04:00,2026-07-24 15:00:00-04:00,2026-07-26 18:00:00-04:00,4056.89990234375,4077.142386359575,4016.4149343121,LOSS,-1,-13.398184118472818,1326.420227728809
GOLD,BUY,2026-07-26 21:00:00-04:00,2026-07-26 22:00:00-04:00,2026-07-26 23:00:00-04:00,4112.2001953125,4089.494887185964,4157.610811565572,LOSS,-1,-13.264202277288092,1313.156025451521
GOLD,BUY,2026-07-27 12:00:00-04:00,2026-07-27 13:00:00-04:00,2026-07-27 20:00:00-04:00,4084.0,4063.1130853745653,4125.773829250869,LOSS,-1,-13.13156025451521,1300.0244651970056
GOLD,SELL,2026-07-27 21:00:00-04:00,2026-07-27 22:00:00-04:00,2026-07-29 03:00:00-04:00,4045.89990234375,4065.698345539656,4006.303015951938,LOSS,-1,-13.000244651970057,1287.0242205450356
GOLD,BUY,2026-07-29 07:00:00-04:00,2026-07-29 08:00:00-04:00,2026-07-29 08:00:00-04:00,4091.699951171875,4068.8128398725084,4137.474173770608,LOSS,-1,-12.870242205450356,1274.1539783395854
GOLD,BUY,2026-07-29 11:00:00-04:00,2026-07-29 12:00:00-04:00,2026-07-29 14:00:00-04:00,4068.5,4044.5000089117193,4116.499982176561,WIN,2,25.48307956679171,1299.637057906377
GOLD,BUY,2026-07-29 15:00:00-04:00,2026-07-29 16:00:00-04:00,2026-07-30 10:00:00-04:00,4104.2001953125,4067.348600042297,4177.903385852906,WIN,2,25.992741158127544,1325.6297990645046
GOLD,BUY,2026-08-02 19:00:00-04:00,2026-08-02 20:00:00-04:00,2026-08-02 21:00:00-04:00,4130.5,4106.818391892995,4177.863216214009,LOSS,-1,-13.256297990645047,1312.3735010738596
GOLD,BUY,2026-08-02 22:00:00-04:00,2026-08-02 23:00:00-04:00,2026-08-03 09:00:00-04:00,4117.60009765625,4093.283784082403,4166.232724803944,LOSS,-1,-13.123735010738597,1299.2497660631211
GOLD,BUY,2026-08-04 07:00:00-04:00,2026-08-04 08:00:00-04:00,2026-08-04 22:00:00-04:00,4132.2998046875,4110.546806993245,4175.805800076009,WIN,2,25.984995321262424,1325.2347613843835
GOLD,BUY,2026-08-05 23:00:00-04:00,2026-08-06 00:00:00-04:00,2026-08-06 09:00:00-04:00,4324.5,4290.842665404974,4391.814669190053,LOSS,-1,-13.252347613843837,1311.9824137705398
GOLD,BUY,2026-08-06 13:00:00-04:00,2026-08-06 14:00:00-04:00,2026-08-07 04:00:00-04:00,4305.89990234375,4272.99323980371,4371.713227423831,WIN,2,26.239648275410797,1338.2220620459507
GOLD,BUY,2026-08-07 10:00:00-04:00,2026-08-07 11:00:00-04:00,2026-08-10 20:00:00-04:00,4401.39990234375,4367.173770244379,4469.852166542493,WIN,2,26.764441240919012,1364.9865032868697
GOLD,BUY,2026-08-10 22:00:00-04:00,2026-08-10 23:00:00-04:00,2026-08-11 01:00:00-04:00,4470.7001953125,4442.002643741432,4528.0952984546375,LOSS,-1,-13.649865032868698,1351.336638254001
GOLD,BUY,2026-08-11 05:00:00-04:00,2026-08-11 06:00:00-04:00,2026-08-12 08:00:00-04:00,4431.2998046875,4403.003884171798,4487.891645718904,WIN,2,27.02673276508002,1378.363371019081
GOLD,BUY,2026-08-12 14:00:00-04:00,2026-08-12 15:00:00-04:00,2026-08-13 01:00:00-04:00,4473.2001953125,4442.676148154002,4534.248289629497,LOSS,-1,-13.78363371019081,1364.5797373088901
GOLD,BUY,2026-08-13 08:00:00-04:00,2026-08-13 09:00:00-04:00,2026-08-13 09:00:00-04:00,4458.5,4431.731397909822,4512.037204180357,LOSS,-1,-13.645797373088902,1350.9339399358012
GOLD,BUY,2026-08-16 20:00:00-04:00,2026-08-16 21:00:00-04:00,2026-08-18 09:00:00-04:00,4457.10009765625,4432.854814416422,4505.590664135905,LOSS,-1,-13.509339399358012,1337.4246005364432
GOLD,SELL,2026-08-19 01:00:00-04:00,2026-08-19 02:00:00-04:00,2026-08-19 03:00:00-04:00,4389.0,4412.706894593227,4341.586210813547,LOSS,-1,-13.374246005364432,1324.0503545310787
GOLD,BUY,2026-08-19 21:00:00-04:00,2026-08-19 22:00:00-04:00,2026-08-20 08:00:00-04:00,4547.2998046875,4517.3880486965945,4607.12331666931,LOSS,-1,-13.240503545310787,1310.809850985768
GOLD,BUY,2026-08-21 08:00:00-04:00,2026-08-21 09:00:00-04:00,2026-08-23 20:00:00-04:00,4634.60009765625,4603.836156310024,4696.1279803487005,WIN,2,26.21619701971536,1337.0260480054833
GOLD,BUY,2026-08-23 23:00:00-04:00,2026-08-24 00:00:00-04:00,2026-08-25 09:00:00-04:00,4698.2001953125,4665.1400588796805,4764.320468178139,LOSS,-1,-13.370260480054833,1323.6557875254284
GOLD,BUY,2026-08-25 11:00:00-04:00,2026-08-25 12:00:00-04:00,2026-08-26 05:00:00-04:00,4709.60009765625,4676.189549631488,4776.4211937057735,LOSS,-1,-13.236557875254285,1310.4192296501742
GOLD,SELL,2026-08-28 11:00:00-04:00,2026-08-28 12:00:00-04:00,2026-08-28 14:00:00-04:00,4575.89990234375,4616.091752166582,4495.516202698085,WIN,2,26.208384593003483,1336.6276142431777
GOLD,SELL,2026-08-28 16:00:00-04:00,2026-08-30 18:00:00-04:00,2026-09-01 04:00:00-04:00,4506.2998046875,4548.444485026282,4422.010444009938,WIN,2,26.732552284863555,1363.3601665280412
GOLD,SELL,2026-09-01 06:00:00-04:00,2026-09-01 07:00:00-04:00,2026-09-01 20:00:00-04:00,4427.0,4457.1316345269925,4366.736730946015,WIN,2,27.267203330560825,1390.627369858602
GOLD,SELL,2026-09-02 01:00:00-04:00,2026-09-02 02:00:00-04:00,2026-09-02 09:00:00-04:00,4366.7998046875,4396.747699484898,4306.904015092704,LOSS,-1,-13.90627369858602,1376.7210961600158
GOLD,BUY,2026-09-03 09:00:00-04:00,2026-09-03 10:00:00-04:00,2026-09-04 08:00:00-04:00,4517.10009765625,4485.262328201962,4580.7756365648265,LOSS,-1,-13.767210961600158,1362.9538851984157
GOLD,SELL,2026-09-08 02:00:00-04:00,2026-09-08 03:00:00-04:00,2026-09-08 16:00:00-04:00,4448.60009765625,4480.705960253283,4384.388372462185,WIN,2,27.259077703968316,1390.212962902384
GOLD,SELL,2026-09-08 20:00:00-04:00,2026-09-08 21:00:00-04:00,2026-09-09 01:00:00-04:00,4408.60009765625,4438.418853237671,4348.962586493408,LOSS,-1,-13.902129629023841,1376.3108332733602
GOLD,SELL,2026-09-09 05:00:00-04:00,2026-09-09 06:00:00-04:00,2026-09-09 09:00:00-04:00,4434.5,4460.342522114001,4382.814955771998,LOSS,-1,-13.763108332733603,1362.5477249406267
GOLD,SELL,2026-09-09 11:00:00-04:00,2026-09-09 12:00:00-04:00,2026-09-10 02:00:00-04:00,4442.89990234375,4475.1128461446615,4378.474014741926,LOSS,-1,-13.625477249406268,1348.9222476912205
GOLD,SELL,2026-09-10 05:00:00-04:00,2026-09-10 06:00:00-04:00,2026-09-10 08:00:00-04:00,4436.89990234375,4463.239242379507,4384.2212222722355,WIN,2,26.97844495382441,1375.900692645045
GOLD,SELL,2026-09-10 09:00:00-04:00,2026-09-10 10:00:00-04:00,2026-09-10 23:00:00-04:00,4408.2998046875,4441.219841937999,4342.459730186502,WIN,2,27.5180138529009,1403.4187064979458
GOLD,SELL,2026-09-11 03:00:00-04:00,2026-09-11 04:00:00-04:00,2026-09-11 08:00:00-04:00,4386.2998046875,4416.57323326638,4325.752947529741,LOSS,-1,-14.034187064979458,1389.3845194329663
GOLD,SELL,2026-09-11 14:00:00-04:00,2026-09-11 15:00:00-04:00,2026-09-14 05:00:00-04:00,4389.2998046875,4423.962725688975,4319.9739626845485,WIN,2,27.787690388659325,1417.1722098216255
GOLD,SELL,2026-09-14 23:00:00-04:00,2026-09-15 00:00:00-04:00,2026-09-15 23:00:00-04:00,4344.0,4371.24959232144,4289.50081535712,LOSS,-1,-14.171722098216256,1403.0004877234094
GOLD,SELL,2026-09-16 18:00:00-04:00,2026-09-16 19:00:00-04:00,2026-09-16 21:00:00-04:00,4304.0,4342.334313531692,4227.331372936617,LOSS,-1,-14.030004877234093,1388.9704828461752
GOLD,SELL,2026-09-17 05:00:00-04:00,2026-09-17 06:00:00-04:00,2026-09-17 07:00:00-04:00,4345.2998046875,4378.983633804406,4277.932146453689,LOSS,-1,-13.889704828461753,1375.0807780177133
GOLD,BUY,2026-09-17 08:00:00-04:00,2026-09-17 09:00:00-04:00,2026-09-17 23:00:00-04:00,4413.7998046875,4377.623256490184,4486.152901082132,LOSS,-1,-13.750807780177134,1361.3299702375361
GOLD,BUY,2026-09-18 12:00:00-04:00,2026-09-18 13:00:00-04:00,2026-09-21 00:00:00-04:00,4421.2001953125,4392.23392201978,4479.13274189794,LOSS,-1,-13.613299702375361,1347.7166705351608
GOLD,BUY,2026-09-21 07:00:00-04:00,2026-09-21 08:00:00-04:00,2026-09-21 10:00:00-04:00,4407.10009765625,4382.848288692296,4455.6037155841595,LOSS,-1,-13.477166705351609,1334.239503829809
GOLD,SELL,2026-09-21 13:00:00-04:00,2026-09-21 14:00:00-04:00,2026-09-21 19:00:00-04:00,4383.0,4408.49966640295,4332.000667194099,LOSS,-1,-13.342395038298092,1320.897108791511
GOLD,SELL,2026-09-21 22:00:00-04:00,2026-09-21 23:00:00-04:00,2026-09-22 04:00:00-04:00,4381.60009765625,4406.895553611767,4331.009185745215,WIN,2,26.417942175830223,1347.3150509673412
GOLD,BUY,2026-09-22 20:00:00-04:00,2026-09-22 21:00:00-04:00,2026-09-23 01:00:00-04:00,4395.0,4369.950953396812,4445.098093206377,LOSS,-1,-13.473150509673413,1333.8419004576679
GOLD,SELL,2026-09-23 10:00:00-04:00,2026-09-23 11:00:00-04:00,2026-09-24 06:00:00-04:00,4330.60009765625,4355.302366010793,4281.195560947163,WIN,2,26.676838009153357,1360.518738466821
GOLD,SELL,2026-09-24 23:00:00-04:00,2026-09-25 00:00:00-04:00,2026-09-25 04:00:00-04:00,4304.7998046875,4330.194045132313,4254.011323797875,LOSS,-1,-13.605187384668211,1346.913551082153
GOLD,SELL,2026-09-25 09:00:00-04:00,2026-09-25 10:00:00-04:00,2026-09-25 12:00:00-04:00,4310.7001953125,4335.910220968151,4260.280144001198,LOSS,-1,-13.46913551082153,1333.4444155713313
