ACTIVO,DIRECCION,MODELO,FOLD,SISTEMA,THRESHOLD,COST_BPS,AUC,TRADES,EXPECTANCY_R,PROFIT_FACTOR,R_TOTAL,MAX_DRAWDOWN_PCT,FOLD_POSITIVO
NZDUSD,LONG,LOGISTIC,1,ML_ONLY,0.55,0,0.5789833276221661,127,0.2283464566929098,1.3691301073075461,28.99999999999954,8.702712767187345,True
NZDUSD,LONG,LOGISTIC,1,ML_ONLY,0.55,1,0.5789833276221661,127,0.13054984630665373,1.1846733576166701,16.579830480945024,9.700969745042665,True
NZDUSD,LONG,LOGISTIC,1,ML_ONLY,0.55,2,0.5789833276221661,127,0.03275323592039765,1.0308903065810249,4.159660961890502,10.742890043522141,True
NZDUSD,LONG,LOGISTIC,1,ML_ONLY,0.55,5,0.5789833276221661,127,-0.2606365952383705,0.6920561010291106,-33.10084759527305,30.250753878564602,False
NZDUSD,LONG,LOGISTIC,1,ML_ONLY,0.6,0,0.5789833276221661,82,0.38230562254152517,1.7144913210713535,31.349061048405062,8.702712767187348,True
NZDUSD,LONG,LOGISTIC,1,ML_ONLY,0.6,1,0.5789833276221661,82,0.2920183536501133,1.4946484085346068,23.945504999309293,9.451946695587235,True
NZDUSD,LONG,LOGISTIC,1,ML_ONLY,0.6,2,0.5789833276221661,82,0.2017310847587015,1.3092336119292867,16.541948950213524,10.502517827277604,True
NZDUSD,LONG,LOGISTIC,1,ML_ONLY,0.6,5,0.5789833276221661,82,-0.06913072191553395,0.8947338480118063,-5.668719197073783,14.446034706834569,False
NZDUSD,LONG,LOGISTIC,1,ML_ONLY,0.65,0,0.5789833276221661,54,0.22222222222221927,1.3643998280763794,11.99999999999984,8.70271276718733,True
NZDUSD,LONG,LOGISTIC,1,ML_ONLY,0.65,1,0.5789833276221661,54,0.14439590843894504,1.2118523260244942,7.797379055703033,9.451946695587203,True
NZDUSD,LONG,LOGISTIC,1,ML_ONLY,0.65,2,0.5789833276221661,54,0.06656959465567082,1.0816779706830637,3.5947581114062244,10.195457107732395,True
NZDUSD,LONG,LOGISTIC,1,ML_ONLY,0.65,5,0.5789833276221661,54,-0.16690934669415186,0.7852828703320146,-9.0131047214842,13.883715183765707,False
NZDUSD,LONG,LOGISTIC,1,BASE_PLUS_ML,0.55,0,0.5789833276221661,21,1.0000000000000009,3.739690948709764,21.000000000000018,2.9700999999999262,True
NZDUSD,LONG,LOGISTIC,1,BASE_PLUS_ML,0.55,1,0.5789833276221661,21,0.9220706998079036,3.3225729827888975,19.363484695965976,3.272808818975899,True
NZDUSD,LONG,LOGISTIC,1,BASE_PLUS_ML,0.55,2,0.5789833276221661,21,0.8441413996158064,2.9677716399139595,17.726969391931934,3.574891466002774,True
NZDUSD,LONG,LOGISTIC,1,BASE_PLUS_ML,0.55,5,0.5789833276221661,21,0.6103534990395149,2.1617834025187808,12.817423479829813,4.477388808928288,True
NZDUSD,LONG,LOGISTIC,1,BASE_PLUS_ML,0.6,0,0.5789833276221661,15,1.1999999999999993,5.1814667109272055,17.99999999999999,1.9899999999999998,True
NZDUSD,LONG,LOGISTIC,1,BASE_PLUS_ML,0.6,1,0.5789833276221661,15,1.1331468575614418,4.674630941284004,16.997202863421627,2.1642341463727526,True
NZDUSD,LONG,LOGISTIC,1,BASE_PLUS_ML,0.6,2,0.5789833276221661,15,1.0662937151228844,4.23397924527655,15.994405726843265,2.338313332124818,True
NZDUSD,LONG,LOGISTIC,1,BASE_PLUS_ML,0.6,5,0.5789833276221661,15,0.8657342878072117,3.199583966167258,12.986014317108175,2.8596211256567425,True
NZDUSD,LONG,LOGISTIC,1,BASE_PLUS_ML,0.65,0,0.5789833276221661,11,1.4545454545454601,8.85847351192995,16.00000000000006,1.0000000000000004,True
NZDUSD,LONG,LOGISTIC,1,BASE_PLUS_ML,0.65,1,0.5789833276221661,11,1.3973567397284576,8.104930859228185,15.370924137013034,1.0648075360768618,True
NZDUSD,LONG,LOGISTIC,1,BASE_PLUS_ML,0.65,2,0.5789833276221661,11,1.3401680249114554,7.43496297954043,14.74184827402601,1.1296150721537386,True
NZDUSD,LONG,LOGISTIC,1,BASE_PLUS_ML,0.65,5,0.5789833276221661,11,1.1686018804604488,5.807256423415571,12.854620685064937,1.3240376803843334,True
NZDUSD,LONG,LOGISTIC,2,ML_ONLY,0.55,0,0.5005806566201686,59,-0.3274700830827035,0.5776367730384763,-19.320734901879504,21.152037785511588,False
NZDUSD,LONG,LOGISTIC,2,ML_ONLY,0.55,1,0.5005806566201686,59,-0.4470752189044442,0.48836722188792614,-26.377437915362208,26.352896349609317,False
NZDUSD,LONG,LOGISTIC,2,ML_ONLY,0.55,2,0.5005806566201686,59,-0.5666803547261849,0.4162498113343686,-33.43414092884491,31.21651881685308,False
NZDUSD,LONG,LOGISTIC,2,ML_ONLY,0.55,5,0.5005806566201686,59,-0.9254957621914072,0.2639011544344972,-54.60424996929302,43.99222208432555,False
NZDUSD,LONG,LOGISTIC,2,ML_ONLY,0.6,0,0.5005806566201686,11,-0.3927940819890342,0.47530182277568395,-4.320734901879376,4.305555060478935,False
NZDUSD,LONG,LOGISTIC,2,ML_ONLY,0.6,1,0.5005806566201686,11,-0.4889316416773802,0.4111113738838674,-5.378248058451182,5.317201078305198,False
NZDUSD,LONG,LOGISTIC,2,ML_ONLY,0.6,2,0.5005806566201686,11,-0.5850692013657262,0.35809382769736947,-6.435761215022987,6.319128487499666,False
NZDUSD,LONG,LOGISTIC,2,ML_ONLY,0.6,5,0.5005806566201686,11,-0.873481880430764,0.24288032508165883,-9.608300684738404,9.267435820690105,False
NZDUSD,LONG,LOGISTIC,2,ML_ONLY,0.65,0,0.5005806566201686,1,-1.0000000000000342,0.0,-1.0000000000000342,1.000000000000034,False
NZDUSD,LONG,LOGISTIC,2,ML_ONLY,0.65,1,0.5005806566201686,1,-1.087066408873447,0.0,-1.087066408873447,1.087066408873443,False
NZDUSD,LONG,LOGISTIC,2,ML_ONLY,0.65,2,0.5005806566201686,1,-1.1741328177468597,0.0,-1.1741328177468597,1.174132817746863,False
NZDUSD,LONG,LOGISTIC,2,ML_ONLY,0.65,5,0.5005806566201686,1,-1.4353320443670983,0.0,-1.4353320443670983,1.435332044367101,False
NZDUSD,LONG,LOGISTIC,2,BASE_PLUS_ML,0.55,0,0.5005806566201686,2,0.4999999999999892,1.9799999999999944,0.9999999999999784,0.9999999999999886,True
NZDUSD,LONG,LOGISTIC,2,BASE_PLUS_ML,0.55,1,0.5005806566201686,2,0.4039996129047535,1.717208569264566,0.807999225809507,1.0974330427937957,True
NZDUSD,LONG,LOGISTIC,2,BASE_PLUS_ML,0.55,2,0.5005806566201686,2,0.3079992258095178,1.4974290027787718,0.6159984516190355,1.1948660855876143,True
NZDUSD,LONG,LOGISTIC,2,BASE_PLUS_ML,0.55,5,0.5005806566201686,2,0.019998064523810588,1.0116225935294463,0.039996129047621176,1.487165213969058,True
NZDUSD,LONG,LOGISTIC,2,BASE_PLUS_ML,0.6,0,0.5005806566201686,0,0.0,0.0,0.0,0.0,False
NZDUSD,LONG,LOGISTIC,2,BASE_PLUS_ML,0.6,1,0.5005806566201686,0,0.0,0.0,0.0,0.0,False
NZDUSD,LONG,LOGISTIC,2,BASE_PLUS_ML,0.6,2,0.5005806566201686,0,0.0,0.0,0.0,0.0,False
NZDUSD,LONG,LOGISTIC,2,BASE_PLUS_ML,0.6,5,0.5005806566201686,0,0.0,0.0,0.0,0.0,False
NZDUSD,LONG,LOGISTIC,2,BASE_PLUS_ML,0.65,0,0.5005806566201686,0,0.0,0.0,0.0,0.0,False
NZDUSD,LONG,LOGISTIC,2,BASE_PLUS_ML,0.65,1,0.5005806566201686,0,0.0,0.0,0.0,0.0,False
NZDUSD,LONG,LOGISTIC,2,BASE_PLUS_ML,0.65,2,0.5005806566201686,0,0.0,0.0,0.0,0.0,False
NZDUSD,LONG,LOGISTIC,2,BASE_PLUS_ML,0.65,5,0.5005806566201686,0,0.0,0.0,0.0,0.0,False
NZDUSD,LONG,LOGISTIC,3,ML_ONLY,0.55,0,0.48933806189456885,23,-0.24790688789758658,0.656597506784316,-5.701858421644491,9.33092619775263,False
NZDUSD,LONG,LOGISTIC,3,ML_ONLY,0.55,1,0.48933806189456885,23,-0.3697101409160116,0.5472177507984817,-8.503333241068267,10.948256092155058,False
NZDUSD,LONG,LOGISTIC,3,ML_ONLY,0.55,2,0.48933806189456885,23,-0.49151339393443666,0.4588795849107876,-11.304808060492043,12.53872960786214,False
NZDUSD,LONG,LOGISTIC,3,ML_ONLY,0.55,5,0.48933806189456885,23,-0.8569231529897118,0.27290017973037145,-19.709232518763372,19.424295587542098,False
NZDUSD,LONG,LOGISTIC,3,ML_ONLY,0.6,0,0.48933806189456885,2,-0.9999999999999858,0.0,-1.9999999999999716,1.9899999999999636,False
NZDUSD,LONG,LOGISTIC,3,ML_ONLY,0.6,1,0.48933806189456885,2,-1.0885875609433238,0.0,-2.1771751218866475,2.1653257538444337,False
NZDUSD,LONG,LOGISTIC,3,ML_ONLY,0.6,2,0.48933806189456885,2,-1.1771751218866617,0.0,-2.3543502437733235,2.340496274042186,False
NZDUSD,LONG,LOGISTIC,3,ML_ONLY,0.6,5,0.48933806189456885,2,-1.4429378047166757,0.0,-2.8858756094333513,2.8650764327552563,False
NZDUSD,LONG,LOGISTIC,3,ML_ONLY,0.65,0,0.48933806189456885,0,0.0,0.0,0.0,0.0,False
NZDUSD,LONG,LOGISTIC,3,ML_ONLY,0.65,1,0.48933806189456885,0,0.0,0.0,0.0,0.0,False
NZDUSD,LONG,LOGISTIC,3,ML_ONLY,0.65,2,0.48933806189456885,0,0.0,0.0,0.0,0.0,False
NZDUSD,LONG,LOGISTIC,3,ML_ONLY,0.65,5,0.48933806189456885,0,0.0,0.0,0.0,0.0,False
NZDUSD,LONG,LOGISTIC,3,BASE_PLUS_ML,0.55,0,0.48933806189456885,1,-1.0000000000000335,0.0,-1.0000000000000335,1.000000000000034,False
NZDUSD,LONG,LOGISTIC,3,BASE_PLUS_ML,0.55,1,0.48933806189456885,1,-1.073993739319452,0.0,-1.073993739319452,1.073993739319451,False
NZDUSD,LONG,LOGISTIC,3,BASE_PLUS_ML,0.55,2,0.48933806189456885,1,-1.1479874786388709,0.0,-1.1479874786388709,1.1479874786388677,False
NZDUSD,LONG,LOGISTIC,3,BASE_PLUS_ML,0.55,5,0.48933806189456885,1,-1.3699686965971267,0.0,-1.3699686965971267,1.3699686965971296,False
NZDUSD,LONG,LOGISTIC,3,BASE_PLUS_ML,0.6,0,0.48933806189456885,0,0.0,0.0,0.0,0.0,False
NZDUSD,LONG,LOGISTIC,3,BASE_PLUS_ML,0.6,1,0.48933806189456885,0,0.0,0.0,0.0,0.0,False
NZDUSD,LONG,LOGISTIC,3,BASE_PLUS_ML,0.6,2,0.48933806189456885,0,0.0,0.0,0.0,0.0,False
NZDUSD,LONG,LOGISTIC,3,BASE_PLUS_ML,0.6,5,0.48933806189456885,0,0.0,0.0,0.0,0.0,False
NZDUSD,LONG,LOGISTIC,3,BASE_PLUS_ML,0.65,0,0.48933806189456885,0,0.0,0.0,0.0,0.0,False
NZDUSD,LONG,LOGISTIC,3,BASE_PLUS_ML,0.65,1,0.48933806189456885,0,0.0,0.0,0.0,0.0,False
NZDUSD,LONG,LOGISTIC,3,BASE_PLUS_ML,0.65,2,0.48933806189456885,0,0.0,0.0,0.0,0.0,False
NZDUSD,LONG,LOGISTIC,3,BASE_PLUS_ML,0.65,5,0.48933806189456885,0,0.0,0.0,0.0,0.0,False
NZDUSD,LONG,LOGISTIC,4,ML_ONLY,0.55,0,0.521488902919908,88,0.02272727272727454,1.0194966444722897,2.0000000000001594,13.383958084580646,True
NZDUSD,LONG,LOGISTIC,4,ML_ONLY,0.55,1,0.521488902919908,88,-0.07571968288621099,0.880357177669143,-6.6633320939865675,17.157223938088865,False
NZDUSD,LONG,LOGISTIC,4,ML_ONLY,0.55,2,0.521488902919908,88,-0.17416663849969652,0.764954885507477,-15.326664187973295,21.131008063188062,False
NZDUSD,LONG,LOGISTIC,4,ML_ONLY,0.55,5,0.521488902919908,88,-0.4695075053401531,0.5131958426237309,-41.316660469933474,37.23148172938704,False
NZDUSD,LONG,LOGISTIC,4,ML_ONLY,0.6,0,0.521488902919908,30,-0.0999999999999949,0.8460546590834476,-2.999999999999847,12.24789770010308,False
NZDUSD,LONG,LOGISTIC,4,ML_ONLY,0.6,1,0.521488902919908,30,-0.18373910968421622,0.7492305823980772,-5.512173290526487,13.2229297679164,False
NZDUSD,LONG,LOGISTIC,4,ML_ONLY,0.6,2,0.521488902919908,30,-0.26747821936843763,0.6663088110012497,-8.024346581053129,14.187984979098307,False
NZDUSD,LONG,LOGISTIC,4,ML_ONLY,0.6,5,0.521488902919908,30,-0.5186955484211017,0.47618582789777253,-15.56086645263305,17.024219061335796,False
NZDUSD,LONG,LOGISTIC,4,ML_ONLY,0.65,0,0.521488902919908,6,1.0473103865630643e-14,0.984876881858934,6.283862319378386e-14,3.9403989999999682,True
NZDUSD,LONG,LOGISTIC,4,ML_ONLY,0.65,1,0.521488902919908,6,-0.0728575372844132,0.8821215372313577,-0.43714522370647924,4.199812020430409,False
NZDUSD,LONG,LOGISTIC,4,ML_ONLY,0.65,2,0.521488902919908,6,-0.1457150745688369,0.7916501137561213,-0.8742904474130213,4.458703894818291,False
NZDUSD,LONG,LOGISTIC,4,ML_ONLY,0.65,5,0.521488902919908,6,-0.3642876864221079,0.5754634127527264,-2.1857261185326475,5.2322595661283,False
NZDUSD,LONG,LOGISTIC,4,BASE_PLUS_ML,0.55,0,0.521488902919908,10,-0.40000000000000135,0.49385798463470726,-4.000000000000013,4.929334513487018,False
NZDUSD,LONG,LOGISTIC,4,BASE_PLUS_ML,0.55,1,0.521488902919908,10,-0.4886862914344342,0.43370377029803564,-4.886862914344342,5.599138346595088,False
NZDUSD,LONG,LOGISTIC,4,BASE_PLUS_ML,0.55,2,0.521488902919908,10,-0.5773725828688672,0.3825732846011149,-5.773725828688671,6.264835816538423,False
NZDUSD,LONG,LOGISTIC,4,BASE_PLUS_ML,0.55,5,0.521488902919908,10,-0.8434314571721659,0.2666904427813334,-8.434314571721659,8.237504118884814,False
NZDUSD,LONG,LOGISTIC,4,BASE_PLUS_ML,0.6,0,0.521488902919908,4,-0.2500000000000245,0.6556506300627709,-1.000000000000098,1.9900000000000317,False
NZDUSD,LONG,LOGISTIC,4,BASE_PLUS_ML,0.6,1,0.521488902919908,4,-0.3259857726650856,0.586101544724008,-1.3039430906603424,2.1428906794502267,False
NZDUSD,LONG,LOGISTIC,4,BASE_PLUS_ML,0.6,2,0.521488902919908,4,-0.4019715453301466,0.5258096650233094,-1.6078861813205865,2.295671585472792,False
NZDUSD,LONG,LOGISTIC,4,BASE_PLUS_ML,0.6,5,0.521488902919908,4,-0.6299288633253299,0.3851038865966697,-2.5197154533013197,2.753355662974684,False
NZDUSD,LONG,LOGISTIC,4,BASE_PLUS_ML,0.65,0,0.521488902919908,0,0.0,0.0,0.0,0.0,False
NZDUSD,LONG,LOGISTIC,4,BASE_PLUS_ML,0.65,1,0.521488902919908,0,0.0,0.0,0.0,0.0,False
NZDUSD,LONG,LOGISTIC,4,BASE_PLUS_ML,0.65,2,0.521488902919908,0,0.0,0.0,0.0,0.0,False
NZDUSD,LONG,LOGISTIC,4,BASE_PLUS_ML,0.65,5,0.521488902919908,0,0.0,0.0,0.0,0.0,False
NZDUSD,LONG,LOGISTIC,5,ML_ONLY,0.55,0,0.550851576546722,24,0.5000000000000013,1.9953342124121989,12.000000000000032,3.9403989999999682,True
NZDUSD,LONG,LOGISTIC,5,ML_ONLY,0.55,1,0.550851576546722,24,0.38616861101806715,1.6839153017710116,9.268046664433612,4.361812003891339,True
NZDUSD,LONG,LOGISTIC,5,ML_ONLY,0.55,2,0.550851576546722,24,0.2723372220361331,1.4311934429743491,6.536093328867194,4.781844966667415,True
NZDUSD,LONG,LOGISTIC,5,ML_ONLY,0.55,5,0.550851576546722,24,-0.06915694490966932,0.8965750395559245,-1.6597666778320637,6.358143526373886,False
NZDUSD,LONG,LOGISTIC,5,ML_ONLY,0.6,0,0.550851576546722,1,-1.0000000000000087,0.0,-1.0000000000000087,1.0000000000000113,False
NZDUSD,LONG,LOGISTIC,5,ML_ONLY,0.6,1,0.550851576546722,1,-1.1093700323468956,0.0,-1.1093700323468956,1.1093700323468965,False
NZDUSD,LONG,LOGISTIC,5,ML_ONLY,0.6,2,0.550851576546722,1,-1.2187400646937825,0.0,-1.2187400646937825,1.2187400646937816,False
NZDUSD,LONG,LOGISTIC,5,ML_ONLY,0.6,5,0.550851576546722,1,-1.5468501617344432,0.0,-1.5468501617344432,1.5468501617344488,False
NZDUSD,LONG,LOGISTIC,5,ML_ONLY,0.65,0,0.550851576546722,0,0.0,0.0,0.0,0.0,False
NZDUSD,LONG,LOGISTIC,5,ML_ONLY,0.65,1,0.550851576546722,0,0.0,0.0,0.0,0.0,False
NZDUSD,LONG,LOGISTIC,5,ML_ONLY,0.65,2,0.550851576546722,0,0.0,0.0,0.0,0.0,False
NZDUSD,LONG,LOGISTIC,5,ML_ONLY,0.65,5,0.550851576546722,0,0.0,0.0,0.0,0.0,False
NZDUSD,LONG,LOGISTIC,5,BASE_PLUS_ML,0.55,0,0.550851576546722,2,0.5000000000000281,1.9800000000000761,1.0000000000000562,0.9999999999999774,True
NZDUSD,LONG,LOGISTIC,5,BASE_PLUS_ML,0.55,1,0.550851576546722,2,0.4004664445647781,1.7064315140141626,0.8009328891295562,1.1040027678264324,True
NZDUSD,LONG,LOGISTIC,5,BASE_PLUS_ML,0.55,2,0.550851576546722,2,0.30093288912952787,1.4801322638685923,0.6018657782590557,1.208005535652876,True
NZDUSD,LONG,LOGISTIC,5,BASE_PLUS_ML,0.55,5,0.550851576546722,2,0.002332222823777763,0.9878219034545708,0.004664445647555526,1.5200138391322184,True
NZDUSD,LONG,LOGISTIC,5,BASE_PLUS_ML,0.6,0,0.550851576546722,0,0.0,0.0,0.0,0.0,False
NZDUSD,LONG,LOGISTIC,5,BASE_PLUS_ML,0.6,1,0.550851576546722,0,0.0,0.0,0.0,0.0,False
NZDUSD,LONG,LOGISTIC,5,BASE_PLUS_ML,0.6,2,0.550851576546722,0,0.0,0.0,0.0,0.0,False
NZDUSD,LONG,LOGISTIC,5,BASE_PLUS_ML,0.6,5,0.550851576546722,0,0.0,0.0,0.0,0.0,False
NZDUSD,LONG,LOGISTIC,5,BASE_PLUS_ML,0.65,0,0.550851576546722,0,0.0,0.0,0.0,0.0,False
NZDUSD,LONG,LOGISTIC,5,BASE_PLUS_ML,0.65,1,0.550851576546722,0,0.0,0.0,0.0,0.0,False
NZDUSD,LONG,LOGISTIC,5,BASE_PLUS_ML,0.65,2,0.550851576546722,0,0.0,0.0,0.0,0.0,False
NZDUSD,LONG,LOGISTIC,5,BASE_PLUS_ML,0.65,5,0.550851576546722,0,0.0,0.0,0.0,0.0,False
NZDUSD,LONG,RF_SIMPLE,1,ML_ONLY,0.55,0,0.537143739503086,104,0.1764332793115869,1.2765875679445613,18.349061048405037,7.807999352305712,True
NZDUSD,LONG,RF_SIMPLE,1,ML_ONLY,0.55,1,0.537143739503086,104,0.07645890738038433,1.0998621214691187,7.95172636755997,9.92899368416413,True
NZDUSD,LONG,RF_SIMPLE,1,ML_ONLY,0.55,2,0.537143739503086,104,-0.02351546455081824,0.9524799060356358,-2.445608313285097,13.550870958447103,False
NZDUSD,LONG,RF_SIMPLE,1,ML_ONLY,0.55,5,0.537143739503086,104,-0.3234385803444259,0.6279359581561441,-33.637612355820295,29.983807698353402,False
NZDUSD,LONG,RF_SIMPLE,1,ML_ONLY,0.6,0,0.537143739503086,54,0.11111111111110504,1.1648829538302259,5.999999999999672,6.849008026923108,True
NZDUSD,LONG,RF_SIMPLE,1,ML_ONLY,0.6,1,0.537143739503086,54,0.01946323649279462,1.0134371384634857,1.0510147706109094,8.287634318307699,True
NZDUSD,LONG,RF_SIMPLE,1,ML_ONLY,0.6,2,0.537143739503086,54,-0.0721846381255158,0.8861282151590741,-3.8979704587778534,10.476029819706355,False
NZDUSD,LONG,RF_SIMPLE,1,ML_ONLY,0.6,5,0.537143739503086,54,-0.34712826198044705,0.603122159742258,-18.74492614694414,18.694236436577036,False
NZDUSD,LONG,RF_SIMPLE,1,ML_ONLY,0.65,0,0.537143739503086,27,-0.22222222222222232,0.6871563322769403,-6.000000000000003,6.959994386130575,False
NZDUSD,LONG,RF_SIMPLE,1,ML_ONLY,0.65,1,0.537143739503086,27,-0.30490873909694866,0.6077568578916323,-8.232535955617614,8.84932942019957,False
NZDUSD,LONG,RF_SIMPLE,1,ML_ONLY,0.65,2,0.537143739503086,27,-0.387595255971675,0.5397155048594334,-10.465071911235224,10.702117873352348,False
NZDUSD,LONG,RF_SIMPLE,1,ML_ONLY,0.65,5,0.537143739503086,27,-0.635654806595854,0.38372550664532146,-17.16267977808806,16.04786718774974,False
NZDUSD,LONG,RF_SIMPLE,1,BASE_PLUS_ML,0.55,0,0.537143739503086,10,0.7999999999999903,2.8986529096788924,7.999999999999902,1.0000000000000309,True
NZDUSD,LONG,RF_SIMPLE,1,BASE_PLUS_ML,0.55,1,0.537143739503086,10,0.7169878687357034,2.5568127428740457,7.169878687357034,1.1009155987876573,True
NZDUSD,LONG,RF_SIMPLE,1,BASE_PLUS_ML,0.55,2,0.537143739503086,10,0.6339757374714166,2.2677853450030474,6.339757374714166,1.2018311975753406,True
NZDUSD,LONG,RF_SIMPLE,1,BASE_PLUS_ML,0.55,5,0.537143739503086,10,0.38493934367855615,1.6178687954543858,3.8493934367855616,1.5045779939383632,True
NZDUSD,LONG,RF_SIMPLE,1,BASE_PLUS_ML,0.6,0,0.537143739503086,2,2.0000000000000147,inf,4.000000000000029,0.0,True
NZDUSD,LONG,RF_SIMPLE,1,BASE_PLUS_ML,0.6,1,0.537143739503086,2,1.9436596557998567,inf,3.8873193115997133,0.0,True
NZDUSD,LONG,RF_SIMPLE,1,BASE_PLUS_ML,0.6,2,0.537143739503086,2,1.887319311599699,inf,3.774638623199398,0.0,True
NZDUSD,LONG,RF_SIMPLE,1,BASE_PLUS_ML,0.6,5,0.537143739503086,2,1.7182982789992254,inf,3.4365965579984508,0.0,True
NZDUSD,LONG,RF_SIMPLE,1,BASE_PLUS_ML,0.65,0,0.537143739503086,0,0.0,0.0,0.0,0.0,False
NZDUSD,LONG,RF_SIMPLE,1,BASE_PLUS_ML,0.65,1,0.537143739503086,0,0.0,0.0,0.0,0.0,False
NZDUSD,LONG,RF_SIMPLE,1,BASE_PLUS_ML,0.65,2,0.537143739503086,0,0.0,0.0,0.0,0.0,False
NZDUSD,LONG,RF_SIMPLE,1,BASE_PLUS_ML,0.65,5,0.537143739503086,0,0.0,0.0,0.0,0.0,False
NZDUSD,LONG,RF_SIMPLE,2,ML_ONLY,0.55,0,0.5068380856092796,55,-0.1694679073068941,0.7614931607484016,-9.320734901879176,19.335018993577666,False
NZDUSD,LONG,RF_SIMPLE,2,ML_ONLY,0.55,1,0.5068380856092796,55,-0.2887693633036996,0.6442454269525135,-15.88231498170348,22.137629938029438,False
NZDUSD,LONG,RF_SIMPLE,2,ML_ONLY,0.55,2,0.5068380856092796,55,-0.4080708193005052,0.5493958391117594,-22.443895061527787,24.846358226542595,False
NZDUSD,LONG,RF_SIMPLE,2,ML_ONLY,0.55,5,0.5068380856092796,55,-0.765975187290922,0.348574331790313,-42.128635301000706,36.4613961999286,False
NZDUSD,LONG,RF_SIMPLE,2,ML_ONLY,0.6,0,0.5068380856092796,10,0.19999999999999085,1.3083678477006637,1.9999999999999085,3.9403990000001117,True
NZDUSD,LONG,RF_SIMPLE,2,ML_ONLY,0.6,1,0.5068380856092796,10,0.10433206015581023,1.1389338916978236,1.0433206015581022,4.331447628699803,True
NZDUSD,LONG,RF_SIMPLE,2,ML_ONLY,0.6,2,0.5068380856092796,10,0.00866412031162953,0.9970411396616667,0.0866412031162953,4.721303606145666,True
NZDUSD,LONG,RF_SIMPLE,2,ML_ONLY,0.6,5,0.5068380856092796,10,-0.27833969922091245,0.6822803768677168,-2.7833969922091244,5.883739837060064,False
NZDUSD,LONG,RF_SIMPLE,2,ML_ONLY,0.65,0,0.5068380856092796,1,2.000000000000013,inf,2.000000000000013,0.0,True
NZDUSD,LONG,RF_SIMPLE,2,ML_ONLY,0.65,1,0.5068380856092796,1,1.907102751546533,inf,1.907102751546533,0.0,True
NZDUSD,LONG,RF_SIMPLE,2,ML_ONLY,0.65,2,0.5068380856092796,1,1.814205503093053,inf,1.814205503093053,0.0,True
NZDUSD,LONG,RF_SIMPLE,2,ML_ONLY,0.65,5,0.5068380856092796,1,1.5355137577326134,inf,1.5355137577326134,0.0,True
NZDUSD,LONG,RF_SIMPLE,2,BASE_PLUS_ML,0.55,0,0.5068380856092796,1,1.9999999999999625,inf,1.9999999999999625,0.0,True
NZDUSD,LONG,RF_SIMPLE,2,BASE_PLUS_ML,0.55,1,0.5068380856092796,1,1.905432268603305,inf,1.905432268603305,0.0,True
NZDUSD,LONG,RF_SIMPLE,2,BASE_PLUS_ML,0.55,2,0.5068380856092796,1,1.8108645372066474,inf,1.8108645372066474,0.0,True
NZDUSD,LONG,RF_SIMPLE,2,BASE_PLUS_ML,0.55,5,0.5068380856092796,1,1.5271613430166748,inf,1.5271613430166748,0.0,True
NZDUSD,LONG,RF_SIMPLE,2,BASE_PLUS_ML,0.6,0,0.5068380856092796,1,1.9999999999999625,inf,1.9999999999999625,0.0,True
NZDUSD,LONG,RF_SIMPLE,2,BASE_PLUS_ML,0.6,1,0.5068380856092796,1,1.905432268603305,inf,1.905432268603305,0.0,True
NZDUSD,LONG,RF_SIMPLE,2,BASE_PLUS_ML,0.6,2,0.5068380856092796,1,1.8108645372066474,inf,1.8108645372066474,0.0,True
NZDUSD,LONG,RF_SIMPLE,2,BASE_PLUS_ML,0.6,5,0.5068380856092796,1,1.5271613430166748,inf,1.5271613430166748,0.0,True
NZDUSD,LONG,RF_SIMPLE,2,BASE_PLUS_ML,0.65,0,0.5068380856092796,1,1.9999999999999625,inf,1.9999999999999625,0.0,True
NZDUSD,LONG,RF_SIMPLE,2,BASE_PLUS_ML,0.65,1,0.5068380856092796,1,1.905432268603305,inf,1.905432268603305,0.0,True
NZDUSD,LONG,RF_SIMPLE,2,BASE_PLUS_ML,0.65,2,0.5068380856092796,1,1.8108645372066474,inf,1.8108645372066474,0.0,True
NZDUSD,LONG,RF_SIMPLE,2,BASE_PLUS_ML,0.65,5,0.5068380856092796,1,1.5271613430166748,inf,1.5271613430166748,0.0,True
NZDUSD,LONG,RF_SIMPLE,3,ML_ONLY,0.55,0,0.48837662808837934,12,4.154084483805794e-15,0.9850630438257072,4.984901380566953e-14,4.900995010000013,True
NZDUSD,LONG,RF_SIMPLE,3,ML_ONLY,0.55,1,0.48837662808837934,12,-0.1019705765848012,0.8478210390965512,-1.2236469190176145,5.31926397484666,False
NZDUSD,LONG,RF_SIMPLE,3,ML_ONLY,0.55,2,0.48837662808837934,12,-0.2039411531696065,0.7347559137684289,-2.4472938380352782,5.736063674886284,False
NZDUSD,LONG,RF_SIMPLE,3,ML_ONLY,0.55,5,0.48837662808837934,12,-0.5098528829240226,0.4903045336322449,-6.118234595088271,7.740016730776313,False
NZDUSD,LONG,RF_SIMPLE,3,ML_ONLY,0.6,0,0.48837662808837934,3,0.9999999999999885,3.9996000000000413,2.9999999999999654,0.9999999999999774,True
NZDUSD,LONG,RF_SIMPLE,3,ML_ONLY,0.6,1,0.48837662808837934,3,0.9185869070901402,3.5277773360809985,2.7557607212704207,1.0880988445745972,True
NZDUSD,LONG,RF_SIMPLE,3,ML_ONLY,0.6,2,0.48837662808837934,3,0.8371738141802921,3.1269753384773833,2.5115214425408765,1.176197689149228,True
NZDUSD,LONG,RF_SIMPLE,3,ML_ONLY,0.6,5,0.48837662808837934,3,0.5929345354507477,2.220385037249384,1.7788036063522432,1.4404942228730988,True
NZDUSD,LONG,RF_SIMPLE,3,ML_ONLY,0.65,0,0.48837662808837934,0,0.0,0.0,0.0,0.0,False
NZDUSD,LONG,RF_SIMPLE,3,ML_ONLY,0.65,1,0.48837662808837934,0,0.0,0.0,0.0,0.0,False
NZDUSD,LONG,RF_SIMPLE,3,ML_ONLY,0.65,2,0.48837662808837934,0,0.0,0.0,0.0,0.0,False
NZDUSD,LONG,RF_SIMPLE,3,ML_ONLY,0.65,5,0.48837662808837934,0,0.0,0.0,0.0,0.0,False
NZDUSD,LONG,RF_SIMPLE,3,BASE_PLUS_ML,0.55,0,0.48837662808837934,4,-1.0000000000000024,0.0,-4.00000000000001,3.940399000000002,False
NZDUSD,LONG,RF_SIMPLE,3,BASE_PLUS_ML,0.55,1,0.48837662808837934,4,-1.0823246387402592,0.0,-4.329298554961037,4.259521065823288,False
NZDUSD,LONG,RF_SIMPLE,3,BASE_PLUS_ML,0.55,2,0.48837662808837934,4,-1.1646492774805157,0.0,-4.658597109922063,4.577852014535961,False
NZDUSD,LONG,RF_SIMPLE,3,BASE_PLUS_ML,0.55,5,0.48837662808837934,4,-1.4116231937012858,0.0,-5.646492774805143,5.528111170718603,False
NZDUSD,LONG,RF_SIMPLE,3,BASE_PLUS_ML,0.6,0,0.48837662808837934,0,0.0,0.0,0.0,0.0,False
NZDUSD,LONG,RF_SIMPLE,3,BASE_PLUS_ML,0.6,1,0.48837662808837934,0,0.0,0.0,0.0,0.0,False
NZDUSD,LONG,RF_SIMPLE,3,BASE_PLUS_ML,0.6,2,0.48837662808837934,0,0.0,0.0,0.0,0.0,False
NZDUSD,LONG,RF_SIMPLE,3,BASE_PLUS_ML,0.6,5,0.48837662808837934,0,0.0,0.0,0.0,0.0,False
NZDUSD,LONG,RF_SIMPLE,3,BASE_PLUS_ML,0.65,0,0.48837662808837934,0,0.0,0.0,0.0,0.0,False
NZDUSD,LONG,RF_SIMPLE,3,BASE_PLUS_ML,0.65,1,0.48837662808837934,0,0.0,0.0,0.0,0.0,False
NZDUSD,LONG,RF_SIMPLE,3,BASE_PLUS_ML,0.65,2,0.48837662808837934,0,0.0,0.0,0.0,0.0,False
NZDUSD,LONG,RF_SIMPLE,3,BASE_PLUS_ML,0.65,5,0.48837662808837934,0,0.0,0.0,0.0,0.0,False
NZDUSD,LONG,RF_SIMPLE,4,ML_ONLY,0.55,0,0.5251057290239574,72,0.16666666666666896,1.2593875459388864,12.000000000000165,10.572851197741723,True
NZDUSD,LONG,RF_SIMPLE,4,ML_ONLY,0.55,1,0.5251057290239574,72,0.0708709437376435,1.0909369050250002,5.102707949110331,12.522595899078615,True
NZDUSD,LONG,RF_SIMPLE,4,ML_ONLY,0.55,2,0.5251057290239574,72,-0.024924779191381936,0.9506278281198858,-1.7945841017794995,14.4477779570441,False
NZDUSD,LONG,RF_SIMPLE,4,ML_ONLY,0.55,5,0.5251057290239574,72,-0.3123119479784583,0.6427097355189277,-22.486460254448996,22.703832344560396,False
NZDUSD,LONG,RF_SIMPLE,4,ML_ONLY,0.6,0,0.5251057290239574,25,0.3199999999999922,1.5394328808465185,7.999999999999805,4.929334513487003,True
NZDUSD,LONG,RF_SIMPLE,4,ML_ONLY,0.6,1,0.5251057290239574,25,0.24003757765261863,1.3710225135852778,6.000939441315466,5.500131981114978,True
NZDUSD,LONG,RF_SIMPLE,4,ML_ONLY,0.6,2,0.5251057290239574,25,0.1600751553052451,1.2252867637695979,4.001878882631128,6.067946603531403,True
NZDUSD,LONG,RF_SIMPLE,4,ML_ONLY,0.6,5,0.5251057290239574,25,-0.07981211173687545,0.8857807066635359,-1.9953027934218863,7.7536260998424895,False
NZDUSD,LONG,RF_SIMPLE,4,ML_ONLY,0.65,0,0.5251057290239574,5,0.19999999999997486,1.3177266363001585,0.9999999999998743,1.9900000000000317,True
NZDUSD,LONG,RF_SIMPLE,4,ML_ONLY,0.65,1,0.5251057290239574,5,0.1235150379782525,1.1761369732917,0.6175751898912625,2.136922689530638,True
NZDUSD,LONG,RF_SIMPLE,4,ML_ONLY,0.65,2,0.5251057290239574,5,0.047030075956530214,1.053040972860057,0.23515037978265108,2.2837351760792215,True
NZDUSD,LONG,RF_SIMPLE,4,ML_ONLY,0.65,5,0.5251057290239574,5,-0.18242481010863676,0.7645765091421455,-0.9121240505431838,2.7235114178328335,False
NZDUSD,LONG,RF_SIMPLE,4,BASE_PLUS_ML,0.55,0,0.5251057290239574,9,-1.2212453270876722e-15,0.9850746415711831,-1.099120794378905e-14,2.999014910199997,False
NZDUSD,LONG,RF_SIMPLE,4,BASE_PLUS_ML,0.55,1,0.5251057290239574,9,-0.08957856369993945,0.8623029402844824,-0.8062070732994551,3.4840102114401965,False
NZDUSD,LONG,RF_SIMPLE,4,BASE_PLUS_ML,0.55,2,0.5251057290239574,9,-0.17915712739987763,0.7573337057293723,-1.6124141465988986,3.967004347801074,False
NZDUSD,LONG,RF_SIMPLE,4,BASE_PLUS_ML,0.55,5,0.5251057290239574,9,-0.4478928184996922,0.517550136778793,-4.03103536649723,5.4040450971609335,False
NZDUSD,LONG,RF_SIMPLE,4,BASE_PLUS_ML,0.6,0,0.5251057290239574,5,-0.40000000000001534,0.4900741349135706,-2.000000000000077,2.9701000000000137,False
NZDUSD,LONG,RF_SIMPLE,4,BASE_PLUS_ML,0.6,1,0.5251057290239574,5,-0.4730083024803216,0.43950565064891195,-2.365041512401608,3.181247376417741,False
NZDUSD,LONG,RF_SIMPLE,4,BASE_PLUS_ML,0.6,2,0.5251057290239574,5,-0.5460166049606279,0.39538622059072265,-2.7300830248031396,3.392092300446359,False
NZDUSD,LONG,RF_SIMPLE,4,BASE_PLUS_ML,0.6,5,0.5251057290239574,5,-0.7650415124015467,0.29140483188793964,-3.8252075620077335,4.022814489358825,False
NZDUSD,LONG,RF_SIMPLE,4,BASE_PLUS_ML,0.65,0,0.5251057290239574,2,0.49999999999997036,1.9607843137254024,0.9999999999999407,1.000000000000027,True
NZDUSD,LONG,RF_SIMPLE,4,BASE_PLUS_ML,0.65,1,0.5251057290239574,2,0.4252736901062131,1.7571843208767495,0.8505473802124262,1.0752483750199933,True
NZDUSD,LONG,RF_SIMPLE,4,BASE_PLUS_ML,0.65,2,0.5251057290239574,2,0.3505473802124559,1.5801268947404468,0.7010947604249118,1.1504967500399588,True
NZDUSD,LONG,RF_SIMPLE,4,BASE_PLUS_ML,0.65,5,0.5251057290239574,2,0.12636845053118417,1.1646705562992217,0.25273690106236835,1.3762418750998626,True
NZDUSD,LONG,RF_SIMPLE,5,ML_ONLY,0.55,0,0.5699926472004414,21,0.42857142857142444,1.8232808867523151,8.999999999999913,4.900995009999995,True
NZDUSD,LONG,RF_SIMPLE,5,ML_ONLY,0.55,1,0.5699926472004414,21,0.288292437946344,1.471538221065167,6.054141196873225,5.65169332541527,True
NZDUSD,LONG,RF_SIMPLE,5,ML_ONLY,0.55,2,0.5699926472004414,21,0.14801344732126365,1.2041555270313375,3.1082823937465367,6.397646170868487,True
NZDUSD,LONG,RF_SIMPLE,5,ML_ONLY,0.55,5,0.5699926472004414,21,-0.2728235245539774,0.6871024894454921,-5.729294015633526,11.811803130256877,False
NZDUSD,LONG,RF_SIMPLE,5,ML_ONLY,0.6,0,0.5699926472004414,0,0.0,0.0,0.0,0.0,False
NZDUSD,LONG,RF_SIMPLE,5,ML_ONLY,0.6,1,0.5699926472004414,0,0.0,0.0,0.0,0.0,False
NZDUSD,LONG,RF_SIMPLE,5,ML_ONLY,0.6,2,0.5699926472004414,0,0.0,0.0,0.0,0.0,False
NZDUSD,LONG,RF_SIMPLE,5,ML_ONLY,0.6,5,0.5699926472004414,0,0.0,0.0,0.0,0.0,False
NZDUSD,LONG,RF_SIMPLE,5,ML_ONLY,0.65,0,0.5699926472004414,0,0.0,0.0,0.0,0.0,False
NZDUSD,LONG,RF_SIMPLE,5,ML_ONLY,0.65,1,0.5699926472004414,0,0.0,0.0,0.0,0.0,False
NZDUSD,LONG,RF_SIMPLE,5,ML_ONLY,0.65,2,0.5699926472004414,0,0.0,0.0,0.0,0.0,False
NZDUSD,LONG,RF_SIMPLE,5,ML_ONLY,0.65,5,0.5699926472004414,0,0.0,0.0,0.0,0.0,False
NZDUSD,LONG,RF_SIMPLE,5,BASE_PLUS_ML,0.55,0,0.5699926472004414,1,2.000000000000036,inf,2.000000000000036,0.0,True
NZDUSD,LONG,RF_SIMPLE,5,BASE_PLUS_ML,0.55,1,0.5699926472004414,1,1.9049356569559837,inf,1.9049356569559837,0.0,True
NZDUSD,LONG,RF_SIMPLE,5,BASE_PLUS_ML,0.55,2,0.5699926472004414,1,1.8098713139119311,inf,1.8098713139119311,0.0,True
NZDUSD,LONG,RF_SIMPLE,5,BASE_PLUS_ML,0.55,5,0.5699926472004414,1,1.5246782847797742,inf,1.5246782847797742,0.0,True
NZDUSD,LONG,RF_SIMPLE,5,BASE_PLUS_ML,0.6,0,0.5699926472004414,0,0.0,0.0,0.0,0.0,False
NZDUSD,LONG,RF_SIMPLE,5,BASE_PLUS_ML,0.6,1,0.5699926472004414,0,0.0,0.0,0.0,0.0,False
NZDUSD,LONG,RF_SIMPLE,5,BASE_PLUS_ML,0.6,2,0.5699926472004414,0,0.0,0.0,0.0,0.0,False
NZDUSD,LONG,RF_SIMPLE,5,BASE_PLUS_ML,0.6,5,0.5699926472004414,0,0.0,0.0,0.0,0.0,False
NZDUSD,LONG,RF_SIMPLE,5,BASE_PLUS_ML,0.65,0,0.5699926472004414,0,0.0,0.0,0.0,0.0,False
NZDUSD,LONG,RF_SIMPLE,5,BASE_PLUS_ML,0.65,1,0.5699926472004414,0,0.0,0.0,0.0,0.0,False
NZDUSD,LONG,RF_SIMPLE,5,BASE_PLUS_ML,0.65,2,0.5699926472004414,0,0.0,0.0,0.0,0.0,False
NZDUSD,LONG,RF_SIMPLE,5,BASE_PLUS_ML,0.65,5,0.5699926472004414,0,0.0,0.0,0.0,0.0,False
NZDUSD,LONG,RF_ACTUAL,1,ML_ONLY,0.55,0,0.5077904551588762,93,0.06451612903225716,1.0849812859260195,5.999999999999916,9.884669991197876,True
NZDUSD,LONG,RF_ACTUAL,1,ML_ONLY,0.55,1,0.5077904551588762,93,-0.047475330945950016,0.9185584426622465,-4.415205777973352,14.839842746956819,False
NZDUSD,LONG,RF_ACTUAL,1,ML_ONLY,0.55,2,0.5077904551588762,93,-0.1594667909241572,0.7819276541055726,-14.830411555946618,20.942954708743233,False
NZDUSD,LONG,RF_ACTUAL,1,ML_ONLY,0.55,5,0.5077904551588762,93,-0.4954411708587787,0.48769715577028067,-46.07602888986642,38.42416164591792,False
NZDUSD,LONG,RF_ACTUAL,1,ML_ONLY,0.6,0,0.5077904551588762,61,0.022115754891886472,1.0189465905835968,1.349061048405075,7.04314736663765,True
NZDUSD,LONG,RF_ACTUAL,1,ML_ONLY,0.6,1,0.5077904551588762,61,-0.08559412716589794,0.866084600175284,-5.221241757119774,11.133268912940483,False
NZDUSD,LONG,RF_ACTUAL,1,ML_ONLY,0.6,2,0.5077904551588762,61,-0.19330400922368238,0.7404452088758944,-11.791544562644624,15.747875545495518,False
NZDUSD,LONG,RF_ACTUAL,1,ML_ONLY,0.6,5,0.5077904551588762,61,-0.5164336553970356,0.4699367902832747,-31.50245297921917,28.864189671061148,False
NZDUSD,LONG,RF_ACTUAL,1,ML_ONLY,0.65,0,0.5077904551588762,32,0.31250000000000233,1.5569889604382048,10.000000000000075,5.014302362981687,True
NZDUSD,LONG,RF_ACTUAL,1,ML_ONLY,0.65,1,0.5077904551588762,32,0.2204361853236606,1.3562230792027112,7.053957930357139,6.259384402627761,True
NZDUSD,LONG,RF_ACTUAL,1,ML_ONLY,0.65,2,0.5077904551588762,32,0.1283723706473189,1.1850145605706364,4.107915860714205,7.489369399695336,True
NZDUSD,LONG,RF_ACTUAL,1,ML_ONLY,0.65,5,0.5077904551588762,32,-0.1478190733817062,0.7963197220288581,-4.730210348214598,11.64606880162504,False
NZDUSD,LONG,RF_ACTUAL,1,BASE_PLUS_ML,0.55,0,0.5077904551588762,9,-0.33333333333334747,0.564185982313893,-3.000000000000127,3.027921203756898,False
NZDUSD,LONG,RF_ACTUAL,1,BASE_PLUS_ML,0.55,1,0.5077904551588762,9,-0.45040188453934565,0.4795129170357642,-4.053616960854111,4.050113851986566,False
NZDUSD,LONG,RF_ACTUAL,1,BASE_PLUS_ML,0.55,2,0.5077904551588762,9,-0.5674704357453437,0.4117945608355163,-5.107233921708094,5.0628005116728225,False
NZDUSD,LONG,RF_ACTUAL,1,BASE_PLUS_ML,0.55,5,0.5077904551588762,9,-0.9186760893633381,0.2712045088283397,-8.268084804270043,8.044589409811852,False
NZDUSD,LONG,RF_ACTUAL,1,BASE_PLUS_ML,0.6,0,0.5077904551588762,4,-0.25000000000001915,0.6579161602151905,-1.0000000000000766,1.9900000000000653,False
NZDUSD,LONG,RF_ACTUAL,1,BASE_PLUS_ML,0.6,1,0.5077904551588762,4,-0.3629465083043438,0.5589381280868205,-1.451786033217375,2.221815035315892,False
NZDUSD,LONG,RF_ACTUAL,1,BASE_PLUS_ML,0.6,2,0.5077904551588762,4,-0.4758930166086684,0.4784226149353775,-1.9035720664346736,2.453374392221034,False
NZDUSD,LONG,RF_ACTUAL,1,BASE_PLUS_ML,0.6,5,0.5077904551588762,4,-0.8147325415216421,0.30721604162588134,-3.2589301660865684,3.2533080547021087,False
NZDUSD,LONG,RF_ACTUAL,1,BASE_PLUS_ML,0.65,0,0.5077904551588762,0,0.0,0.0,0.0,0.0,False
NZDUSD,LONG,RF_ACTUAL,1,BASE_PLUS_ML,0.65,1,0.5077904551588762,0,0.0,0.0,0.0,0.0,False
NZDUSD,LONG,RF_ACTUAL,1,BASE_PLUS_ML,0.65,2,0.5077904551588762,0,0.0,0.0,0.0,0.0,False
NZDUSD,LONG,RF_ACTUAL,1,BASE_PLUS_ML,0.65,5,0.5077904551588762,0,0.0,0.0,0.0,0.0,False
NZDUSD,LONG,RF_ACTUAL,2,ML_ONLY,0.55,0,0.509789187490607,84,-0.02859277794604979,0.946387919311345,-2.4017933474681823,13.911769877801273,False
NZDUSD,LONG,RF_ACTUAL,2,ML_ONLY,0.55,1,0.509789187490607,84,-0.1646290735324746,0.7855454714686686,-13.828842176727868,21.695186247849392,False
NZDUSD,LONG,RF_ACTUAL,2,ML_ONLY,0.55,2,0.509789187490607,84,-0.30066536911889946,0.6594167424089087,-25.255891005987554,28.784834796234048,False
NZDUSD,LONG,RF_ACTUAL,2,ML_ONLY,0.55,5,0.509789187490607,84,-0.7087742558781739,0.40330540364485984,-59.537037493766604,47.0243384236516,False
NZDUSD,LONG,RF_ACTUAL,2,ML_ONLY,0.6,0,0.509789187490607,38,0.04205806980345129,1.049211211454323,1.598206652531149,9.069539193708009,True
NZDUSD,LONG,RF_ACTUAL,2,ML_ONLY,0.6,1,0.509789187490607,38,-0.09826039134537631,0.8548359887465463,-3.7338948711243,11.163003367599893,False
NZDUSD,LONG,RF_ACTUAL,2,ML_ONLY,0.6,2,0.509789187490607,38,-0.2385788524942039,0.7034774130788666,-9.065996394779749,13.211310104907575,False
NZDUSD,LONG,RF_ACTUAL,2,ML_ONLY,0.6,5,0.509789187490607,38,-0.6595342359406867,0.4001173462720214,-25.062300965746093,22.857306258852976,False
NZDUSD,LONG,RF_ACTUAL,2,ML_ONLY,0.65,0,0.509789187490607,15,-0.3999999999999948,0.4892825872249085,-5.999999999999922,7.780517946653823,False
NZDUSD,LONG,RF_ACTUAL,2,ML_ONLY,0.65,1,0.509789187490607,15,-0.5391579034787987,0.39831613297926616,-8.08736855218198,9.537831540546824,False
NZDUSD,LONG,RF_ACTUAL,2,ML_ONLY,0.65,2,0.509789187490607,15,-0.6783158069576026,0.3272438325448466,-10.17473710436404,11.264131931662053,False
NZDUSD,LONG,RF_ACTUAL,2,ML_ONLY,0.65,5,0.509789187490607,15,-1.0957895173940144,0.1846688216246867,-16.436842760910217,16.261955237726934,False
NZDUSD,LONG,RF_ACTUAL,2,BASE_PLUS_ML,0.55,0,0.509789187490607,5,0.20000000000000565,1.3094473151124395,1.0000000000000282,1.990000000000023,True
NZDUSD,LONG,RF_ACTUAL,2,BASE_PLUS_ML,0.55,1,0.509789187490607,5,0.054659808200156854,1.062147884264128,0.2732990410007843,2.288404881795189,True
NZDUSD,LONG,RF_ACTUAL,2,BASE_PLUS_ML,0.55,2,0.509789187490607,5,-0.09068038359969192,0.8723715139619513,-0.45340191799845964,2.586364298003905,False
NZDUSD,LONG,RF_ACTUAL,2,BASE_PLUS_ML,0.55,5,0.509789187490607,5,-0.5267009589992382,0.4988888299100224,-2.633504794996191,4.126675200073644,False
NZDUSD,LONG,RF_ACTUAL,2,BASE_PLUS_ML,0.6,0,0.509789187490607,2,0.49999999999999173,1.9607843137254948,0.9999999999999835,0.9999999999999825,True
NZDUSD,LONG,RF_ACTUAL,2,BASE_PLUS_ML,0.6,1,0.509789187490607,2,0.37205170957998424,1.6100559396883776,0.7441034191599685,1.161328849443335,True
NZDUSD,LONG,RF_ACTUAL,2,BASE_PLUS_ML,0.6,2,0.509789187490607,2,0.2441034191599767,1.3447587362133964,0.4882068383199534,1.3226576988866907,True
NZDUSD,LONG,RF_ACTUAL,2,BASE_PLUS_ML,0.6,5,0.509789187490607,2,-0.13974145210004585,0.8325877870582448,-0.2794829042000917,1.8066442472167668,False
NZDUSD,LONG,RF_ACTUAL,2,BASE_PLUS_ML,0.65,0,0.509789187490607,1,1.9999999999999625,inf,1.9999999999999625,0.0,True
NZDUSD,LONG,RF_ACTUAL,2,BASE_PLUS_ML,0.65,1,0.509789187490607,1,1.905432268603305,inf,1.905432268603305,0.0,True
NZDUSD,LONG,RF_ACTUAL,2,BASE_PLUS_ML,0.65,2,0.509789187490607,1,1.8108645372066474,inf,1.8108645372066474,0.0,True
NZDUSD,LONG,RF_ACTUAL,2,BASE_PLUS_ML,0.65,5,0.509789187490607,1,1.5271613430166748,inf,1.5271613430166748,0.0,True
NZDUSD,LONG,RF_ACTUAL,3,ML_ONLY,0.55,0,0.479442549795015,43,0.11627906976743523,1.167823870867634,4.999999999999715,8.648275251635845,True
NZDUSD,LONG,RF_ACTUAL,3,ML_ONLY,0.55,1,0.479442549795015,43,-0.03948945947882194,0.9316602226570315,-1.6980467575893432,10.727060646087178,False
NZDUSD,LONG,RF_ACTUAL,3,ML_ONLY,0.55,2,0.479442549795015,43,-0.19525798872507907,0.7533713845295027,-8.3960935151784,15.351425274204383,False
NZDUSD,LONG,RF_ACTUAL,3,ML_ONLY,0.55,5,0.479442549795015,43,-0.6625635764638506,0.4101487781969567,-28.490233787945574,28.64680239499433,False
NZDUSD,LONG,RF_ACTUAL,3,ML_ONLY,0.6,0,0.479442549795015,9,0.6666666666666766,2.484774727376227,6.00000000000009,2.970100000000003,True
NZDUSD,LONG,RF_ACTUAL,3,ML_ONLY,0.6,1,0.479442549795015,9,0.5151836905987389,1.9888005942889586,4.63665321538865,3.487741475876311,True
NZDUSD,LONG,RF_ACTUAL,3,ML_ONLY,0.6,2,0.479442549795015,9,0.3637007145308011,1.6096484731961243,3.27330643077721,4.00354160193343,True
NZDUSD,LONG,RF_ACTUAL,3,ML_ONLY,0.6,5,0.479442549795015,9,-0.09074821367301193,0.8696709044649779,-0.8167339230571073,5.5399266407177485,False
NZDUSD,LONG,RF_ACTUAL,3,ML_ONLY,0.65,0,0.479442549795015,1,-0.1177077024198642,0.0,-0.1177077024198642,0.11770770241986385,False
NZDUSD,LONG,RF_ACTUAL,3,ML_ONLY,0.65,1,0.479442549795015,1,-0.19573277087340576,0.0,-0.19573277087340576,0.19573277087340557,False
NZDUSD,LONG,RF_ACTUAL,3,ML_ONLY,0.65,2,0.479442549795015,1,-0.2737578393269473,0.0,-0.2737578393269473,0.2737578393269473,False
NZDUSD,LONG,RF_ACTUAL,3,ML_ONLY,0.65,5,0.479442549795015,1,-0.5078330446875721,0.0,-0.5078330446875721,0.5078330446875725,False
NZDUSD,LONG,RF_ACTUAL,3,BASE_PLUS_ML,0.55,0,0.479442549795015,3,-1.0000000000000207,0.0,-3.000000000000062,2.970100000000059,False
NZDUSD,LONG,RF_ACTUAL,3,BASE_PLUS_ML,0.55,1,0.479442549795015,3,-1.1177313729222227,0.0,-3.353194118766668,3.3159040146201733,False
NZDUSD,LONG,RF_ACTUAL,3,BASE_PLUS_ML,0.55,2,0.479442549795015,3,-1.2354627458444243,0.0,-3.706388237533273,3.6609854166484634,False
NZDUSD,LONG,RF_ACTUAL,3,BASE_PLUS_ML,0.55,5,0.479442549795015,3,-1.5886568646110295,0.0,-4.765970593833089,4.6919009937960485,False
NZDUSD,LONG,RF_ACTUAL,3,BASE_PLUS_ML,0.6,0,0.479442549795015,0,0.0,0.0,0.0,0.0,False
NZDUSD,LONG,RF_ACTUAL,3,BASE_PLUS_ML,0.6,1,0.479442549795015,0,0.0,0.0,0.0,0.0,False
NZDUSD,LONG,RF_ACTUAL,3,BASE_PLUS_ML,0.6,2,0.479442549795015,0,0.0,0.0,0.0,0.0,False
NZDUSD,LONG,RF_ACTUAL,3,BASE_PLUS_ML,0.6,5,0.479442549795015,0,0.0,0.0,0.0,0.0,False
NZDUSD,LONG,RF_ACTUAL,3,BASE_PLUS_ML,0.65,0,0.479442549795015,0,0.0,0.0,0.0,0.0,False
NZDUSD,LONG,RF_ACTUAL,3,BASE_PLUS_ML,0.65,1,0.479442549795015,0,0.0,0.0,0.0,0.0,False
NZDUSD,LONG,RF_ACTUAL,3,BASE_PLUS_ML,0.65,2,0.479442549795015,0,0.0,0.0,0.0,0.0,False
NZDUSD,LONG,RF_ACTUAL,3,BASE_PLUS_ML,0.65,5,0.479442549795015,0,0.0,0.0,0.0,0.0,False
NZDUSD,LONG,RF_ACTUAL,4,ML_ONLY,0.55,0,0.5002132450173336,104,-0.03556327815753843,0.9298107599547847,-3.6985809283839965,20.541581106586236,False
NZDUSD,LONG,RF_ACTUAL,4,ML_ONLY,0.55,1,0.5002132450173336,104,-0.14384257893413144,0.7864898570060398,-14.95962820914967,24.0456549639484,False
NZDUSD,LONG,RF_ACTUAL,4,ML_ONLY,0.55,2,0.5002132450173336,104,-0.2521218797107245,0.6704363421643328,-26.220675489915344,29.970576712334466,False
NZDUSD,LONG,RF_ACTUAL,4,ML_ONLY,0.55,5,0.5002132450173336,104,-0.5769597820405035,0.4272142786587733,-60.00381733221236,47.82782644270071,False
NZDUSD,LONG,RF_ACTUAL,4,ML_ONLY,0.6,0,0.5002132450173336,46,0.13698737112208495,1.2018372136371238,6.301419071615907,10.546193963542953,True
NZDUSD,LONG,RF_ACTUAL,4,ML_ONLY,0.6,1,0.5002132450173336,46,0.03696992367701435,1.0384703505447985,1.70061648914266,12.292890371643114,True
NZDUSD,LONG,RF_ACTUAL,4,ML_ONLY,0.6,2,0.5002132450173336,46,-0.06304752376805621,0.9030429410807855,-2.9001860933305856,14.007212368328345,False
NZDUSD,LONG,RF_ACTUAL,4,ML_ONLY,0.6,5,0.5002132450173336,46,-0.36309986610326794,0.6077058873424367,-16.702593840750325,20.16445009337614,False
NZDUSD,LONG,RF_ACTUAL,4,ML_ONLY,0.65,0,0.5002132450173336,16,0.12500000000000092,1.1821886569664732,2.0000000000000147,4.900995009999903,True
NZDUSD,LONG,RF_ACTUAL,4,ML_ONLY,0.65,1,0.5002132450173336,16,0.04120086921965113,1.0450483643754591,0.6592139075144181,5.295700325223111,True
NZDUSD,LONG,RF_ACTUAL,4,ML_ONLY,0.65,2,0.5002132450173336,16,-0.04259826156069861,0.9276760844311359,-0.6815721849711778,5.689097314498744,False
NZDUSD,LONG,RF_ACTUAL,4,ML_ONLY,0.65,5,0.5002132450173336,16,-0.29399565390174787,0.6590196148129949,-4.703930462427966,6.861470776911941,False
NZDUSD,LONG,RF_ACTUAL,4,BASE_PLUS_ML,0.55,0,0.5002132450173336,11,-0.4545454545454604,0.4378604375258526,-5.000000000000065,4.9576655718020675,False
NZDUSD,LONG,RF_ACTUAL,4,BASE_PLUS_ML,0.55,1,0.5002132450173336,11,-0.5476380335057331,0.3823594997150589,-6.024018368563064,5.93119771149685,False
NZDUSD,LONG,RF_ACTUAL,4,BASE_PLUS_ML,0.55,2,0.5002132450173336,11,-0.6407306124660059,0.3356291453073583,-7.048036737126065,6.8957012031299545,False
NZDUSD,LONG,RF_ACTUAL,4,BASE_PLUS_ML,0.55,5,0.5002132450173336,11,-0.9200083493468241,0.23124458969279918,-10.120091842815064,9.735787496145315,False
NZDUSD,LONG,RF_ACTUAL,4,BASE_PLUS_ML,0.6,0,0.5002132450173336,6,-3.608224830031759e-15,0.9851726539954173,-2.1649348980190553e-14,1.9899999999999969,False
NZDUSD,LONG,RF_ACTUAL,4,BASE_PLUS_ML,0.6,1,0.5002132450173336,6,-0.08857112178690126,0.8648999805608314,-0.5314267307214076,2.175677612136797,False
NZDUSD,LONG,RF_ACTUAL,4,BASE_PLUS_ML,0.6,2,0.5002132450173336,6,-0.1771422435737989,0.7626838571537436,-1.0628534614427934,2.361183938096809,False
NZDUSD,LONG,RF_ACTUAL,4,BASE_PLUS_ML,0.6,5,0.5002132450173336,6,-0.4428556089344918,0.5311742723434026,-2.6571336536069508,2.9166751989161757,False
NZDUSD,LONG,RF_ACTUAL,4,BASE_PLUS_ML,0.65,0,0.5002132450173336,5,0.19999999999999998,1.313553128130183,0.9999999999999999,1.0000000000000298,True
NZDUSD,LONG,RF_ACTUAL,4,BASE_PLUS_ML,0.65,1,0.5002132450173336,5,0.11556310205036895,1.1606558503146704,0.5778155102518447,1.091099812724815,True
NZDUSD,LONG,RF_ACTUAL,4,BASE_PLUS_ML,0.65,2,0.5002132450173336,5,0.031126204100737985,1.0291663878700066,0.15563102050368993,1.1821996254496299,True
NZDUSD,LONG,RF_ACTUAL,4,BASE_PLUS_ML,0.65,5,0.5002132450173336,5,-0.22218448974815508,0.7259853598576035,-1.1109224487407754,1.4554990636241085,False
NZDUSD,LONG,RF_ACTUAL,5,ML_ONLY,0.55,0,0.5580514288109651,55,0.14545454545454647,1.2395731923478395,8.000000000000057,13.254784724088026,True
NZDUSD,LONG,RF_ACTUAL,5,ML_ONLY,0.55,1,0.5580514288109651,55,-0.0009731857319247205,0.9822430777935941,-0.053525215255859626,16.81644651092136,False
NZDUSD,LONG,RF_ACTUAL,5,ML_ONLY,0.55,2,0.5580514288109651,55,-0.14740091691839594,0.7863624515113302,-8.107050430511777,20.23683391426956,False
NZDUSD,LONG,RF_ACTUAL,5,ML_ONLY,0.55,5,0.5580514288109651,55,-0.5866841104778096,0.41075442136267665,-32.26762607627953,33.33288896480097,False
NZDUSD,LONG,RF_ACTUAL,5,ML_ONLY,0.6,0,0.5580514288109651,13,0.15384615384615452,1.232030309498369,2.000000000000009,3.9690247610979856,True
NZDUSD,LONG,RF_ACTUAL,5,ML_ONLY,0.6,1,0.5580514288109651,13,0.005235941783107123,0.9922256807514525,0.06806724318039259,5.076024516804373,True
NZDUSD,LONG,RF_ACTUAL,5,ML_ONLY,0.6,2,0.5580514288109651,13,-0.14337427027994035,0.8102408408168412,-1.8638655136392244,6.172141589610807,False
NZDUSD,LONG,RF_ACTUAL,5,ML_ONLY,0.6,5,0.5580514288109651,13,-0.5892049064690826,0.45776471829254683,-7.659663784098074,10.092041959305535,False
NZDUSD,LONG,RF_ACTUAL,5,ML_ONLY,0.65,0,0.5580514288109651,2,-0.9999999999999677,0.0,-1.9999999999999354,1.9899999999999296,False
NZDUSD,LONG,RF_ACTUAL,5,ML_ONLY,0.65,1,0.5580514288109651,2,-1.1677884624057744,0.0,-2.3355769248115488,2.32194672949106,False
NZDUSD,LONG,RF_ACTUAL,5,ML_ONLY,0.65,2,0.5580514288109651,2,-1.3355769248115812,0.0,-2.6711538496231624,2.6533446068374476,False
NZDUSD,LONG,RF_ACTUAL,5,ML_ONLY,0.65,5,0.5580514288109651,2,-1.8389423120290012,0.0,-3.6778846240580023,3.644245126008195,False
NZDUSD,LONG,RF_ACTUAL,5,BASE_PLUS_ML,0.55,0,0.5580514288109651,2,0.49999999999997313,1.9799999999999514,0.9999999999999463,1.0,True
NZDUSD,LONG,RF_ACTUAL,5,BASE_PLUS_ML,0.55,1,0.5580514288109651,2,0.33701167409128063,1.5827610083055133,0.6740233481825613,1.1220230657633123,True
NZDUSD,LONG,RF_ACTUAL,5,BASE_PLUS_ML,0.55,2,0.5580514288109651,2,0.1740233481825879,1.2638489994954387,0.3480466963651758,1.2440461315266362,True
NZDUSD,LONG,RF_ACTUAL,5,BASE_PLUS_ML,0.55,5,0.5580514288109651,2,-0.3149416295434897,0.598993864387204,-0.6298832590869794,1.6101153288166075,False
NZDUSD,LONG,RF_ACTUAL,5,BASE_PLUS_ML,0.6,0,0.5580514288109651,0,0.0,0.0,0.0,0.0,False
NZDUSD,LONG,RF_ACTUAL,5,BASE_PLUS_ML,0.6,1,0.5580514288109651,0,0.0,0.0,0.0,0.0,False
NZDUSD,LONG,RF_ACTUAL,5,BASE_PLUS_ML,0.6,2,0.5580514288109651,0,0.0,0.0,0.0,0.0,False
NZDUSD,LONG,RF_ACTUAL,5,BASE_PLUS_ML,0.6,5,0.5580514288109651,0,0.0,0.0,0.0,0.0,False
NZDUSD,LONG,RF_ACTUAL,5,BASE_PLUS_ML,0.65,0,0.5580514288109651,0,0.0,0.0,0.0,0.0,False
NZDUSD,LONG,RF_ACTUAL,5,BASE_PLUS_ML,0.65,1,0.5580514288109651,0,0.0,0.0,0.0,0.0,False
NZDUSD,LONG,RF_ACTUAL,5,BASE_PLUS_ML,0.65,2,0.5580514288109651,0,0.0,0.0,0.0,0.0,False
NZDUSD,LONG,RF_ACTUAL,5,BASE_PLUS_ML,0.65,5,0.5580514288109651,0,0.0,0.0,0.0,0.0,False
NZDUSD,SHORT,LOGISTIC,1,ML_ONLY,0.55,0,0.5749291535338047,166,-0.006024096385543588,0.9762362445633062,-1.0000000000002356,15.856286664098091,False
NZDUSD,SHORT,LOGISTIC,1,ML_ONLY,0.55,1,0.5749291535338047,166,-0.14300014306136233,0.7984981794040672,-23.738023748186148,26.62843353274712,False
NZDUSD,SHORT,LOGISTIC,1,ML_ONLY,0.55,2,0.5749291535338047,166,-0.2799761897371811,0.6579450988455716,-46.47604749637206,41.358868114223206,False
NZDUSD,SHORT,LOGISTIC,1,ML_ONLY,0.55,5,0.5749291535338047,166,-0.6909043297646373,0.37096232447167904,-114.69011874092979,70.11895817877604,False
NZDUSD,SHORT,LOGISTIC,1,ML_ONLY,0.6,0,0.5749291535338047,110,0.009090909090908842,0.9986490870097371,0.9999999999999727,11.361512828387008,True
NZDUSD,SHORT,LOGISTIC,1,ML_ONLY,0.6,1,0.5749291535338047,110,-0.1307976616020231,0.8118847184965908,-14.387742776222542,16.22369749774814,False
NZDUSD,SHORT,LOGISTIC,1,ML_ONLY,0.6,2,0.5749291535338047,110,-0.27068623229495503,0.6655738113246428,-29.77548555244505,26.917995155814445,False
NZDUSD,SHORT,LOGISTIC,1,ML_ONLY,0.6,5,0.5749291535338047,110,-0.6903519443737508,0.3707389411151126,-75.93871388111259,53.84893004256153,False
NZDUSD,SHORT,LOGISTIC,1,ML_ONLY,0.65,0,0.5749291535338047,67,-0.1940298507462773,0.7125511026391448,-13.000000000000579,17.481572904900236,False
NZDUSD,SHORT,LOGISTIC,1,ML_ONLY,0.65,1,0.5749291535338047,67,-0.33673395943378864,0.5727213934355797,-22.56117528206384,22.162364948902656,False
NZDUSD,SHORT,LOGISTIC,1,ML_ONLY,0.65,2,0.5749291535338047,67,-0.47943806812129997,0.4649020691795611,-32.122350564127096,29.20689736012516,False
NZDUSD,SHORT,LOGISTIC,1,ML_ONLY,0.65,5,0.5749291535338047,67,-0.9075503941838339,0.25350311593827274,-60.80587641031687,46.785761174150785,False
NZDUSD,SHORT,LOGISTIC,1,BASE_PLUS_ML,0.55,0,0.5749291535338047,11,-0.1818181818181725,0.7401848538882959,-1.9999999999998974,4.9009950100001785,False
NZDUSD,SHORT,LOGISTIC,1,BASE_PLUS_ML,0.55,1,0.5749291535338047,11,-0.33869786267996943,0.5912478505216703,-3.725676489479664,5.677635866288808,False
NZDUSD,SHORT,LOGISTIC,1,BASE_PLUS_ML,0.55,2,0.5749291535338047,11,-0.4955775435417664,0.4781759769218116,-5.451352978959431,7.004449203149783,False
NZDUSD,SHORT,LOGISTIC,1,BASE_PLUS_ML,0.55,5,0.5749291535338047,11,-0.9662165861271574,0.25880135538415033,-10.628382447398732,11.356016564883669,False
NZDUSD,SHORT,LOGISTIC,1,BASE_PLUS_ML,0.6,0,0.5749291535338047,2,0.5000000000000562,1.960784313725672,1.0000000000001124,0.9999999999999262,True
NZDUSD,SHORT,LOGISTIC,1,BASE_PLUS_ML,0.6,1,0.5749291535338047,2,0.33811974840026693,1.550493748411256,0.6762394968005339,1.167772354200061,True
NZDUSD,SHORT,LOGISTIC,1,BASE_PLUS_ML,0.6,2,0.5749291535338047,2,0.1762394968004778,1.2429403946307693,0.3524789936009556,1.3355447084001948,True
NZDUSD,SHORT,LOGISTIC,1,BASE_PLUS_ML,0.6,5,0.5749291535338047,2,-0.30940125799888996,0.655488765037731,-0.6188025159977799,1.8388617710005974,False
NZDUSD,SHORT,LOGISTIC,1,BASE_PLUS_ML,0.65,0,0.5749291535338047,0,0.0,0.0,0.0,0.0,False
NZDUSD,SHORT,LOGISTIC,1,BASE_PLUS_ML,0.65,1,0.5749291535338047,0,0.0,0.0,0.0,0.0,False
NZDUSD,SHORT,LOGISTIC,1,BASE_PLUS_ML,0.65,2,0.5749291535338047,0,0.0,0.0,0.0,0.0,False
NZDUSD,SHORT,LOGISTIC,1,BASE_PLUS_ML,0.65,5,0.5749291535338047,0,0.0,0.0,0.0,0.0,False
NZDUSD,SHORT,LOGISTIC,2,ML_ONLY,0.55,0,0.5105161941226855,154,0.003575010998285268,0.9904999010791956,0.5505516937359313,18.86485104944411,True
NZDUSD,SHORT,LOGISTIC,2,ML_ONLY,0.55,1,0.5105161941226855,154,-0.15398067969601317,0.7882142904513242,-23.71302467318603,32.667541102027705,False
NZDUSD,SHORT,LOGISTIC,2,ML_ONLY,0.55,2,0.5105161941226855,154,-0.3115363703903116,0.6365445862596751,-47.976601040107994,46.11909123499324,False
NZDUSD,SHORT,LOGISTIC,2,ML_ONLY,0.55,5,0.5105161941226855,154,-0.7842034424732071,0.34884573450982886,-120.76733014087388,72.65431621860317,False
NZDUSD,SHORT,LOGISTIC,2,ML_ONLY,0.6,0,0.5105161941226855,68,0.32352941176470934,1.5625863809087959,22.000000000000234,5.851985059899921,True
NZDUSD,SHORT,LOGISTIC,2,ML_ONLY,0.6,1,0.5105161941226855,68,0.1605113682958994,1.2305785124796327,10.914773044121159,8.059404607757259,True
NZDUSD,SHORT,LOGISTIC,2,ML_ONLY,0.6,2,0.5105161941226855,68,-0.0025066751729105165,0.9816904689898059,-0.17045391175791513,12.382688505548819,False
NZDUSD,SHORT,LOGISTIC,2,ML_ONLY,0.6,5,0.5105161941226855,68,-0.49156080557934023,0.5078174029017982,-33.426134779395134,30.710855111725554,False
NZDUSD,SHORT,LOGISTIC,2,ML_ONLY,0.65,0,0.5105161941226855,14,-0.1428571428571639,0.7809357526006848,-2.0000000000002944,7.753028349102068,False
NZDUSD,SHORT,LOGISTIC,2,ML_ONLY,0.65,1,0.5105161941226855,14,-0.31616427462174207,0.6004971551615312,-4.426299844704389,9.511381089084058,False
NZDUSD,SHORT,LOGISTIC,2,ML_ONLY,0.65,2,0.5105161941226855,14,-0.4894714063863204,0.466929866193148,-6.8525996894084855,11.239237574235688,False
NZDUSD,SHORT,LOGISTIC,2,ML_ONLY,0.65,5,0.5105161941226855,14,-1.009392801680055,0.21818529048691485,-14.13149922352077,16.244560932382,False
NZDUSD,SHORT,LOGISTIC,2,BASE_PLUS_ML,0.55,0,0.5105161941226855,7,0.2857142857143054,1.4730057253400157,2.0000000000001377,1.98999999999993,True
NZDUSD,SHORT,LOGISTIC,2,BASE_PLUS_ML,0.55,1,0.5105161941226855,7,0.1228856021627682,1.1652425604445595,0.8601992151393774,2.368263234999002,True
NZDUSD,SHORT,LOGISTIC,2,BASE_PLUS_ML,0.55,2,0.5105161941226855,7,-0.03994308138876896,0.9339433792378597,-0.2796015697213827,2.7457956154696816,False
NZDUSD,SHORT,LOGISTIC,2,BASE_PLUS_ML,0.55,5,0.5105161941226855,7,-0.5284291320433804,0.49029283698114584,-3.6990039243036623,4.5041444281912115,False
NZDUSD,SHORT,LOGISTIC,2,BASE_PLUS_ML,0.6,0,0.5105161941226855,0,0.0,0.0,0.0,0.0,False
NZDUSD,SHORT,LOGISTIC,2,BASE_PLUS_ML,0.6,1,0.5105161941226855,0,0.0,0.0,0.0,0.0,False
NZDUSD,SHORT,LOGISTIC,2,BASE_PLUS_ML,0.6,2,0.5105161941226855,0,0.0,0.0,0.0,0.0,False
NZDUSD,SHORT,LOGISTIC,2,BASE_PLUS_ML,0.6,5,0.5105161941226855,0,0.0,0.0,0.0,0.0,False
NZDUSD,SHORT,LOGISTIC,2,BASE_PLUS_ML,0.65,0,0.5105161941226855,0,0.0,0.0,0.0,0.0,False
NZDUSD,SHORT,LOGISTIC,2,BASE_PLUS_ML,0.65,1,0.5105161941226855,0,0.0,0.0,0.0,0.0,False
NZDUSD,SHORT,LOGISTIC,2,BASE_PLUS_ML,0.65,2,0.5105161941226855,0,0.0,0.0,0.0,0.0,False
NZDUSD,SHORT,LOGISTIC,2,BASE_PLUS_ML,0.65,5,0.5105161941226855,0,0.0,0.0,0.0,0.0,False
NZDUSD,SHORT,LOGISTIC,3,ML_ONLY,0.55,0,0.4935622270175427,186,-0.1069655471631751,0.8513551245874927,-19.89559177235057,28.231954110945257,False
NZDUSD,SHORT,LOGISTIC,3,ML_ONLY,0.55,1,0.4935622270175427,186,-0.27539565495175855,0.6843850050967826,-51.223591821027085,44.35264741993185,False
NZDUSD,SHORT,LOGISTIC,3,ML_ONLY,0.55,2,0.4935622270175427,186,-0.4438257627403419,0.5558305887624544,-82.5515918697036,58.44989135480155,False
NZDUSD,SHORT,LOGISTIC,3,ML_ONLY,0.55,5,0.4935622270175427,186,-0.9491160861060921,0.29721037106097437,-176.53559201573313,83.32577814913272,False
NZDUSD,SHORT,LOGISTIC,3,ML_ONLY,0.6,0,0.4935622270175427,79,0.004860331195692764,0.9930180374606026,0.38396616445972837,13.22892694431742,True
NZDUSD,SHORT,LOGISTIC,3,ML_ONLY,0.6,1,0.4935622270175427,79,-0.17525577319498495,0.7770858792269894,-13.845206082403811,19.188903096247007,False
NZDUSD,SHORT,LOGISTIC,3,ML_ONLY,0.6,2,0.4935622270175427,79,-0.3553718775856627,0.615042803101956,-28.07437832926735,28.17478051390914,False
NZDUSD,SHORT,LOGISTIC,3,ML_ONLY,0.6,5,0.4935622270175427,79,-0.8957201907576958,0.3033075201997686,-70.76189506985797,51.42556710639716,False
NZDUSD,SHORT,LOGISTIC,3,ML_ONLY,0.65,0,0.4935622270175427,16,-0.25000000000001693,0.6607301815981422,-4.000000000000271,5.851985059900138,False
NZDUSD,SHORT,LOGISTIC,3,ML_ONLY,0.65,1,0.4935622270175427,16,-0.44530962833541193,0.494233239323923,-7.124954053366591,7.012055607491153,False
NZDUSD,SHORT,LOGISTIC,3,ML_ONLY,0.65,2,0.4935622270175427,16,-0.6406192566708069,0.3710473040653125,-10.24990810673291,9.884041958454542,False
NZDUSD,SHORT,LOGISTIC,3,ML_ONLY,0.65,5,0.4935622270175427,16,-1.2265481416769919,0.1388882713649508,-19.62477026683187,18.01127340545663,False
NZDUSD,SHORT,LOGISTIC,3,BASE_PLUS_ML,0.55,0,0.4935622270175427,9,-2.2549863211275402e-14,0.9851726539953891,-2.0294876890147862e-13,2.019206980000127,False
NZDUSD,SHORT,LOGISTIC,3,BASE_PLUS_ML,0.55,1,0.4935622270175427,9,-0.17424267137839228,0.7654104849120663,-1.5681840424055304,2.910833696051094,False
NZDUSD,SHORT,LOGISTIC,3,BASE_PLUS_ML,0.55,2,0.4935622270175427,9,-0.348485342756762,0.6017569043596666,-3.136368084810858,3.795984313548137,False
NZDUSD,SHORT,LOGISTIC,3,BASE_PLUS_ML,0.55,5,0.4935622270175427,9,-0.8712133568918712,0.29192919596220934,-7.84092021202684,7.655260194855941,False
NZDUSD,SHORT,LOGISTIC,3,BASE_PLUS_ML,0.6,0,0.4935622270175427,0,0.0,0.0,0.0,0.0,False
NZDUSD,SHORT,LOGISTIC,3,BASE_PLUS_ML,0.6,1,0.4935622270175427,0,0.0,0.0,0.0,0.0,False
NZDUSD,SHORT,LOGISTIC,3,BASE_PLUS_ML,0.6,2,0.4935622270175427,0,0.0,0.0,0.0,0.0,False
NZDUSD,SHORT,LOGISTIC,3,BASE_PLUS_ML,0.6,5,0.4935622270175427,0,0.0,0.0,0.0,0.0,False
NZDUSD,SHORT,LOGISTIC,3,BASE_PLUS_ML,0.65,0,0.4935622270175427,0,0.0,0.0,0.0,0.0,False
NZDUSD,SHORT,LOGISTIC,3,BASE_PLUS_ML,0.65,1,0.4935622270175427,0,0.0,0.0,0.0,0.0,False
NZDUSD,SHORT,LOGISTIC,3,BASE_PLUS_ML,0.65,2,0.4935622270175427,0,0.0,0.0,0.0,0.0,False
NZDUSD,SHORT,LOGISTIC,3,BASE_PLUS_ML,0.65,5,0.4935622270175427,0,0.0,0.0,0.0,0.0,False
NZDUSD,SHORT,LOGISTIC,4,ML_ONLY,0.55,0,0.5179572048067469,54,0.49999999999999406,1.9712057899201054,26.99999999999968,4.900995010000109,True
NZDUSD,SHORT,LOGISTIC,4,ML_ONLY,0.55,1,0.5179572048067469,54,0.34821030145626053,1.5805474423653794,18.80335627863807,5.659732366053339,True
NZDUSD,SHORT,LOGISTIC,4,ML_ONLY,0.55,2,0.5179572048067469,54,0.1964206029125269,1.2815361900872497,10.606712557276452,6.413622990222975,True
NZDUSD,SHORT,LOGISTIC,4,ML_ONLY,0.55,5,0.5179572048067469,54,-0.2589484927186739,0.6962409257363057,-13.98321860680839,16.48702575508467,False
NZDUSD,SHORT,LOGISTIC,4,ML_ONLY,0.6,0,0.5179572048067469,6,0.999999999999959,3.912093679073083,5.999999999999754,1.0000000000000666,True
NZDUSD,SHORT,LOGISTIC,4,ML_ONLY,0.6,1,0.5179572048067469,6,0.8386416763869566,3.071456969339728,5.03185005832174,1.1938655084128609,True
NZDUSD,SHORT,LOGISTIC,4,ML_ONLY,0.6,2,0.5179572048067469,6,0.6772833527739545,2.4502824721486585,4.0637001166437265,1.3877310168257608,True
NZDUSD,SHORT,LOGISTIC,4,ML_ONLY,0.6,5,0.5179572048067469,6,0.19320838193494752,1.2852004768399334,1.1592502916096852,2.4571740437206544,True
NZDUSD,SHORT,LOGISTIC,4,ML_ONLY,0.65,0,0.5179572048067469,1,2.0000000000000133,inf,2.0000000000000133,0.0,True
NZDUSD,SHORT,LOGISTIC,4,ML_ONLY,0.65,1,0.5179572048067469,1,1.8550585910188049,inf,1.8550585910188049,0.0,True
NZDUSD,SHORT,LOGISTIC,4,ML_ONLY,0.65,2,0.5179572048067469,1,1.7101171820375962,inf,1.7101171820375962,0.0,True
NZDUSD,SHORT,LOGISTIC,4,ML_ONLY,0.65,5,0.5179572048067469,1,1.275292955093971,inf,1.275292955093971,0.0,True
NZDUSD,SHORT,LOGISTIC,4,BASE_PLUS_ML,0.55,0,0.5179572048067469,1,-1.0000000000000322,0.0,-1.0000000000000322,1.000000000000034,False
NZDUSD,SHORT,LOGISTIC,4,BASE_PLUS_ML,0.55,1,0.5179572048067469,1,-1.1784532109096681,0.0,-1.1784532109096681,1.178453210909663,False
NZDUSD,SHORT,LOGISTIC,4,BASE_PLUS_ML,0.55,2,0.5179572048067469,1,-1.3569064218193043,0.0,-1.3569064218193043,1.3569064218193034,False
NZDUSD,SHORT,LOGISTIC,4,BASE_PLUS_ML,0.55,5,0.5179572048067469,1,-1.8922660545482124,0.0,-1.8922660545482124,1.8922660545482133,False
NZDUSD,SHORT,LOGISTIC,4,BASE_PLUS_ML,0.6,0,0.5179572048067469,0,0.0,0.0,0.0,0.0,False
NZDUSD,SHORT,LOGISTIC,4,BASE_PLUS_ML,0.6,1,0.5179572048067469,0,0.0,0.0,0.0,0.0,False
NZDUSD,SHORT,LOGISTIC,4,BASE_PLUS_ML,0.6,2,0.5179572048067469,0,0.0,0.0,0.0,0.0,False
NZDUSD,SHORT,LOGISTIC,4,BASE_PLUS_ML,0.6,5,0.5179572048067469,0,0.0,0.0,0.0,0.0,False
NZDUSD,SHORT,LOGISTIC,4,BASE_PLUS_ML,0.65,0,0.5179572048067469,0,0.0,0.0,0.0,0.0,False
NZDUSD,SHORT,LOGISTIC,4,BASE_PLUS_ML,0.65,1,0.5179572048067469,0,0.0,0.0,0.0,0.0,False
NZDUSD,SHORT,LOGISTIC,4,BASE_PLUS_ML,0.65,2,0.5179572048067469,0,0.0,0.0,0.0,0.0,False
NZDUSD,SHORT,LOGISTIC,4,BASE_PLUS_ML,0.65,5,0.5179572048067469,0,0.0,0.0,0.0,0.0,False
NZDUSD,SHORT,LOGISTIC,5,ML_ONLY,0.55,0,0.5571937280783413,100,0.16383054754129386,1.2358036946313804,16.383054754129386,14.352286681960228,True
NZDUSD,SHORT,LOGISTIC,5,ML_ONLY,0.55,1,0.5571937280783413,100,-0.016275039453418103,0.9649292100546262,-1.6275039453418103,23.03009676308298,False
NZDUSD,SHORT,LOGISTIC,5,ML_ONLY,0.55,2,0.5571937280783413,100,-0.19638062644813004,0.7645961550968914,-19.638062644813004,30.842876488739407,False
NZDUSD,SHORT,LOGISTIC,5,ML_ONLY,0.55,5,0.5571937280783413,100,-0.7366973874322659,0.38321988087323555,-73.66973874322659,54.01175421489707,False
NZDUSD,SHORT,LOGISTIC,5,ML_ONLY,0.6,0,0.5571937280783413,10,-0.3999999999999913,0.48880875151424263,-3.999999999999913,4.929334513486833,False
NZDUSD,SHORT,LOGISTIC,5,ML_ONLY,0.6,1,0.5571937280783413,10,-0.5938001566363134,0.3683698060449815,-5.938001566363133,6.3910106927181225,False
NZDUSD,SHORT,LOGISTIC,5,ML_ONLY,0.6,2,0.5571937280783413,10,-0.7876003132726354,0.28181504661258355,-7.876003132726353,7.833002015658121,False
NZDUSD,SHORT,LOGISTIC,5,ML_ONLY,0.6,5,0.5571937280783413,10,-1.3690007831816016,0.12543242286499318,-13.690007831816015,12.94038713625273,False
NZDUSD,SHORT,LOGISTIC,5,ML_ONLY,0.65,0,0.5571937280783413,0,0.0,0.0,0.0,0.0,False
NZDUSD,SHORT,LOGISTIC,5,ML_ONLY,0.65,1,0.5571937280783413,0,0.0,0.0,0.0,0.0,False
NZDUSD,SHORT,LOGISTIC,5,ML_ONLY,0.65,2,0.5571937280783413,0,0.0,0.0,0.0,0.0,False
NZDUSD,SHORT,LOGISTIC,5,ML_ONLY,0.65,5,0.5571937280783413,0,0.0,0.0,0.0,0.0,False
NZDUSD,SHORT,LOGISTIC,5,BASE_PLUS_ML,0.55,0,0.5571937280783413,7,-0.571428571428575,0.3328276615938255,-4.000000000000025,4.9009950100000195,False
NZDUSD,SHORT,LOGISTIC,5,BASE_PLUS_ML,0.55,1,0.5571937280783413,7,-0.7503412091126341,0.25960227423820986,-5.252388463788439,5.794729087915316,False
NZDUSD,SHORT,LOGISTIC,5,BASE_PLUS_ML,0.55,2,0.5571937280783413,7,-0.9292538467966932,0.20569136173231972,-6.504776927576852,6.681742474949556,False
NZDUSD,SHORT,LOGISTIC,5,BASE_PLUS_ML,0.55,5,0.5571937280783413,7,-1.4659917598488708,0.10473343498583361,-10.261942318942095,9.858945641097524,False
NZDUSD,SHORT,LOGISTIC,5,BASE_PLUS_ML,0.6,0,0.5571937280783413,0,0.0,0.0,0.0,0.0,False
NZDUSD,SHORT,LOGISTIC,5,BASE_PLUS_ML,0.6,1,0.5571937280783413,0,0.0,0.0,0.0,0.0,False
NZDUSD,SHORT,LOGISTIC,5,BASE_PLUS_ML,0.6,2,0.5571937280783413,0,0.0,0.0,0.0,0.0,False
NZDUSD,SHORT,LOGISTIC,5,BASE_PLUS_ML,0.6,5,0.5571937280783413,0,0.0,0.0,0.0,0.0,False
NZDUSD,SHORT,LOGISTIC,5,BASE_PLUS_ML,0.65,0,0.5571937280783413,0,0.0,0.0,0.0,0.0,False
NZDUSD,SHORT,LOGISTIC,5,BASE_PLUS_ML,0.65,1,0.5571937280783413,0,0.0,0.0,0.0,0.0,False
NZDUSD,SHORT,LOGISTIC,5,BASE_PLUS_ML,0.65,2,0.5571937280783413,0,0.0,0.0,0.0,0.0,False
NZDUSD,SHORT,LOGISTIC,5,BASE_PLUS_ML,0.65,5,0.5571937280783413,0,0.0,0.0,0.0,0.0,False
NZDUSD,SHORT,RF_SIMPLE,1,ML_ONLY,0.55,0,0.5603373370815231,156,-0.134615384615386,0.7997824948134125,-21.000000000000217,23.208352326729962,False
NZDUSD,SHORT,RF_SIMPLE,1,ML_ONLY,0.55,1,0.5603373370815231,156,-0.2706872068003542,0.6554980311831226,-42.22720426085525,37.75874632178442,False
NZDUSD,SHORT,RF_SIMPLE,1,ML_ONLY,0.55,2,0.5603373370815231,156,-0.40675902898532235,0.541114256310803,-63.454408521710285,49.56704933809164,False
NZDUSD,SHORT,RF_SIMPLE,1,ML_ONLY,0.55,5,0.5603373370815231,156,-0.8149744955402268,0.30614804284600794,-127.13602130427539,73.21763107029632,False
NZDUSD,SHORT,RF_SIMPLE,1,ML_ONLY,0.6,0,0.5603373370815231,33,0.09090909090909109,1.1279178695854206,3.000000000000006,7.753028349102012,True
NZDUSD,SHORT,RF_SIMPLE,1,ML_ONLY,0.6,1,0.5603373370815231,33,-0.04661046529440722,0.9205607461707132,-1.5381453547154382,9.265000375775303,False
NZDUSD,SHORT,RF_SIMPLE,1,ML_ONLY,0.6,2,0.5603373370815231,33,-0.18413002149790553,0.7583999337008668,-6.076290709430882,10.75447431522166,False
NZDUSD,SHORT,RF_SIMPLE,1,ML_ONLY,0.6,5,0.5603373370815231,33,-0.5966886901084004,0.43226777396973415,-19.690726773577214,19.331452506693825,False
NZDUSD,SHORT,RF_SIMPLE,1,ML_ONLY,0.65,0,0.5603373370815231,0,0.0,0.0,0.0,0.0,False
NZDUSD,SHORT,RF_SIMPLE,1,ML_ONLY,0.65,1,0.5603373370815231,0,0.0,0.0,0.0,0.0,False
NZDUSD,SHORT,RF_SIMPLE,1,ML_ONLY,0.65,2,0.5603373370815231,0,0.0,0.0,0.0,0.0,False
NZDUSD,SHORT,RF_SIMPLE,1,ML_ONLY,0.65,5,0.5603373370815231,0,0.0,0.0,0.0,0.0,False
NZDUSD,SHORT,RF_SIMPLE,1,BASE_PLUS_ML,0.55,0,0.5603373370815231,4,-0.24999999999995962,0.6601745105301562,-0.9999999999998385,2.970099999999911,False
NZDUSD,SHORT,RF_SIMPLE,1,BASE_PLUS_ML,0.55,1,0.5603373370815231,4,-0.41070281282544396,0.5269212933335375,-1.6428112513017759,3.4581669439503275,False
NZDUSD,SHORT,RF_SIMPLE,1,BASE_PLUS_ML,0.55,2,0.5603373370815231,4,-0.5714056256509283,0.4267069391308215,-2.2856225026037134,3.944596811123059,False
NZDUSD,SHORT,RF_SIMPLE,1,BASE_PLUS_ML,0.55,5,0.5603373370815231,4,-1.0535140641273812,0.23429904684240974,-4.214056256509525,5.394091412859954,False
NZDUSD,SHORT,RF_SIMPLE,1,BASE_PLUS_ML,0.6,0,0.5603373370815231,0,0.0,0.0,0.0,0.0,False
NZDUSD,SHORT,RF_SIMPLE,1,BASE_PLUS_ML,0.6,1,0.5603373370815231,0,0.0,0.0,0.0,0.0,False
NZDUSD,SHORT,RF_SIMPLE,1,BASE_PLUS_ML,0.6,2,0.5603373370815231,0,0.0,0.0,0.0,0.0,False
NZDUSD,SHORT,RF_SIMPLE,1,BASE_PLUS_ML,0.6,5,0.5603373370815231,0,0.0,0.0,0.0,0.0,False
NZDUSD,SHORT,RF_SIMPLE,1,BASE_PLUS_ML,0.65,0,0.5603373370815231,0,0.0,0.0,0.0,0.0,False
NZDUSD,SHORT,RF_SIMPLE,1,BASE_PLUS_ML,0.65,1,0.5603373370815231,0,0.0,0.0,0.0,0.0,False
NZDUSD,SHORT,RF_SIMPLE,1,BASE_PLUS_ML,0.65,2,0.5603373370815231,0,0.0,0.0,0.0,0.0,False
NZDUSD,SHORT,RF_SIMPLE,1,BASE_PLUS_ML,0.65,5,0.5603373370815231,0,0.0,0.0,0.0,0.0,False
NZDUSD,SHORT,RF_SIMPLE,2,ML_ONLY,0.55,0,0.5260208462801785,175,0.04572262664637058,1.0522090033873246,8.00145966311485,11.519880418570223,True
NZDUSD,SHORT,RF_SIMPLE,2,ML_ONLY,0.55,1,0.5260208462801785,175,-0.11352382190351372,0.844468842889137,-19.8666688331149,25.79121040911766,False
NZDUSD,SHORT,RF_SIMPLE,2,ML_ONLY,0.55,2,0.5260208462801785,175,-0.27277027045339797,0.6872408945855448,-47.734797329344644,42.0403573986326,False
NZDUSD,SHORT,RF_SIMPLE,2,ML_ONLY,0.55,5,0.5260208462801785,175,-0.7505096161030508,0.3825598305639523,-131.3391828180339,73.7120708185888,False
NZDUSD,SHORT,RF_SIMPLE,2,ML_ONLY,0.6,0,0.5260208462801785,17,0.23529411764707456,1.3922215243904086,4.000000000000267,4.957665571801753,True
NZDUSD,SHORT,RF_SIMPLE,2,ML_ONLY,0.6,1,0.5260208462801785,17,0.06316535941120985,1.077848338434901,1.0738111099905674,6.795072119281443,True
NZDUSD,SHORT,RF_SIMPLE,2,ML_ONLY,0.6,2,0.5260208462801785,17,-0.10896339882465492,0.8450376620905086,-1.8523777800191337,8.60019568762345,False
NZDUSD,SHORT,RF_SIMPLE,2,ML_ONLY,0.6,5,0.5260208462801785,17,-0.6253496735322491,0.41032069504446556,-10.630944450048235,14.001005357320912,False
NZDUSD,SHORT,RF_SIMPLE,2,ML_ONLY,0.65,0,0.5260208462801785,4,-0.2500000000000187,0.6533780007406959,-1.0000000000000748,2.9701000000000475,False
NZDUSD,SHORT,RF_SIMPLE,2,ML_ONLY,0.65,1,0.5260208462801785,4,-0.43899446412284693,0.4965794341317501,-1.7559778564913877,3.5313775372108127,False
NZDUSD,SHORT,RF_SIMPLE,2,ML_ONLY,0.65,2,0.5260208462801785,4,-0.627988928245675,0.3834998901337589,-2.5119557129827,4.090487816856,False
NZDUSD,SHORT,RF_SIMPLE,2,ML_ONLY,0.65,5,0.5260208462801785,4,-1.1949723206141596,0.17834387175477748,-4.779889282456638,5.754857006490011,False
NZDUSD,SHORT,RF_SIMPLE,2,BASE_PLUS_ML,0.55,0,0.5260208462801785,13,1.307692307692309,6.423672216452803,17.000000000000018,1.0000000000000293,True
NZDUSD,SHORT,RF_SIMPLE,2,BASE_PLUS_ML,0.55,1,0.5260208462801785,13,1.1407742808759658,5.06691284759948,14.830065651387555,1.1862381084405227,True
NZDUSD,SHORT,RF_SIMPLE,2,BASE_PLUS_ML,0.55,2,0.5260208462801785,13,0.9738562540596225,4.044177110664283,12.660131302775092,1.3724762168811078,True
NZDUSD,SHORT,RF_SIMPLE,2,BASE_PLUS_ML,0.55,5,0.5260208462801785,13,0.4731021736105924,2.075100089830212,6.150328256937701,2.4978830571065496,True
NZDUSD,SHORT,RF_SIMPLE,2,BASE_PLUS_ML,0.6,0,0.5260208462801785,0,0.0,0.0,0.0,0.0,False
NZDUSD,SHORT,RF_SIMPLE,2,BASE_PLUS_ML,0.6,1,0.5260208462801785,0,0.0,0.0,0.0,0.0,False
NZDUSD,SHORT,RF_SIMPLE,2,BASE_PLUS_ML,0.6,2,0.5260208462801785,0,0.0,0.0,0.0,0.0,False
NZDUSD,SHORT,RF_SIMPLE,2,BASE_PLUS_ML,0.6,5,0.5260208462801785,0,0.0,0.0,0.0,0.0,False
NZDUSD,SHORT,RF_SIMPLE,2,BASE_PLUS_ML,0.65,0,0.5260208462801785,0,0.0,0.0,0.0,0.0,False
NZDUSD,SHORT,RF_SIMPLE,2,BASE_PLUS_ML,0.65,1,0.5260208462801785,0,0.0,0.0,0.0,0.0,False
NZDUSD,SHORT,RF_SIMPLE,2,BASE_PLUS_ML,0.65,2,0.5260208462801785,0,0.0,0.0,0.0,0.0,False
NZDUSD,SHORT,RF_SIMPLE,2,BASE_PLUS_ML,0.65,5,0.5260208462801785,0,0.0,0.0,0.0,0.0,False
NZDUSD,SHORT,RF_SIMPLE,3,ML_ONLY,0.55,0,0.4775940308204307,72,-0.2671926686111774,0.6443944095669158,-19.237872140004775,19.608072525331995,False
NZDUSD,SHORT,RF_SIMPLE,3,ML_ONLY,0.55,1,0.4775940308204307,72,-0.43359001316418444,0.5094823271295736,-31.21848094782128,28.570815691285112,False
NZDUSD,SHORT,RF_SIMPLE,3,ML_ONLY,0.55,2,0.4775940308204307,72,-0.5999873577171915,0.40740720129818164,-43.199089755637786,36.54718047379218,False
NZDUSD,SHORT,RF_SIMPLE,3,ML_ONLY,0.55,5,0.4775940308204307,72,-1.0991793913762125,0.2088061868656688,-79.1409161790873,55.57316021332941,False
NZDUSD,SHORT,RF_SIMPLE,3,ML_ONLY,0.6,0,0.4775940308204307,44,-0.0522439003997563,0.9114759808539765,-2.298731617589277,6.020196349626988,False
NZDUSD,SHORT,RF_SIMPLE,3,ML_ONLY,0.6,1,0.4775940308204307,44,-0.21927184470825647,0.7185979839016507,-9.647961167163285,10.979426182580227,False
NZDUSD,SHORT,RF_SIMPLE,3,ML_ONLY,0.6,2,0.4775940308204307,44,-0.38629978901675666,0.5734267934391304,-16.997190716737293,17.192739056743296,False
NZDUSD,SHORT,RF_SIMPLE,3,ML_ONLY,0.6,5,0.4775940308204307,44,-0.8873836219422572,0.29436815434495145,-39.044879365459316,33.399906823378025,False
NZDUSD,SHORT,RF_SIMPLE,3,ML_ONLY,0.65,0,0.4775940308204307,2,0.5000000000000312,1.9800000000001166,1.0000000000000624,0.9999999999999432,True
NZDUSD,SHORT,RF_SIMPLE,3,ML_ONLY,0.65,1,0.4775940308204307,2,0.30889037660571406,1.509644683755345,0.6177807532114281,1.171074559885153,True
NZDUSD,SHORT,RF_SIMPLE,3,ML_ONLY,0.65,2,0.4775940308204307,2,0.11778075321139703,1.1597335750423168,0.23556150642279405,1.342149119770363,True
NZDUSD,SHORT,RF_SIMPLE,3,ML_ONLY,0.65,5,0.4775940308204307,2,-0.4555481169715544,0.4994989229238875,-0.9110962339431088,1.855372799425993,False
NZDUSD,SHORT,RF_SIMPLE,3,BASE_PLUS_ML,0.55,0,0.4775940308204307,0,0.0,0.0,0.0,0.0,False
NZDUSD,SHORT,RF_SIMPLE,3,BASE_PLUS_ML,0.55,1,0.4775940308204307,0,0.0,0.0,0.0,0.0,False
NZDUSD,SHORT,RF_SIMPLE,3,BASE_PLUS_ML,0.55,2,0.4775940308204307,0,0.0,0.0,0.0,0.0,False
NZDUSD,SHORT,RF_SIMPLE,3,BASE_PLUS_ML,0.55,5,0.4775940308204307,0,0.0,0.0,0.0,0.0,False
NZDUSD,SHORT,RF_SIMPLE,3,BASE_PLUS_ML,0.6,0,0.4775940308204307,0,0.0,0.0,0.0,0.0,False
NZDUSD,SHORT,RF_SIMPLE,3,BASE_PLUS_ML,0.6,1,0.4775940308204307,0,0.0,0.0,0.0,0.0,False
NZDUSD,SHORT,RF_SIMPLE,3,BASE_PLUS_ML,0.6,2,0.4775940308204307,0,0.0,0.0,0.0,0.0,False
NZDUSD,SHORT,RF_SIMPLE,3,BASE_PLUS_ML,0.6,5,0.4775940308204307,0,0.0,0.0,0.0,0.0,False
NZDUSD,SHORT,RF_SIMPLE,3,BASE_PLUS_ML,0.65,0,0.4775940308204307,0,0.0,0.0,0.0,0.0,False
NZDUSD,SHORT,RF_SIMPLE,3,BASE_PLUS_ML,0.65,1,0.4775940308204307,0,0.0,0.0,0.0,0.0,False
NZDUSD,SHORT,RF_SIMPLE,3,BASE_PLUS_ML,0.65,2,0.4775940308204307,0,0.0,0.0,0.0,0.0,False
NZDUSD,SHORT,RF_SIMPLE,3,BASE_PLUS_ML,0.65,5,0.4775940308204307,0,0.0,0.0,0.0,0.0,False
NZDUSD,SHORT,RF_SIMPLE,4,ML_ONLY,0.55,0,0.5251557694271998,8,0.12499999999998261,1.1825490093774702,0.9999999999998609,1.9899999999999956,True
NZDUSD,SHORT,RF_SIMPLE,4,ML_ONLY,0.55,1,0.5251557694271998,8,-0.07640910812829527,0.8850004393018388,-0.6112728650263621,2.428929616987814,False
NZDUSD,SHORT,RF_SIMPLE,4,ML_ONLY,0.55,2,0.5251557694271998,8,-0.2778182162565732,0.6741939023111292,-2.2225457300525857,2.866877372348989,False
NZDUSD,SHORT,RF_SIMPLE,4,ML_ONLY,0.55,5,0.5251557694271998,8,-0.8820455406414068,0.2984372081673391,-7.056364325131255,6.925005695342827,False
NZDUSD,SHORT,RF_SIMPLE,4,ML_ONLY,0.6,0,0.5251557694271998,0,0.0,0.0,0.0,0.0,False
NZDUSD,SHORT,RF_SIMPLE,4,ML_ONLY,0.6,1,0.5251557694271998,0,0.0,0.0,0.0,0.0,False
NZDUSD,SHORT,RF_SIMPLE,4,ML_ONLY,0.6,2,0.5251557694271998,0,0.0,0.0,0.0,0.0,False
NZDUSD,SHORT,RF_SIMPLE,4,ML_ONLY,0.6,5,0.5251557694271998,0,0.0,0.0,0.0,0.0,False
NZDUSD,SHORT,RF_SIMPLE,4,ML_ONLY,0.65,0,0.5251557694271998,0,0.0,0.0,0.0,0.0,False
NZDUSD,SHORT,RF_SIMPLE,4,ML_ONLY,0.65,1,0.5251557694271998,0,0.0,0.0,0.0,0.0,False
NZDUSD,SHORT,RF_SIMPLE,4,ML_ONLY,0.65,2,0.5251557694271998,0,0.0,0.0,0.0,0.0,False
NZDUSD,SHORT,RF_SIMPLE,4,ML_ONLY,0.65,5,0.5251557694271998,0,0.0,0.0,0.0,0.0,False
NZDUSD,SHORT,RF_SIMPLE,4,BASE_PLUS_ML,0.55,0,0.5251557694271998,1,-1.0000000000000568,0.0,-1.0000000000000568,1.0000000000000568,False
NZDUSD,SHORT,RF_SIMPLE,4,BASE_PLUS_ML,0.55,1,0.5251557694271998,1,-1.2092942013940098,0.0,-1.2092942013940098,1.2092942013940047,False
NZDUSD,SHORT,RF_SIMPLE,4,BASE_PLUS_ML,0.55,2,0.5251557694271998,1,-1.4185884027879627,0.0,-1.4185884027879627,1.4185884027879636,False
NZDUSD,SHORT,RF_SIMPLE,4,BASE_PLUS_ML,0.55,5,0.5251557694271998,1,-2.0464710069698215,0.0,-2.0464710069698215,2.0464710069698184,False
NZDUSD,SHORT,RF_SIMPLE,4,BASE_PLUS_ML,0.6,0,0.5251557694271998,0,0.0,0.0,0.0,0.0,False
NZDUSD,SHORT,RF_SIMPLE,4,BASE_PLUS_ML,0.6,1,0.5251557694271998,0,0.0,0.0,0.0,0.0,False
NZDUSD,SHORT,RF_SIMPLE,4,BASE_PLUS_ML,0.6,2,0.5251557694271998,0,0.0,0.0,0.0,0.0,False
NZDUSD,SHORT,RF_SIMPLE,4,BASE_PLUS_ML,0.6,5,0.5251557694271998,0,0.0,0.0,0.0,0.0,False
NZDUSD,SHORT,RF_SIMPLE,4,BASE_PLUS_ML,0.65,0,0.5251557694271998,0,0.0,0.0,0.0,0.0,False
NZDUSD,SHORT,RF_SIMPLE,4,BASE_PLUS_ML,0.65,1,0.5251557694271998,0,0.0,0.0,0.0,0.0,False
NZDUSD,SHORT,RF_SIMPLE,4,BASE_PLUS_ML,0.65,2,0.5251557694271998,0,0.0,0.0,0.0,0.0,False
NZDUSD,SHORT,RF_SIMPLE,4,BASE_PLUS_ML,0.65,5,0.5251557694271998,0,0.0,0.0,0.0,0.0,False
NZDUSD,SHORT,RF_SIMPLE,5,ML_ONLY,0.55,0,0.5906109495408622,25,0.43999999999998457,1.8300272812350207,10.999999999999615,2.9990149101997754,True
NZDUSD,SHORT,RF_SIMPLE,5,ML_ONLY,0.55,1,0.5906109495408622,25,0.21500931510009344,1.3206115872228437,5.375232877502336,4.558590130257162,True
NZDUSD,SHORT,RF_SIMPLE,5,ML_ONLY,0.55,2,0.5906109495408622,25,-0.009981369799797725,0.9717500921508897,-0.24953424499494314,6.982335050965556,False
NZDUSD,SHORT,RF_SIMPLE,5,ML_ONLY,0.55,5,0.5906109495408622,25,-0.6849534244994712,0.3752447173627539,-17.12383561248678,16.820316127570596,False
NZDUSD,SHORT,RF_SIMPLE,5,ML_ONLY,0.6,0,0.5906109495408622,0,0.0,0.0,0.0,0.0,False
NZDUSD,SHORT,RF_SIMPLE,5,ML_ONLY,0.6,1,0.5906109495408622,0,0.0,0.0,0.0,0.0,False
NZDUSD,SHORT,RF_SIMPLE,5,ML_ONLY,0.6,2,0.5906109495408622,0,0.0,0.0,0.0,0.0,False
NZDUSD,SHORT,RF_SIMPLE,5,ML_ONLY,0.6,5,0.5906109495408622,0,0.0,0.0,0.0,0.0,False
NZDUSD,SHORT,RF_SIMPLE,5,ML_ONLY,0.65,0,0.5906109495408622,0,0.0,0.0,0.0,0.0,False
NZDUSD,SHORT,RF_SIMPLE,5,ML_ONLY,0.65,1,0.5906109495408622,0,0.0,0.0,0.0,0.0,False
NZDUSD,SHORT,RF_SIMPLE,5,ML_ONLY,0.65,2,0.5906109495408622,0,0.0,0.0,0.0,0.0,False
NZDUSD,SHORT,RF_SIMPLE,5,ML_ONLY,0.65,5,0.5906109495408622,0,0.0,0.0,0.0,0.0,False
NZDUSD,SHORT,RF_SIMPLE,5,BASE_PLUS_ML,0.55,0,0.5906109495408622,1,-0.9999999999999618,0.0,-0.9999999999999618,0.9999999999999658,False
NZDUSD,SHORT,RF_SIMPLE,5,BASE_PLUS_ML,0.55,1,0.5906109495408622,1,-1.214210336277236,0.0,-1.214210336277236,1.2142103362772332,False
NZDUSD,SHORT,RF_SIMPLE,5,BASE_PLUS_ML,0.55,2,0.5906109495408622,1,-1.4284206725545103,0.0,-1.4284206725545103,1.4284206725545117,False
NZDUSD,SHORT,RF_SIMPLE,5,BASE_PLUS_ML,0.55,5,0.5906109495408622,1,-2.071051681386333,0.0,-2.071051681386333,2.0710516813863364,False
NZDUSD,SHORT,RF_SIMPLE,5,BASE_PLUS_ML,0.6,0,0.5906109495408622,0,0.0,0.0,0.0,0.0,False
NZDUSD,SHORT,RF_SIMPLE,5,BASE_PLUS_ML,0.6,1,0.5906109495408622,0,0.0,0.0,0.0,0.0,False
NZDUSD,SHORT,RF_SIMPLE,5,BASE_PLUS_ML,0.6,2,0.5906109495408622,0,0.0,0.0,0.0,0.0,False
NZDUSD,SHORT,RF_SIMPLE,5,BASE_PLUS_ML,0.6,5,0.5906109495408622,0,0.0,0.0,0.0,0.0,False
NZDUSD,SHORT,RF_SIMPLE,5,BASE_PLUS_ML,0.65,0,0.5906109495408622,0,0.0,0.0,0.0,0.0,False
NZDUSD,SHORT,RF_SIMPLE,5,BASE_PLUS_ML,0.65,1,0.5906109495408622,0,0.0,0.0,0.0,0.0,False
NZDUSD,SHORT,RF_SIMPLE,5,BASE_PLUS_ML,0.65,2,0.5906109495408622,0,0.0,0.0,0.0,0.0,False
NZDUSD,SHORT,RF_SIMPLE,5,BASE_PLUS_ML,0.65,5,0.5906109495408622,0,0.0,0.0,0.0,0.0,False
NZDUSD,SHORT,RF_ACTUAL,1,ML_ONLY,0.55,0,0.5347735468665702,187,-0.11764705882353203,0.8207355200467763,-22.00000000000049,28.653505290644755,False
NZDUSD,SHORT,RF_ACTUAL,1,ML_ONLY,0.55,1,0.5347735468665702,187,-0.2454779207172848,0.679318138500808,-45.90437117413226,40.57284274539876,False
NZDUSD,SHORT,RF_ACTUAL,1,ML_ONLY,0.55,2,0.5347735468665702,187,-0.37330878261103756,0.5655024362368706,-69.80874234826402,52.2203699990668,False
NZDUSD,SHORT,RF_ACTUAL,1,ML_ONLY,0.55,5,0.5347735468665702,187,-0.7568013682922958,0.32650266299791336,-141.52185587065932,76.58745020829302,False
NZDUSD,SHORT,RF_ACTUAL,1,ML_ONLY,0.6,0,0.5347735468665702,104,0.009615384615383945,0.9994301623884068,0.9999999999999302,16.920874374613767,True
NZDUSD,SHORT,RF_ACTUAL,1,ML_ONLY,0.6,1,0.5347735468665702,104,-0.11517003733004044,0.8266573865954662,-11.977683882324206,22.811883669560668,False
NZDUSD,SHORT,RF_ACTUAL,1,ML_ONLY,0.6,2,0.5347735468665702,104,-0.23995545927546486,0.6879184434838927,-24.955367764648344,30.209895104102362,False
NZDUSD,SHORT,RF_ACTUAL,1,ML_ONLY,0.6,5,0.5347735468665702,104,-0.614311725111738,0.39944457629317426,-63.88841941162075,48.65745597818362,False
NZDUSD,SHORT,RF_ACTUAL,1,ML_ONLY,0.65,0,0.5347735468665702,32,0.3125000000000098,1.5461255650250967,10.000000000000314,4.985988187461391,True
NZDUSD,SHORT,RF_ACTUAL,1,ML_ONLY,0.65,1,0.5347735468665702,32,0.2002906218752679,1.3105685320887537,6.409299900008572,6.268685230523214,True
NZDUSD,SHORT,RF_ACTUAL,1,ML_ONLY,0.65,2,0.5347735468665702,32,0.0880812437505259,1.1157255054644086,2.8185998000168286,7.638659227136898,True
NZDUSD,SHORT,RF_ACTUAL,1,ML_ONLY,0.65,5,0.5347735468665702,32,-0.24854689062369995,0.6924224593614388,-7.953500499958398,14.012882004593367,False
NZDUSD,SHORT,RF_ACTUAL,1,BASE_PLUS_ML,0.55,0,0.5347735468665702,10,-0.3999999999999833,0.49385798463472375,-3.999999999999833,4.929334513486839,False
NZDUSD,SHORT,RF_ACTUAL,1,BASE_PLUS_ML,0.55,1,0.5347735468665702,10,-0.5429352711978482,0.4034368045933388,-5.429352711978482,6.025146166479955,False
NZDUSD,SHORT,RF_ACTUAL,1,BASE_PLUS_ML,0.55,2,0.5347735468665702,10,-0.685870542395713,0.33347282524611804,-6.85870542395713,7.109928106297103,False
NZDUSD,SHORT,RF_ACTUAL,1,BASE_PLUS_ML,0.55,5,0.5347735468665702,10,-1.1146763559893076,0.1943803823300136,-11.146763559893076,10.6735282298421,False
NZDUSD,SHORT,RF_ACTUAL,1,BASE_PLUS_ML,0.6,0,0.5347735468665702,1,-1.0000000000000557,0.0,-1.0000000000000557,1.0000000000000568,False
NZDUSD,SHORT,RF_ACTUAL,1,BASE_PLUS_ML,0.6,1,0.5347735468665702,1,-1.176338390897155,0.0,-1.176338390897155,1.1763383908971605,False
NZDUSD,SHORT,RF_ACTUAL,1,BASE_PLUS_ML,0.6,2,0.5347735468665702,1,-1.3526767817942542,0.0,-1.3526767817942542,1.3526767817942529,False
NZDUSD,SHORT,RF_ACTUAL,1,BASE_PLUS_ML,0.6,5,0.5347735468665702,1,-1.881691954485552,0.0,-1.881691954485552,1.8816919544855524,False
NZDUSD,SHORT,RF_ACTUAL,1,BASE_PLUS_ML,0.65,0,0.5347735468665702,0,0.0,0.0,0.0,0.0,False
NZDUSD,SHORT,RF_ACTUAL,1,BASE_PLUS_ML,0.65,1,0.5347735468665702,0,0.0,0.0,0.0,0.0,False
NZDUSD,SHORT,RF_ACTUAL,1,BASE_PLUS_ML,0.65,2,0.5347735468665702,0,0.0,0.0,0.0,0.0,False
NZDUSD,SHORT,RF_ACTUAL,1,BASE_PLUS_ML,0.65,5,0.5347735468665702,0,0.0,0.0,0.0,0.0,False
NZDUSD,SHORT,RF_ACTUAL,2,ML_ONLY,0.55,0,0.5245798692019447,171,0.08021453400438673,1.1034896206686486,13.716685314750132,10.519528783120183,True
NZDUSD,SHORT,RF_ACTUAL,2,ML_ONLY,0.55,1,0.5245798692019447,171,-0.07686657249357251,0.8893354896612153,-13.144183896400898,23.12566183050097,False
NZDUSD,SHORT,RF_ACTUAL,2,ML_ONLY,0.55,2,0.5245798692019447,171,-0.2339476789915317,0.726947676049134,-40.00505310755192,38.625467777047724,False
NZDUSD,SHORT,RF_ACTUAL,2,ML_ONLY,0.55,5,0.5245798692019447,171,-0.7051909984854094,0.4109587720451945,-120.58766074100501,70.93977593920964,False
NZDUSD,SHORT,RF_ACTUAL,2,ML_ONLY,0.6,0,0.5245798692019447,64,0.3593750000000006,1.6422467069759181,23.00000000000004,4.05485087169854,True
NZDUSD,SHORT,RF_ACTUAL,2,ML_ONLY,0.6,1,0.5245798692019447,64,0.19154932864024307,1.2839397908461345,12.259157032975557,6.223458953755778,True
NZDUSD,SHORT,RF_ACTUAL,2,ML_ONLY,0.6,2,0.5245798692019447,64,0.023723657280485564,1.0173432428360223,1.518314065951076,8.362433728752103,True
NZDUSD,SHORT,RF_ACTUAL,2,ML_ONLY,0.6,5,0.5245798692019447,64,-0.479753356798787,0.5147121853431982,-30.704214835122368,28.365124536412285,False
NZDUSD,SHORT,RF_ACTUAL,2,ML_ONLY,0.65,0,0.5245798692019447,15,0.40000000000001745,1.7366307409936874,6.000000000000262,3.9403989999998785,True
NZDUSD,SHORT,RF_ACTUAL,2,ML_ONLY,0.65,1,0.5245798692019447,15,0.2248606618552463,1.344639938561117,3.3729099278286947,4.670702545634824,True
NZDUSD,SHORT,RF_ACTUAL,2,ML_ONLY,0.65,2,0.5245798692019447,15,0.04972132371047514,1.0541952155645529,0.7458198556571272,5.396848648176751,True
NZDUSD,SHORT,RF_ACTUAL,2,ML_ONLY,0.65,5,0.5245798692019447,15,-0.47569669072383836,0.5093513000008763,-7.1354503608575754,9.000228244437006,False
NZDUSD,SHORT,RF_ACTUAL,2,BASE_PLUS_ML,0.55,0,0.5245798692019447,14,1.1428571428571423,5.004791042421162,15.999999999999993,1.0000000000000282,True
NZDUSD,SHORT,RF_ACTUAL,2,BASE_PLUS_ML,0.55,1,0.5245798692019447,14,0.9848950974769359,4.0111651188602035,13.788531364677103,1.1746426952913935,True
NZDUSD,SHORT,RF_ACTUAL,2,BASE_PLUS_ML,0.55,2,0.5245798692019447,14,0.8269330520967297,3.2401093481640584,11.577062729354216,1.3492853905827664,True
NZDUSD,SHORT,RF_ACTUAL,2,BASE_PLUS_ML,0.55,5,0.5245798692019447,14,0.35304691595611076,1.7043343866754468,4.94265682338555,2.562400327376502,True
NZDUSD,SHORT,RF_ACTUAL,2,BASE_PLUS_ML,0.6,0,0.5245798692019447,6,1.9999999999999625,inf,11.999999999999774,0.0,True
NZDUSD,SHORT,RF_ACTUAL,2,BASE_PLUS_ML,0.6,1,0.5245798692019447,6,1.8166217622533034,inf,10.89973057351982,0.0,True
NZDUSD,SHORT,RF_ACTUAL,2,BASE_PLUS_ML,0.6,2,0.5245798692019447,6,1.6332435245066446,inf,9.799461147039867,0.0,True
NZDUSD,SHORT,RF_ACTUAL,2,BASE_PLUS_ML,0.6,5,0.5245798692019447,6,1.0831088112666674,inf,6.498652867600004,0.0,True
NZDUSD,SHORT,RF_ACTUAL,2,BASE_PLUS_ML,0.65,0,0.5245798692019447,0,0.0,0.0,0.0,0.0,False
NZDUSD,SHORT,RF_ACTUAL,2,BASE_PLUS_ML,0.65,1,0.5245798692019447,0,0.0,0.0,0.0,0.0,False
NZDUSD,SHORT,RF_ACTUAL,2,BASE_PLUS_ML,0.65,2,0.5245798692019447,0,0.0,0.0,0.0,0.0,False
NZDUSD,SHORT,RF_ACTUAL,2,BASE_PLUS_ML,0.65,5,0.5245798692019447,0,0.0,0.0,0.0,0.0,False
NZDUSD,SHORT,RF_ACTUAL,3,ML_ONLY,0.55,0,0.48811390322512926,146,-0.02217720643838596,0.9528084379459361,-3.23787214000435,15.616053226725954,False
NZDUSD,SHORT,RF_ACTUAL,3,ML_ONLY,0.55,1,0.48811390322512926,146,-0.1895670930752261,0.7465987992989442,-27.67679558898301,29.465536602517144,False
NZDUSD,SHORT,RF_ACTUAL,3,ML_ONLY,0.55,2,0.48811390322512926,146,-0.3569569797120662,0.5914199333689802,-52.11571903796166,44.183084706060065,False
NZDUSD,SHORT,RF_ACTUAL,3,ML_ONLY,0.55,5,0.48811390322512926,146,-0.8591266396225865,0.29602974128341447,-125.43248938489764,72.40751909647933,False
NZDUSD,SHORT,RF_ACTUAL,3,ML_ONLY,0.6,0,0.48811390322512926,58,-0.12584020030326995,0.8138066082782975,-7.298731617589657,9.965209090805699,False
NZDUSD,SHORT,RF_ACTUAL,3,ML_ONLY,0.6,1,0.48811390322512926,58,-0.29399574264092665,0.6410943394997166,-17.051753073173746,17.91891721070212,False
NZDUSD,SHORT,RF_ACTUAL,3,ML_ONLY,0.6,2,0.48811390322512926,58,-0.4621512849785834,0.5111088664339423,-26.804774528757836,25.210571080754317,False
NZDUSD,SHORT,RF_ACTUAL,3,ML_ONLY,0.6,5,0.48811390322512926,58,-0.9666179119915536,0.2611398558830505,-56.06383889551011,44.02450290286436,False
NZDUSD,SHORT,RF_ACTUAL,3,ML_ONLY,0.65,0,0.48811390322512926,47,-0.04255319148937047,0.923942477235874,-2.000000000000412,5.880041168352376,False
NZDUSD,SHORT,RF_ACTUAL,3,ML_ONLY,0.65,1,0.48811390322512926,47,-0.21124500682357678,0.7244519994330961,-9.928515320708108,10.481698308567776,False
NZDUSD,SHORT,RF_ACTUAL,3,ML_ONLY,0.65,2,0.48811390322512926,47,-0.37993682215778307,0.5749284200222369,-17.857030641415804,17.077493342413124,False
NZDUSD,SHORT,RF_ACTUAL,3,ML_ONLY,0.65,5,0.48811390322512926,47,-0.8860122681604019,0.2898897708330259,-41.64257660353889,34.491790033376844,False
NZDUSD,SHORT,RF_ACTUAL,3,BASE_PLUS_ML,0.55,0,0.48811390322512926,20,-0.25000000000000766,0.6497197010273195,-5.000000000000154,7.807999352305877,False
NZDUSD,SHORT,RF_ACTUAL,3,BASE_PLUS_ML,0.55,1,0.48811390322512926,20,-0.4188948628889541,0.5047048194993068,-8.377897257779082,10.376812192198361,False
NZDUSD,SHORT,RF_ACTUAL,3,BASE_PLUS_ML,0.55,2,0.48811390322512926,20,-0.5877897257779006,0.39665373233797735,-11.755794515558012,12.878214481336386,False
NZDUSD,SHORT,RF_ACTUAL,3,BASE_PLUS_ML,0.55,5,0.48811390322512926,20,-1.09447431444474,0.19323028051366004,-21.889486288894798,19.99436332969027,False
NZDUSD,SHORT,RF_ACTUAL,3,BASE_PLUS_ML,0.6,0,0.48811390322512926,0,0.0,0.0,0.0,0.0,False
NZDUSD,SHORT,RF_ACTUAL,3,BASE_PLUS_ML,0.6,1,0.48811390322512926,0,0.0,0.0,0.0,0.0,False
NZDUSD,SHORT,RF_ACTUAL,3,BASE_PLUS_ML,0.6,2,0.48811390322512926,0,0.0,0.0,0.0,0.0,False
NZDUSD,SHORT,RF_ACTUAL,3,BASE_PLUS_ML,0.6,5,0.48811390322512926,0,0.0,0.0,0.0,0.0,False
NZDUSD,SHORT,RF_ACTUAL,3,BASE_PLUS_ML,0.65,0,0.48811390322512926,0,0.0,0.0,0.0,0.0,False
NZDUSD,SHORT,RF_ACTUAL,3,BASE_PLUS_ML,0.65,1,0.48811390322512926,0,0.0,0.0,0.0,0.0,False
NZDUSD,SHORT,RF_ACTUAL,3,BASE_PLUS_ML,0.65,2,0.48811390322512926,0,0.0,0.0,0.0,0.0,False
NZDUSD,SHORT,RF_ACTUAL,3,BASE_PLUS_ML,0.65,5,0.48811390322512926,0,0.0,0.0,0.0,0.0,False
NZDUSD,SHORT,RF_ACTUAL,4,ML_ONLY,0.55,0,0.5244077460145828,44,0.03728584010103205,1.0438046142328634,1.6405769644454102,9.6964651394796,True
NZDUSD,SHORT,RF_ACTUAL,4,ML_ONLY,0.55,1,0.5244077460145828,44,-0.11365948088657984,0.8286667103897498,-5.001017159009513,12.785157076109671,False
NZDUSD,SHORT,RF_ACTUAL,4,ML_ONLY,0.55,2,0.5244077460145828,44,-0.2646048018741917,0.6647628815499164,-11.642611282464436,15.772355997175715,False
NZDUSD,SHORT,RF_ACTUAL,4,ML_ONLY,0.55,5,0.5244077460145828,44,-0.7174407648370275,0.3481792735549071,-31.567393652829207,29.122152390948703,False
NZDUSD,SHORT,RF_ACTUAL,4,ML_ONLY,0.6,0,0.5244077460145828,7,0.714285714285712,2.61645515949391,4.999999999999984,1.9900000000000158,True
NZDUSD,SHORT,RF_ACTUAL,4,ML_ONLY,0.6,1,0.5244077460145828,7,0.5111029277511779,1.9523147054076837,3.5777204942582452,2.428929616987808,True
NZDUSD,SHORT,RF_ACTUAL,4,ML_ONLY,0.6,2,0.5244077460145828,7,0.3079201412166439,1.4826515140758205,2.1554409885165073,2.866877372348988,True
NZDUSD,SHORT,RF_ACTUAL,4,ML_ONLY,0.6,5,0.5244077460145828,7,-0.301628218386958,0.645583359468689,-2.1113975287087063,4.174829468672732,False
NZDUSD,SHORT,RF_ACTUAL,4,ML_ONLY,0.65,0,0.5244077460145828,1,-0.99999999999997,0.0,-0.99999999999997,0.9999999999999658,False
NZDUSD,SHORT,RF_ACTUAL,4,ML_ONLY,0.65,1,0.5244077460145828,1,-1.208469541903662,0.0,-1.208469541903662,1.2084695419036622,False
NZDUSD,SHORT,RF_ACTUAL,4,ML_ONLY,0.65,2,0.5244077460145828,1,-1.4169390838073537,0.0,-1.4169390838073537,1.4169390838073581,False
NZDUSD,SHORT,RF_ACTUAL,4,ML_ONLY,0.65,5,0.5244077460145828,1,-2.0423477095184293,0.0,-2.0423477095184293,2.042347709518424,False
NZDUSD,SHORT,RF_ACTUAL,4,BASE_PLUS_ML,0.55,0,0.5244077460145828,3,-4.004204375481398e-14,0.9851726539953634,-1.2012613126444194e-13,1.0000000000000862,False
NZDUSD,SHORT,RF_ACTUAL,4,BASE_PLUS_ML,0.55,1,0.5244077460145828,3,-0.20978933277584325,0.7296865255552839,-0.6293679983275298,1.2231607116320562,False
NZDUSD,SHORT,RF_ACTUAL,4,BASE_PLUS_ML,0.55,2,0.5244077460145828,3,-0.41957866555164647,0.5507238131812372,-1.2587359966549394,1.4463214232641461,False
NZDUSD,SHORT,RF_ACTUAL,4,BASE_PLUS_ML,0.55,5,0.5244077460145828,3,-1.0489466638790563,0.2358190167842409,-3.1468399916371688,3.1446510597696826,False
NZDUSD,SHORT,RF_ACTUAL,4,BASE_PLUS_ML,0.6,0,0.5244077460145828,2,0.49999999999992717,1.9607843137252667,0.9999999999998543,1.000000000000083,True
NZDUSD,SHORT,RF_ACTUAL,4,BASE_PLUS_ML,0.6,1,0.5244077460145828,2,0.2968963566522653,1.4666112631446462,0.5937927133045307,1.2044843490515187,True
NZDUSD,SHORT,RF_ACTUAL,4,BASE_PLUS_ML,0.6,2,0.5244077460145828,2,0.09379271330460359,1.1153298438341095,0.18758542660920718,1.4089686981029383,True
NZDUSD,SHORT,RF_ACTUAL,4,BASE_PLUS_ML,0.6,5,0.5244077460145828,2,-0.5155182167383819,0.4853850820238143,-1.0310364334767639,2.022421745257236,False
NZDUSD,SHORT,RF_ACTUAL,4,BASE_PLUS_ML,0.65,0,0.5244077460145828,1,-1.0000000000000833,0.0,-1.0000000000000833,1.0000000000000797,False
NZDUSD,SHORT,RF_ACTUAL,4,BASE_PLUS_ML,0.65,1,0.5244077460145828,1,-1.2044843490515131,0.0,-1.2044843490515131,1.2044843490515176,False
NZDUSD,SHORT,RF_ACTUAL,4,BASE_PLUS_ML,0.65,2,0.5244077460145828,1,-1.4089686981029428,0.0,-1.4089686981029428,1.4089686981029443,False
NZDUSD,SHORT,RF_ACTUAL,4,BASE_PLUS_ML,0.65,5,0.5244077460145828,1,-2.0224217452572324,0.0,-2.0224217452572324,2.022421745257236,False
NZDUSD,SHORT,RF_ACTUAL,5,ML_ONLY,0.55,0,0.5826126872235383,85,0.23529411764704145,1.3839841541368634,19.999999999998522,8.811490497846863,True
NZDUSD,SHORT,RF_ACTUAL,5,ML_ONLY,0.55,1,0.5826126872235383,85,0.04690036217087014,1.0517610405598046,3.9865307845239615,13.888895066406057,True
NZDUSD,SHORT,RF_ACTUAL,5,ML_ONLY,0.55,2,0.5826126872235383,85,-0.1414933933053011,0.8116146662441497,-12.026938430950596,23.91070808730876,False
NZDUSD,SHORT,RF_ACTUAL,5,ML_ONLY,0.55,5,0.5826126872235383,85,-0.7066746597338149,0.3745069559303858,-60.06734607737427,48.322380392280685,False
NZDUSD,SHORT,RF_ACTUAL,5,ML_ONLY,0.6,0,0.5826126872235383,20,0.6500000000000001,2.370601376419286,13.000000000000002,1.990000000000015,True
NZDUSD,SHORT,RF_ACTUAL,5,ML_ONLY,0.6,1,0.5826126872235383,20,0.4320223238745549,1.7400202685461372,8.640446477491098,2.6115298078992955,True
NZDUSD,SHORT,RF_ACTUAL,5,ML_ONLY,0.6,2,0.5826126872235383,20,0.21404464774910975,1.3023346566162257,4.280892954982195,4.143164460066501,True
NZDUSD,SHORT,RF_ACTUAL,5,ML_ONLY,0.6,5,0.5826126872235383,20,-0.4398883806272257,0.5360352039334847,-8.797767612544513,11.270334502129243,False
NZDUSD,SHORT,RF_ACTUAL,5,ML_ONLY,0.65,0,0.5826126872235383,5,0.19999999999994564,1.3135531281300632,0.9999999999997282,1.0000000000000988,True
NZDUSD,SHORT,RF_ACTUAL,5,ML_ONLY,0.65,1,0.5826126872235383,5,-0.023044118994390315,0.954305195749554,-0.11522059497195158,1.2405494874365481,False
NZDUSD,SHORT,RF_ACTUAL,5,ML_ONLY,0.65,2,0.5826126872235383,5,-0.24608823798872628,0.7083100133948146,-1.2304411899436314,1.4810989748730155,False
NZDUSD,SHORT,RF_ACTUAL,5,ML_ONLY,0.65,5,0.5826126872235383,5,-0.915220594971734,0.28617153386178446,-4.57610297485867,4.548599344157663,False
NZDUSD,SHORT,RF_ACTUAL,5,BASE_PLUS_ML,0.55,0,0.5826126872235383,11,0.9090909090908965,3.522645051216498,9.999999999999861,1.989999999999943,True
NZDUSD,SHORT,RF_ACTUAL,5,BASE_PLUS_ML,0.55,1,0.5826126872235383,11,0.7154346494417517,2.6434500119044797,7.869781143859269,2.4017222023824525,True
NZDUSD,SHORT,RF_ACTUAL,5,BASE_PLUS_ML,0.55,2,0.5826126872235383,11,0.521778389792607,2.0182252342979883,5.739562287718678,2.812578532374127,True
NZDUSD,SHORT,RF_ACTUAL,5,BASE_PLUS_ML,0.55,5,0.5826126872235383,11,-0.05919038915482699,0.9031479062738655,-0.6510942807030968,4.968351339278375,False
NZDUSD,SHORT,RF_ACTUAL,5,BASE_PLUS_ML,0.6,0,0.5826126872235383,1,2.0000000000000817,inf,2.0000000000000817,0.0,True
NZDUSD,SHORT,RF_ACTUAL,5,BASE_PLUS_ML,0.6,1,0.5826126872235383,1,1.7924163796431842,inf,1.7924163796431842,0.0,True
NZDUSD,SHORT,RF_ACTUAL,5,BASE_PLUS_ML,0.6,2,0.5826126872235383,1,1.5848327592862865,inf,1.5848327592862865,0.0,True
NZDUSD,SHORT,RF_ACTUAL,5,BASE_PLUS_ML,0.6,5,0.5826126872235383,1,0.9620818982155941,inf,0.9620818982155941,0.0,True
NZDUSD,SHORT,RF_ACTUAL,5,BASE_PLUS_ML,0.65,0,0.5826126872235383,0,0.0,0.0,0.0,0.0,False
NZDUSD,SHORT,RF_ACTUAL,5,BASE_PLUS_ML,0.65,1,0.5826126872235383,0,0.0,0.0,0.0,0.0,False
NZDUSD,SHORT,RF_ACTUAL,5,BASE_PLUS_ML,0.65,2,0.5826126872235383,0,0.0,0.0,0.0,0.0,False
NZDUSD,SHORT,RF_ACTUAL,5,BASE_PLUS_ML,0.65,5,0.5826126872235383,0,0.0,0.0,0.0,0.0,False
