ACTIVO,DIRECCION,MODELO,SISTEMA,THRESHOLD,TRADES,PF_0,PF_1,PF_2,PF_5,EXPECT_1,RETURN_1,MAX_DD_1,SURVIVES_1_BPS,SURVIVES_2_BPS,SURVIVES_5_BPS,TAMANO_MUESTRA
BTCUSD,LONG,LOGISTIC,ML_ONLY,0.65,84,1.1571727310017397,1.1249101256473633,1.0938427925474234,1.0071830688431038,0.0915434069103586,7.052059439702112,7.914213734025386,True,True,True,MUESTRA_MEDIA
BTCUSD,LONG,RF_ACTUAL,BASE_PLUS_ML,0.55,80,1.3040712837521578,1.2017505227099743,1.109693472292427,0.8814986602166505,0.1432743765974802,11.181222717901663,9.603758266470178,True,True,False,MUESTRA_MEDIA
BTCUSD,LONG,RF_SIMPLE,BASE_PLUS_ML,0.55,28,1.3985336493788585,1.2732989667556969,1.1618078857968854,0.8903645465389631,0.177524906928331,4.785930756841822,5.242169661652256,True,True,False,MUESTRA_BAJA
BTCUSD,SHORT,LOGISTIC,BASE_PLUS_ML,0.55,79,1.2410958856065455,1.1399590485425757,1.049368753696842,0.8268349544271623,0.0996539879815122,7.301497591432916,11.87549145369241,True,True,False,MUESTRA_MEDIA
EURUSD,LONG,RF_ACTUAL,ML_ONLY,0.65,40,1.586906143407704,1.3113267404908735,1.097720559252491,0.6713205034190046,0.2171610580587703,8.573517435042687,8.588627841895558,True,True,False,MUESTRA_MEDIA
EURUSD,LONG,RF_SIMPLE,ML_ONLY,0.65,26,1.4571882296842824,1.2407581168481112,1.064256937977206,0.6885785260703992,0.1624240643764758,4.012565047726684,3.927320914067802,True,True,False,MUESTRA_BAJA
GBPUSD,LONG,LOGISTIC,ML_ONLY,0.6,55,1.6415998221282908,1.3575299175437014,1.129339407435049,0.6550614689399632,0.2188039696883041,12.108530796351031,8.777144095696086,True,True,False,MUESTRA_MEDIA
GOLD,LONG,LOGISTIC,BASE_PLUS_ML,0.55,104,1.502797598819183,1.3796941165020815,1.268329687203603,0.9897022918373876,0.2492768748973566,28.09811163406464,9.812692004695288,True,True,False,MUESTRA_ALTA
GOLD,LONG,LOGISTIC,BASE_PLUS_ML,0.6,62,1.7402236965915043,1.5905075036845957,1.4564002948477102,1.1268234812003344,0.3422150791870083,22.741660638517576,8.053324699287936,True,True,True,MUESTRA_MEDIA
GOLD,LONG,LOGISTIC,BASE_PLUS_ML,0.65,29,1.5999847848532145,1.474897089525201,1.3611353948999243,1.0742675389482816,0.2883367644412927,8.363115039401782,6.022478877763694,True,True,True,MUESTRA_BAJA
GOLD,LONG,LOGISTIC,ML_ONLY,0.55,495,1.1990673739217537,1.106840674668926,1.020018985556128,0.7888638542059216,0.083997761802441,43.88393233609922,28.5029184787302,True,True,False,MUESTRA_ALTA
GOLD,LONG,LOGISTIC,ML_ONLY,0.6,263,1.4289841575672255,1.3087149669713178,1.1997864849768425,0.9276467490581712,0.1982536959706653,63.70066860331508,16.76493933961522,True,True,False,MUESTRA_ALTA
GOLD,LONG,LOGISTIC,ML_ONLY,0.65,134,1.4836779772161262,1.3614599775374854,1.2513528140517105,0.9782429242130604,0.2331685933751551,34.66683198954156,13.411348417974574,True,True,False,MUESTRA_ALTA
GOLD,LONG,RF_ACTUAL,BASE_PLUS_ML,0.6,54,1.4823715432429965,1.338214170913442,1.2107182662822915,0.9042009070516814,0.2102969136948051,11.354832768503298,11.44708848408706,True,True,False,MUESTRA_MEDIA
GOLD,LONG,RF_ACTUAL,BASE_PLUS_ML,0.65,25,2.1530164034939308,1.9455658645722471,1.7632344214300135,1.328550725626321,0.492388636143962,12.7502586814727,3.448784183670236,True,True,True,MUESTRA_BAJA
GOLD,LONG,RF_ACTUAL,ML_ONLY,0.55,427,1.2320136029029698,1.1381925661975338,1.0503485415150318,0.8174958219119508,0.1040433590945342,49.03720805313992,19.162164623626623,True,True,False,MUESTRA_ALTA
GOLD,LONG,RF_ACTUAL,ML_ONLY,0.6,247,1.2132522748475725,1.1065741840288863,1.009680415686978,0.7667570451204754,0.0793991688494832,18.533347407413224,14.90270472137837,True,True,False,MUESTRA_ALTA
GOLD,LONG,RF_ACTUAL,ML_ONLY,0.65,127,1.3892293641298732,1.2529551994329131,1.132040098982349,0.8403876051950746,0.1574270855824976,20.461343601683392,12.54793529440259,True,True,False,MUESTRA_ALTA
GOLD,LONG,RF_SIMPLE,BASE_PLUS_ML,0.6,26,1.228313092668802,1.116550120951018,1.017272756671905,0.7763470160930762,0.0883018986063456,2.0407973889456685,5.1225292370125,True,True,False,MUESTRA_BAJA
GOLD,LONG,RF_SIMPLE,ML_ONLY,0.55,389,1.2465086364237514,1.135414476038516,1.0335452618659442,0.7747061687865738,0.0945640948963354,38.610310760614944,16.543530667955608,True,True,False,MUESTRA_ALTA
GOLD,LONG,RF_SIMPLE,ML_ONLY,0.6,120,1.3529393966403338,1.2328489535367737,1.1257181913649144,0.8640340467849029,0.1606801264370661,19.685762333153846,5.450185885679063,True,True,False,MUESTRA_ALTA
GOLD,SHORT,RF_ACTUAL,BASE_PLUS_ML,0.55,72,1.1843204310533,1.1048960018590703,1.0322065164219982,0.8467691466232844,0.0799744569039369,5.146230962260097,7.282729212011916,True,True,False,MUESTRA_MEDIA
USDJPY,SHORT,LOGISTIC,BASE_PLUS_ML,0.55,26,1.6976186663432882,1.4503582000953363,1.2462273580595706,0.8036957217124758,0.2594841166760126,6.684771169477539,4.7761847151987125,True,True,False,MUESTRA_BAJA
BTCUSD,SHORT,BASE,BASE,0.6,459,1.1232270070713313,1.0583467603948835,0.9983742381732394,0.8430874202730038,0.0482326017121508,19.085757594856204,28.90994456454308,True,False,False,MUESTRA_ALTA
BTCUSD,SHORT,LOGISTIC,BASE_PLUS_ML,0.6,34,1.1400083449272116,1.038488230615433,0.9492396226537684,0.7362547983619633,0.0355768514448005,0.8734486066092586,11.266453315604217,True,False,False,MUESTRA_MEDIA
BTCUSD,SHORT,LOGISTIC,ML_ONLY,0.55,432,1.0672880900379476,1.007555561279786,0.952737348421604,0.8125924915530731,0.0162869068731552,2.709002031062596,39.20796055679644,True,False,False,MUESTRA_ALTA
BTCUSD,SHORT,RF_ACTUAL,BASE_PLUS_ML,0.6,29,1.1002050739897495,1.025447997940327,0.95738980947475,0.7853748876297768,0.026833928882016,0.4950913363939434,8.48708271272353,True,False,False,MUESTRA_BAJA
BTCUSD,SHORT,RF_SIMPLE,BASE_PLUS_ML,0.55,58,1.0947609524325164,1.0087303912956578,0.9318603772419976,0.7435957700806861,0.0157432645838041,0.3409585875218454,13.74755955415606,True,False,False,MUESTRA_MEDIA
EURUSD,LONG,LOGISTIC,ML_ONLY,0.65,52,1.2267703122717653,1.0558268703178917,0.9157335069114004,0.6143089490818472,0.0498297121952826,2.056557740567325,8.753183483230515,True,False,False,MUESTRA_MEDIA
EURUSD,LONG,RF_SIMPLE,ML_ONLY,0.6,50,1.1903354620556212,1.0096107589414327,0.8633024713212473,0.5546273797696786,0.0167188913495847,0.3285525817776601,6.008279050497318,True,False,False,MUESTRA_MEDIA
EURUSD,SHORT,RF_SIMPLE,BASE_PLUS_ML,0.55,57,1.4135653079223596,1.0001221143561931,0.728564498219543,0.2761303164756375,0.0112046189080427,0.0053608668139304,10.40619178608471,True,False,False,MUESTRA_MEDIA
GBPUSD,SHORT,RF_ACTUAL,BASE_PLUS_ML,0.55,63,1.5328306697982754,1.067668091248683,0.7556765276411109,0.2489652751174796,0.0541532760020213,2.769611860659347,15.705571865458875,True,False,False,MUESTRA_MEDIA
GBPUSD,SHORT,RF_SIMPLE,BASE_PLUS_ML,0.55,44,1.5306584331453057,1.0676687944167722,0.7542457339782155,0.2332909525121555,0.0555839552172845,1.993923314191716,9.30704416675818,True,False,False,MUESTRA_MEDIA
GOLD,LONG,RF_ACTUAL,BASE_PLUS_ML,0.55,103,1.1003568990799275,1.0028925767772103,0.9153035290449908,0.6986424574391251,0.0123006941486347,0.2115373539258598,15.908824213875985,True,False,False,MUESTRA_ALTA
GOLD,LONG,RF_SIMPLE,BASE_PLUS_ML,0.55,99,1.1713483800752416,1.06580926433502,0.9712553767174362,0.7386406169648145,0.0554381841200245,4.555225657796746,11.914872533179862,True,False,False,MUESTRA_MEDIA
GOLD,SHORT,BASE,BASE,0.6,256,1.084440295280208,1.0110901970081485,0.943726766284864,0.770967257655101,0.0175012207586525,1.915880070038884,19.67388296015025,True,False,False,MUESTRA_ALTA
GOLD,SHORT,RF_ACTUAL,ML_ONLY,0.6,238,1.1319135427363556,1.0429382290807228,0.9619240803959482,0.7578586422349285,0.03567849299262,6.24906157296325,19.560847135280845,True,False,False,MUESTRA_ALTA
GOLD,SHORT,RF_SIMPLE,ML_ONLY,0.6,91,1.0815340085053404,1.0049127057409972,0.9351045055704672,0.7586512026501482,0.0133757439849428,0.2940570531979688,14.428562630824974,True,False,False,MUESTRA_MEDIA
USDJPY,SHORT,RF_SIMPLE,ML_ONLY,0.65,45,1.3150607783506556,1.1248245943491664,0.9693282835389496,0.6367318134598298,0.0941650059059213,3.820937205643827,10.060115229860456,True,False,False,MUESTRA_MEDIA
