ACTIVO,DIRECCION,MODELO,SISTEMA,THRESHOLD,TRADES,PF_2BPS,EXPECT_2BPS,PERIODOS_POSITIVOS,NUM_PERIODOS,% PERIODOS POSITIVOS,MEJOR PERIODO R,PEOR PERIODO R,PORCENTAJE_R_MEJOR_PERIODO,PROFIT_CONCENTRATION,MAX_WIN_STREAK,MAX_LOSS_STREAK,MAX_CONSECUTIVE_LOSSES,EXPECTANCY_CI_LOW,EXPECTANCY_CI_HIGH,R_TOTAL_CI_LOW,R_TOTAL_CI_HIGH,BOOTSTRAP_DD_MEDIAN,BOOTSTRAP_DD_95
BTCUSD,LONG,LOGISTIC,ML_ONLY,0.65,84,1.111265571003672,0.0725150165459461,3,4,75.0,6.163054171284068,-5.29265941292802,101.17861928473656,54.138238292864514,3,7,7,-0.2511227959969003,0.3643266711447368,-21.094314863739623,30.603440376157895,11.484239745472562,21.615786044701085
BTCUSD,LONG,RF_ACTUAL,BASE_PLUS_ML,0.55,80,1.1301847980754958,0.08654875319496116,4,7,57.14285714285714,10.21927529263206,-9.490143657414468,147.594201467177,56.91585518337391,4,6,6,-0.2441779241967643,0.4171291403874046,-19.534233935741142,33.37033123099237,10.708707184878346,20.511826719026484
BTCUSD,LONG,RF_SIMPLE,BASE_PLUS_ML,0.55,28,1.1799738489704492,0.11508107361378954,3,5,60.0,2.608438075854248,-2.5635976517529,80.95032465696218,43.442754917434286,2,5,5,,,,,,
BTCUSD,SHORT,LOGISTIC,BASE_PLUS_ML,0.55,79,1.0648367850733589,0.043640228071383395,3,6,50.0,6.323364749601559,-2.5446980643188244,183.41469626643726,72.20449828476542,5,8,8,-0.26530428574316056,0.375803310828498,-20.959038573709684,29.688461555451344,11.88694546500631,22.38468162000685
EURUSD,LONG,RF_ACTUAL,ML_ONLY,0.65,40,1.1187566666275892,0.08432211611753757,4,6,66.66666666666666,6.559052635679915,-4.509901924267284,194.46418501099924,54.55540609841316,3,7,7,-0.3689523039877323,0.5512539226850912,-14.758092159509292,22.050156907403643,8.203101704819726,15.701418612710656
EURUSD,LONG,RF_SIMPLE,ML_ONLY,0.65,26,1.0789883052183924,0.05561735952217961,1,3,33.33333333333333,4.190402255501206,-1.9457155986578265,289.7823969061396,100.0,3,3,3,,,,,,
GBPUSD,LONG,LOGISTIC,ML_ONLY,0.6,55,1.1398100176966013,0.09422367973345705,3,5,60.0,5.4554763042764085,-5.687388925653062,105.27128481944695,41.827722113807376,3,6,6,-0.2746842346858558,0.4790772473306333,-15.10763290772207,26.34924860318483,9.250386706309364,17.710030717602304
GOLD,LONG,LOGISTIC,BASE_PLUS_ML,0.55,104,1.3003491357237305,0.18774286966708667,5,7,71.42857142857143,7.896752359003887,-3.295690749328577,40.44377891896021,31.635172910587166,5,7,7,-0.10218867123370638,0.4816828300687039,-10.627621808305463,50.09501432714521,9.870329198174154,19.591831452148377
GOLD,LONG,LOGISTIC,BASE_PLUS_ML,0.6,62,1.4702583919525354,0.28120435192240284,6,7,85.71428571428571,5.475189289037063,-0.6219960328269267,31.404031999567618,30.322260675969687,5,6,6,-0.10036598347425378,0.6706881478552367,-6.222690975403734,41.58266516702467,7.135602444753506,13.476345535151372
GOLD,LONG,LOGISTIC,BASE_PLUS_ML,0.65,29,1.381003052316587,0.2318459426756856,4,7,57.14285714285714,5.629380809089488,-1.4648620917056547,83.72653727881392,57.62134130089858,3,6,6,,,,,,
GOLD,LONG,LOGISTIC,ML_ONLY,0.55,495,1.0359036559078683,0.024678799405719144,4,7,57.14285714285714,24.48471423966471,-15.664225038456433,200.43142438921424,49.27303874923038,6,10,10,-0.09445481634503033,0.14365310949177287,-46.755134090790015,71.10828919842757,28.2510674444207,46.338362796449985
GOLD,LONG,LOGISTIC,ML_ONLY,0.6,263,1.2166771943169206,0.13817448698744925,4,7,57.14285714285714,21.28410484692263,-16.27186060810852,58.569535574858925,37.660897466680495,8,9,9,-0.04118587656049854,0.3091293662212103,-10.831885535411116,81.3010233161783,15.132778514745336,27.91780804041682
GOLD,LONG,LOGISTIC,ML_ONLY,0.65,134,1.2761368935545185,0.17358344742568432,4,7,57.14285714285714,12.490405746714266,-7.396378682347006,53.69865881039224,35.84610328659213,6,7,7,-0.08755447966044201,0.4093432166193516,-11.73230027449923,54.85199102699311,11.310533082994944,20.95573528255127
GOLD,LONG,RF_ACTUAL,BASE_PLUS_ML,0.6,54,1.2196718806548361,0.14281604961183117,3,7,42.857142857142854,12.268387675663352,-5.029811922493668,159.0804149685114,62.60053038267599,7,9,9,-0.24878653095569464,0.5337028749668119,-13.43447267160751,28.819955248207844,8.393996956073844,16.330204041411992
GOLD,LONG,RF_ACTUAL,BASE_PLUS_ML,0.65,25,1.7770351020088542,0.4247772722879236,5,6,83.33333333333334,2.6978893873363488,-0.27526686177522164,25.40521410484183,24.763322688488735,3,3,3,,,,,,
GOLD,LONG,RF_ACTUAL,ML_ONLY,0.55,427,1.0672560782138287,0.045725316080544975,3,7,42.857142857142854,19.458513404265616,-13.202663921957242,99.66096007448493,44.60690885146514,5,14,14,-0.09158204829034121,0.1804495789785728,-39.10553461997569,77.05197022385059,24.056940927265366,41.36919298992263
GOLD,LONG,RF_ACTUAL,ML_ONLY,0.6,247,1.0245726878498729,0.017097932840668385,3,7,42.857142857142854,12.049812721928856,-8.425098300591863,285.32494158804496,47.470758403928706,4,11,11,-0.1643521572357417,0.19792500463646917,-40.5949828372282,48.887476145207884,21.129967205767848,38.12441852282251
GOLD,LONG,RF_ACTUAL,ML_ONLY,0.65,127,1.137820910165864,0.09194409162689807,4,7,57.14285714285714,7.6441847524428725,-8.253102561529172,65.46416420735927,30.38445903200583,4,12,12,-0.15850289996344474,0.3530576478483893,-20.129868295357483,44.83832127674543,13.513132332625677,24.68657887494154
GOLD,LONG,RF_SIMPLE,BASE_PLUS_ML,0.6,26,1.0327749964096546,0.022757643366535442,4,7,57.14285714285714,2.3289840636873804,-2.1865383301195065,393.6097806750153,54.47911516513688,2,5,5,,,,,,
GOLD,LONG,RF_SIMPLE,ML_ONLY,0.55,389,1.0468100361877395,0.03231585046105143,4,7,57.14285714285714,14.895279671148629,-8.80375038141137,118.49048325989484,45.68596732925305,5,10,10,-0.11430159152987313,0.17866931573098901,-44.46331910512065,69.50236381935473,25.015704781053532,43.04648753370456
GOLD,LONG,RF_SIMPLE,ML_ONLY,0.6,120,1.1442760478391263,0.0963602528741334,4,7,57.14285714285714,6.253212489218504,-2.763057548086674,54.07842188302219,37.580016870292916,4,5,5,-0.1754435943580041,0.3705392944879384,-21.053231322960492,44.46471533855261,12.548744472576463,23.679166996877374
GOLD,SHORT,RF_ACTUAL,BASE_PLUS_ML,0.55,72,1.0485062700702068,0.03259294193913921,3,7,42.857142857142854,4.398275422325893,-4.298581292079378,187.4245005482574,52.563188109027,3,7,7,-0.3136740832385465,0.38669144787097404,-22.58453399317535,27.84178424671013,11.493236589112952,21.62729535499849
USDJPY,SHORT,LOGISTIC,BASE_PLUS_ML,0.55,26,1.2623017910877867,0.15958470217514503,2,5,40.0,9.136602725957559,-3.229599428211449,220.20143056478054,82.68662142410243,3,4,4,,,,,,
