ACTIVO,DIRECCION,MODELO,SISTEMA,THRESHOLD,COST_BPS,TRADES,WIN RATE,PROFIT FACTOR,EXPECTANCY R,R TOTAL,CAPITAL INICIAL,CAPITAL FINAL,RENTABILIDAD %,MAX DRAWDOWN %,GANANCIA MEDIA,PERDIDA MEDIA,PROMEDIO R POR TRADE
EURUSD,LONG,BASE,BASE,0.6,0,334,34.73053892215569,1.0342236809385967,0.03412732396012178,11.398526202680674,1000.0,1083.7882281425475,8.37882281425475,19.292246837529007,21.827941272691145,-11.230518162796443,0.03412732396012178
EURUSD,LONG,BASE,BASE,0.6,1,334,34.73053892215569,0.8045158429361878,-0.1576318505778196,-52.649038092991745,1000.0,570.8469801764678,-42.91530198235322,45.44655512655596,15.225698253142975,-10.070339528385855,-0.1576318505778196
EURUSD,LONG,BASE,BASE,0.6,2,334,34.73053892215569,0.643933393543449,-0.349391025115761,-116.69660238866418,1000.0,300.26124744693124,-69.97387525530687,69.97387525530687,10.909067761066632,-9.014635838700906,-0.349391025115761
EURUSD,LONG,BASE,BASE,0.6,5,334,34.13173652694611,0.35572382255375573,-0.9246685487295851,-308.8392952756814,1000.0,43.33469880795412,-95.66653011920458,95.66653011920458,4.633360031558448,-6.749401567225945,-0.9246685487295851
EURUSD,LONG,LOGISTIC,ML_ONLY,0.55,0,278,32.37410071942446,0.9442279023773188,-0.03097333763519344,-8.610587862583776,1000.0,893.0577022156599,-10.69422977843401,28.083031405792873,20.117168464072982,-10.19940138058994,-0.03097333763519344
EURUSD,LONG,LOGISTIC,ML_ONLY,0.55,1,278,32.37410071942446,0.7735884319745301,-0.18159030989659689,-50.48210615125394,1000.0,587.1820489387343,-41.28179510612657,42.55001598543803,15.672108111076794,-9.698445112011576,-0.18159030989659689
EURUSD,LONG,LOGISTIC,ML_ONLY,0.55,2,278,32.37410071942446,0.6432901516046604,-0.3322072821580004,-92.3536244399241,1000.0,385.798774017588,-61.4201225982412,61.4201225982412,12.307220235014096,-9.158782165604686,-0.3322072821580004
EURUSD,LONG,LOGISTIC,ML_ONLY,0.55,5,278,32.37410071942446,0.3832061673011756,-0.7840581989422106,-217.96817930593457,1000.0,108.9638878876194,-89.10361121123806,89.10361121123806,6.150993435692107,-7.684178304918459,-0.7840581989422106
EURUSD,LONG,LOGISTIC,ML_ONLY,0.6,0,104,37.5,1.1708572363573502,0.12500000000000358,13.000000000000373,1000.0,1126.4044241156512,12.640442411565116,12.482968494895271,22.211006256655878,-11.381920306060435,0.12500000000000358
EURUSD,LONG,LOGISTIC,ML_ONLY,0.6,1,104,37.5,0.9954029414950264,0.007064067982872574,0.7346630702187478,1000.0,996.4253039969566,-0.3574696003043414,16.997233984433855,19.84693268048276,-11.963154931413426,0.007064067982872574
EURUSD,LONG,LOGISTIC,ML_ONLY,0.6,2,104,37.5,0.8531936320459784,-0.11087186403425843,-11.530673859562876,1000.0,881.306910261879,-11.869308973812098,21.284366508538604,17.687381343465965,-12.438476340512207,-0.11087186403425843
EURUSD,LONG,LOGISTIC,ML_ONLY,0.6,5,104,37.5,0.5500205430356283,-0.46467966008565137,-48.326684648907744,1000.0,609.2068382677164,-39.07931617322836,42.494693876903526,12.248095723088698,-13.361059922042196,-0.46467966008565137
EURUSD,LONG,LOGISTIC,ML_ONLY,0.65,0,52,38.46153846153847,1.2267703122717653,0.15384615384615524,8.000000000000073,1000.0,1077.282642352086,7.728264235208599,6.876767022531133,20.903982170698807,-10.64990628318407,0.15384615384615524
EURUSD,LONG,LOGISTIC,ML_ONLY,0.65,1,52,38.46153846153847,1.0558268703178917,0.049829712195282636,2.591145034154697,1000.0,1020.5655774056733,2.0565577405673254,8.753183483230515,19.44734596876848,-11.511916936553016,0.049829712195282636
EURUSD,LONG,LOGISTIC,ML_ONLY,0.65,2,52,38.46153846153847,0.9157335069114005,-0.05418672945558997,-2.8177099316906786,1000.0,966.7753453091444,-3.3224654690855573,11.068534532027826,18.05280393239336,-12.321272916835081,-0.05418672945558997
EURUSD,LONG,LOGISTIC,ML_ONLY,0.65,5,52,38.46153846153847,0.6143089490818472,-0.36623605440820783,-19.044274829226808,1000.0,821.5221093997365,-17.847789060026358,21.61201071935321,14.213522085616116,-14.460885384768325,-0.36623605440820783
EURUSD,LONG,LOGISTIC,BASE_PLUS_ML,0.55,0,23,21.73913043478261,0.5567557130175124,-0.3478260869565066,-7.999999999999651,1000.0,921.370624023269,-7.862937597673102,11.440732023907255,19.753149931868812,-9.855284757559717,-0.3478260869565066
EURUSD,LONG,LOGISTIC,BASE_PLUS_ML,0.55,1,23,21.73913043478261,0.4455881784448,-0.5015287723869641,-11.535161764900176,1000.0,889.2622112481383,-11.073778875186168,14.25698702515189,17.80028767659822,-11.096623729714029,-0.5015287723869641
EURUSD,LONG,LOGISTIC,BASE_PLUS_ML,0.55,2,23,21.73913043478261,0.35910317280423437,-0.6552314578174218,-15.070323529800701,1000.0,858.2213272439226,-14.177867275607742,16.98821997251024,15.888102128840478,-12.289954633348891,-0.6552314578174218
EURUSD,LONG,LOGISTIC,BASE_PLUS_ML,0.55,5,23,21.73913043478261,0.18496506945121766,-1.1163395141087946,-25.675808824502276,1000.0,771.1710069375888,-22.882899306241118,24.69576385045713,10.38614886499217,-15.597763188187322,-1.1163395141087946
EURUSD,LONG,LOGISTIC,BASE_PLUS_ML,0.6,0,5,0.0,0.0,-0.9999999999999876,-4.999999999999938,1000.0,950.9900499000007,-4.900995009999929,4.900995009999929,0.0,-9.80199001999988,-0.9999999999999876
EURUSD,LONG,LOGISTIC,BASE_PLUS_ML,0.6,1,5,0.0,0.0,-1.118200381455109,-5.591001907275545,1000.0,945.3263633979094,-5.46736366020906,5.46736366020906,0.0,-10.934727320418128,-1.118200381455109
EURUSD,LONG,LOGISTIC,BASE_PLUS_ML,0.6,2,5,0.0,0.0,-1.2364007629102303,-6.182003814551152,1000.0,939.6895219491055,-6.031047805089452,6.031047805089452,0.0,-12.062095610178897,-1.2364007629102303
EURUSD,LONG,LOGISTIC,BASE_PLUS_ML,0.6,5,5,0.0,0.0,-1.5910019072755948,-7.955009536377974,1000.0,922.9391193630305,-7.70608806369695,7.70608806369695,0.0,-15.41217612739394,-1.5910019072755948
EURUSD,LONG,LOGISTIC,BASE_PLUS_ML,0.65,0,3,0.0,0.0,-0.9999999999999961,-2.9999999999999885,1000.0,970.2990000000001,-2.9700999999999906,2.9700999999999906,0.0,-9.900333333333297,-0.9999999999999961
EURUSD,LONG,LOGISTIC,BASE_PLUS_ML,0.65,1,3,0.0,0.0,-1.1179923064115938,-3.353976919234781,1000.0,966.8337186448132,-3.316628135518681,3.316628135518681,0.0,-11.055427118395572,-1.1179923064115938
EURUSD,LONG,LOGISTIC,BASE_PLUS_ML,0.65,2,3,0.0,0.0,-1.2359846128231913,-3.7079538384695736,1000.0,963.3765239630857,-3.662347603691433,3.662347603691433,0.0,-12.207825345638105,-1.2359846128231913
EURUSD,LONG,LOGISTIC,BASE_PLUS_ML,0.65,5,3,0.0,0.0,-1.5899615320579834,-4.76988459617395,1000.0,953.053367153546,-4.694663284645401,4.694663284645401,0.0,-15.64887761548466,-1.5899615320579834
EURUSD,LONG,RF_ACTUAL,ML_ONLY,0.55,0,379,31.926121372031663,0.9233474396182022,-0.0423929474448709,-16.06692708160607,1000.0,820.9064204335081,-17.909357956649195,28.61436683372513,17.829252266331288,-9.05594226276193,-0.0423929474448709
EURUSD,LONG,RF_ACTUAL,ML_ONLY,0.55,1,379,31.926121372031663,0.7172095491677322,-0.22696655359899906,-86.02032381402064,1000.0,407.3095279727216,-59.26904720272784,60.91820572469059,12.422926002659166,-8.123505885073786,-0.22696655359899906
EURUSD,LONG,RF_ACTUAL,ML_ONLY,0.55,2,379,31.926121372031663,0.5763239157334756,-0.4115401597531272,-155.9737205464352,1000.0,201.80187582799545,-79.81981241720045,80.11988193527002,8.97342060931423,-7.30225588332956,-0.4115401597531272
EURUSD,LONG,RF_ACTUAL,ML_ONLY,0.55,5,379,31.926121372031663,0.3284271479307824,-0.9652609782155117,-365.8339107436789,1000.0,24.328568869683185,-97.56714311303169,97.58581652348745,3.9433391938963163,-5.631067727099887,-0.9652609782155117
EURUSD,LONG,RF_ACTUAL,ML_ONLY,0.6,0,138,33.33333333333333,0.9825818900817336,-0.002150289814473735,-0.2967399943973754,1000.0,983.6705830172907,-1.6329416982709293,26.492538154814905,20.025371242288177,-10.190179283999635,-0.002150289814473735
EURUSD,LONG,RF_ACTUAL,ML_ONLY,0.6,1,138,33.33333333333333,0.7849330476143239,-0.1638265586175459,-22.60806508922133,1000.0,786.6962835017894,-21.330371649821064,35.51377091915633,16.923863900657683,-10.780450607918095,-0.1638265586175459
EURUSD,LONG,RF_ACTUAL,ML_ONLY,0.6,2,138,33.33333333333333,0.6395864142905411,-0.325502827420618,-44.919390184045284,1000.0,628.9118492829957,-37.10881507170043,43.44059294954654,14.315856362121634,-11.19149503668042,-0.325502827420618
EURUSD,LONG,RF_ACTUAL,ML_ONLY,0.6,5,138,32.608695652173914,0.369408971126989,-0.8105316338298344,-111.85336546851714,1000.0,320.540215063421,-67.9459784936579,68.23650296295399,8.845265916614064,-11.585986571873242,-0.8105316338298344
EURUSD,LONG,RF_ACTUAL,ML_ONLY,0.65,0,40,45.0,1.586906143407704,0.3500000000000031,14.000000000000124,1000.0,1144.9258814514985,14.492588145149854,6.849008026923169,21.76987980838198,-11.224179777244379,0.3500000000000031
EURUSD,LONG,RF_ACTUAL,ML_ONLY,0.65,1,40,45.0,1.3113267404908737,0.21716105805877034,8.686442322350814,1000.0,1085.7351743504269,8.573517435042687,8.588627841895558,20.062313980107078,-12.51756714961366,0.21716105805877034
EURUSD,LONG,RF_ACTUAL,ML_ONLY,0.65,2,40,45.0,1.097720559252491,0.08432211611753758,3.3728846447015033,1000.0,1029.5262534498843,2.952625344988428,10.86256084450126,18.426450833983992,-13.7340846164467,0.08432211611753758
EURUSD,LONG,RF_ACTUAL,ML_ONLY,0.65,5,40,45.0,0.6713205034190046,-0.31419470970616076,-12.56778838824643,1000.0,877.3620845951565,-12.26379154048435,18.921814021421294,13.915844050755782,-16.960141287202166,-0.31419470970616076
EURUSD,LONG,RF_ACTUAL,BASE_PLUS_ML,0.55,0,35,22.857142857142858,0.5868874267153578,-0.3142857142857126,-10.999999999999941,1000.0,893.2059928035152,-10.67940071964848,12.40468161438417,18.964582575468306,-9.574469177786344,-0.3142857142857126
EURUSD,LONG,RF_ACTUAL,BASE_PLUS_ML,0.55,1,35,22.857142857142858,0.4534727618630127,-0.4982987315186831,-17.440455603153907,1000.0,837.2506564572981,-16.274934354270194,17.045517981045744,16.87985272227242,-11.029191308180781,-0.4982987315186831
EURUSD,LONG,RF_ACTUAL,BASE_PLUS_ML,0.55,2,35,22.857142857142858,0.35650315619875933,-0.6823117487516536,-23.880911206307875,1000.0,784.6893568672459,-21.531064313275408,21.79499363431957,14.91050899849489,-12.392396856322724,-0.6823117487516536
EURUSD,LONG,RF_ACTUAL,BASE_PLUS_ML,0.55,5,35,22.857142857142858,0.17852069536399476,-1.2343508004505648,-43.20227801576977,1000.0,645.433960104117,-35.4566039895883,35.4566039895883,9.63161452112264,-15.985887261661649,-1.2343508004505648
EURUSD,LONG,RF_ACTUAL,BASE_PLUS_ML,0.6,0,8,37.5,1.1789830462576958,0.12499999999999825,0.999999999999986,1000.0,1009.1982488742789,0.9198248874278874,2.9990149102000188,20.196660530666787,-10.278346543544261,0.12499999999999825
EURUSD,LONG,RF_ACTUAL,BASE_PLUS_ML,0.6,1,8,37.5,0.983986058385205,-0.0010114662561787335,-0.008091730049429868,1000.0,999.0761720415578,-0.09238279584421889,3.7809315356071154,18.921717366025764,-11.537796011303893,-0.0010114662561787335
EURUSD,LONG,RF_ACTUAL,BASE_PLUS_ML,0.6,2,8,37.5,0.828566068344445,-0.1270229325123557,-1.0161834600988455,1000.0,989.0422544612867,-1.095774553871331,4.557629557186224,17.653479392424146,-12.783636743197196,-0.1270229325123557
EURUSD,LONG,RF_ACTUAL,BASE_PLUS_ML,0.6,5,8,37.5,0.5068659075083649,-0.5050573312808866,-4.040458650247093,1000.0,959.4629504875229,-4.05370495124771,6.856688047548995,13.888614815385571,-16.440578791726722,-0.5050573312808866
EURUSD,LONG,RF_ACTUAL,BASE_PLUS_ML,0.65,0,1,0.0,0.0,-1.0000000000000437,-1.0000000000000437,1000.0,989.9999999999995,-1.0000000000000455,1.0000000000000455,0.0,-10.000000000000437,-1.0000000000000437
EURUSD,LONG,RF_ACTUAL,BASE_PLUS_ML,0.65,1,1,0.0,0.0,-1.1381376063373148,-1.1381376063373148,1000.0,988.6186239366268,-1.1381376063373183,1.1381376063373183,0.0,-11.381376063373148,-1.1381376063373148
EURUSD,LONG,RF_ACTUAL,BASE_PLUS_ML,0.65,2,1,0.0,0.0,-1.2762752126745855,-1.2762752126745855,1000.0,987.2372478732541,-1.2762752126745909,1.2762752126745909,0.0,-12.762752126745855,-1.2762752126745855
EURUSD,LONG,RF_ACTUAL,BASE_PLUS_ML,0.65,5,1,0.0,0.0,-1.6906880316863986,-1.6906880316863986,1000.0,983.093119683136,-1.6906880316863975,1.6906880316863975,0.0,-16.906880316863987,-1.6906880316863986
EURUSD,LONG,RF_SIMPLE,ML_ONLY,0.55,0,183,36.0655737704918,1.112491231261512,0.0819672131147595,15.00000000000099,1000.0,1140.0636642588781,14.006366425887814,19.860829637663795,20.987440337934316,-10.641943573032385,0.0819672131147595
EURUSD,LONG,RF_SIMPLE,ML_ONLY,0.55,1,183,36.0655737704918,0.8932134944811061,-0.06948280854685544,-12.715353964074545,1000.0,864.0575829734371,-13.59424170265629,28.88179436375952,17.228598593574155,-10.880597642756042,-0.06948280854685544
EURUSD,LONG,RF_SIMPLE,ML_ONLY,0.55,2,183,36.0655737704918,0.7306054796645048,-0.22093283020847038,-40.43070792815008,1000.0,654.5617587873569,-34.54382412126431,38.926946386325966,14.194517866557739,-10.95962752483294,-0.22093283020847038
EURUSD,LONG,RF_SIMPLE,ML_ONLY,0.55,5,183,36.0655737704918,0.4256856758485003,-0.6752828951933152,-123.57676982037668,1000.0,283.74801287279877,-71.62519871272013,71.92903151068377,8.043800533385063,-10.659340361800131,-0.6752828951933152
EURUSD,LONG,RF_SIMPLE,ML_ONLY,0.6,0,50,38.0,1.1903354620556212,0.12636879089238412,6.318439544619206,1000.0,1059.8122289447513,5.981222894475127,3.438843206478629,19.687294933350703,-10.136979831900382,0.12636879089238412
EURUSD,LONG,RF_SIMPLE,ML_ONLY,0.6,1,50,38.0,1.0096107589414327,0.016718891349584732,0.8359445674792366,1000.0,1003.2855258177766,0.32855258177766017,6.008279050497318,18.165508898722518,-11.027714298643579,0.016718891349584732
EURUSD,LONG,RF_SIMPLE,ML_ONLY,0.6,2,50,38.0,0.8633024713212473,-0.09293100819321466,-4.646550409660733,1000.0,949.7093233758993,-5.029067662410068,10.045982986462757,16.716147661976162,-11.867660716182186,-0.09293100819321466
EURUSD,LONG,RF_SIMPLE,ML_ONLY,0.6,5,50,38.0,0.5546273797696786,-0.4218807068216128,-21.09403534108064,1000.0,805.2144500957685,-19.478554990423152,22.648599794464225,12.766766789394543,-14.108197383958958,-0.4218807068216128
EURUSD,LONG,RF_SIMPLE,ML_ONLY,0.65,0,26,42.30769230769231,1.4571882296842824,0.26923076923077216,7.0000000000000755,1000.0,1069.3744618811556,6.937446188115564,3.027921203756669,20.101457865955,-10.116104976289964,0.26923076923077216
EURUSD,LONG,RF_SIMPLE,ML_ONLY,0.65,1,26,42.30769230769231,1.2407581168481112,0.16242406437647589,4.223025673788373,1000.0,1040.1256504772668,4.012565047726684,3.9273209140678014,18.799036361872336,-11.110916633555261,0.16242406437647589
EURUSD,LONG,RF_SIMPLE,ML_ONLY,0.65,2,26,42.30769230769231,1.064256937977206,0.055617359522179624,1.4460513475766703,1000.0,1011.6447292207292,1.164472922072923,5.401841565877688,17.533280174809615,-12.08142351347844,0.055617359522179624
EURUSD,LONG,RF_SIMPLE,ML_ONLY,0.65,5,26,42.30769230769231,0.6885785260703992,-0.2648027550407091,-6.884871631058437,1000.0,930.6184210387677,-6.938157896123231,11.420725899850595,13.946216820430372,-14.852664265731098,-0.2648027550407091
EURUSD,LONG,RF_SIMPLE,BASE_PLUS_ML,0.55,0,15,20.0,0.49516528705689555,-0.40000000000000197,-6.000000000000029,1000.0,940.6387169441298,-5.9361283055870215,7.753028349102002,19.408099331538565,-9.798798420873823,-0.40000000000000197
EURUSD,LONG,RF_SIMPLE,BASE_PLUS_ML,0.55,1,15,20.0,0.419900546085179,-0.5116646221297049,-7.674969331945572,1000.0,924.9488559491967,-7.5051144050803265,8.687373555052059,18.10839857348385,-10.781361647604564,-0.5116646221297049
EURUSD,LONG,RF_SIMPLE,BASE_PLUS_ML,0.55,2,15,20.0,0.35808028659503327,-0.6233292442594077,-9.349938663891116,1000.0,909.5009570824242,-9.049904291757581,9.613181116651063,16.82760971908749,-11.748489339569872,-0.6233292442594077
EURUSD,LONG,RF_SIMPLE,BASE_PLUS_ML,0.55,5,15,20.0,0.22487118002596834,-0.9583231106485165,-14.374846659727748,1000.0,864.5749293291911,-13.542507067080885,13.542507067080885,13.095971775747396,-14.559415499837575,-0.9583231106485165
EURUSD,LONG,RF_SIMPLE,BASE_PLUS_ML,0.6,0,3,0.0,0.0,-0.9999999999999972,-2.9999999999999916,1000.0,970.2990000000001,-2.9700999999999906,2.9700999999999906,0.0,-9.900333333333306,-0.9999999999999972
EURUSD,LONG,RF_SIMPLE,BASE_PLUS_ML,0.6,1,3,0.0,0.0,-1.0699938071871715,-3.2099814215615146,1000.0,968.2424115720892,-3.1757588427910837,3.1757588427910837,0.0,-10.585862809303642,-1.0699938071871715
EURUSD,LONG,RF_SIMPLE,BASE_PLUS_ML,0.6,2,3,0.0,0.0,-1.139987614374346,-3.419962843123038,1000.0,966.1887007823727,-3.3811299217627266,3.3811299217627266,0.0,-11.270433072542415,-1.139987614374346
EURUSD,LONG,RF_SIMPLE,BASE_PLUS_ML,0.6,5,3,0.0,0.0,-1.3499690359358694,-4.049907107807608,1000.0,960.044814270908,-3.995518572909202,3.995518572909202,0.0,-13.31839524303068,-1.3499690359358694
EURUSD,LONG,RF_SIMPLE,BASE_PLUS_ML,0.65,0,1,0.0,0.0,-0.9999999999999831,-0.9999999999999831,1000.0,990.0000000000001,-0.9999999999999886,0.9999999999999886,0.0,-9.999999999999831,-0.9999999999999831
EURUSD,LONG,RF_SIMPLE,BASE_PLUS_ML,0.65,1,1,0.0,0.0,-1.0618698118222945,-1.0618698118222945,1000.0,989.3813018817771,-1.0618698118222938,1.0618698118222938,0.0,-10.618698118222945,-1.0618698118222945
EURUSD,LONG,RF_SIMPLE,BASE_PLUS_ML,0.65,2,1,0.0,0.0,-1.1237396236446056,-1.1237396236446056,1000.0,988.7626037635539,-1.1237396236446102,1.1237396236446102,0.0,-11.237396236446056,-1.1237396236446056
EURUSD,LONG,RF_SIMPLE,BASE_PLUS_ML,0.65,5,1,0.0,0.0,-1.3093490591115393,-1.3093490591115393,1000.0,986.9065094088846,-1.3093490591115369,1.3093490591115369,0.0,-13.093490591115394,-1.3093490591115393
EURUSD,SHORT,BASE,BASE,0.6,0,288,34.72222222222222,1.0337521492359796,0.030203199962384686,8.69852158916679,1000.0,1059.9360652830876,5.99360652830876,28.35518139136621,18.357063981304304,-9.445586876847562,0.030203199962384686
EURUSD,SHORT,BASE,BASE,0.6,1,288,34.72222222222222,0.7495960341295214,-0.17542613106543514,-50.52272574684532,1000.0,585.8869399062776,-41.41130600937225,45.417221053854604,12.396668976403435,-8.796701902840777,-0.17542613106543514
EURUSD,SHORT,BASE,BASE,0.6,2,288,34.375,0.5571648481213013,-0.3810554620932549,-109.74397308285742,1000.0,323.4256245248441,-67.65743754751558,68.81172568083824,8.59848567232328,-8.08372728590032,-0.3810554620932549
EURUSD,SHORT,BASE,BASE,0.6,5,288,34.02777777777778,0.23775632618757137,-0.9979434551767145,-287.40771509089376,1000.0,53.97434220245969,-94.60256577975403,94.68799940887132,3.0110300682664954,-6.532140023619249,-0.9979434551767145
EURUSD,SHORT,LOGISTIC,ML_ONLY,0.55,0,726,33.7465564738292,0.9922101516119735,0.005640398832012823,4.094929552041309,1000.0,969.4971067950568,-3.0502893204943238,35.04470175134963,15.858043717722852,-8.140797513611314,0.005640398832012823
EURUSD,SHORT,LOGISTIC,ML_ONLY,0.55,1,726,33.7465564738292,0.7108165650975734,-0.20244658363964033,-146.9762197223789,1000.0,213.67818274463275,-78.63218172553673,79.95396857626436,7.888934852538452,-5.653037122925754,-0.20244658363964033
EURUSD,SHORT,LOGISTIC,ML_ONLY,0.55,2,726,33.7465564738292,0.5448340607312286,-0.41053356611129344,-298.04736899679904,1000.0,46.931560432403245,-95.30684395675968,95.5117864296441,4.656423777645079,-4.353206372329816,-0.41053356611129344
EURUSD,SHORT,LOGISTIC,ML_ONLY,0.55,5,726,33.19559228650138,0.2824548037339421,-1.0347945135262528,-751.2608168200596,1000.0,0.48691245835559116,-99.95130875416443,99.95238537842827,1.6325674992751655,-2.8720862986947613,-1.0347945135262528
EURUSD,SHORT,LOGISTIC,ML_ONLY,0.6,0,199,29.64824120603015,0.8264718862689552,-0.10801260116386459,-21.494507631609054,1000.0,791.6792022967479,-20.83207977032521,27.54929403086021,16.81662567473975,-8.575012232234982,-0.10801260116386459
EURUSD,SHORT,LOGISTIC,ML_ONLY,0.6,1,199,29.64824120603015,0.6434506595701396,-0.2789853507635271,-55.51808480194189,1000.0,562.9703386861065,-43.702966131389346,47.64919628331856,13.367633037929066,-8.7551429325122,-0.2789853507635271
EURUSD,SHORT,LOGISTIC,ML_ONLY,0.6,2,199,29.64824120603015,0.5126311152446179,-0.44995810036318956,-89.54166197227472,1000.0,400.0719136128333,-59.99280863871667,62.19637603119445,10.695333887841551,-8.79251989835585,-0.44995810036318956
EURUSD,SHORT,LOGISTIC,ML_ONLY,0.6,5,199,29.64824120603015,0.27917593900784965,-0.962876349162177,-191.61239348327322,1000.0,143.0149731320925,-85.69850268679075,86.02498213376403,5.625614041790966,-8.492116109525536,-0.962876349162177
EURUSD,SHORT,LOGISTIC,ML_ONLY,0.65,0,56,23.214285714285715,0.5994735484652499,-0.3035714285714334,-17.00000000000027,1000.0,839.6834639023494,-16.031653609765055,18.477017007605017,18.457538803253268,-9.308477686975419,-0.3035714285714334
EURUSD,SHORT,LOGISTIC,ML_ONLY,0.65,1,56,23.214285714285715,0.5057149681885359,-0.4256193020153029,-23.834680912856964,1000.0,783.9707357681501,-21.602926423184986,23.627255975295476,17.001904920577815,-10.164047167427013,-0.4256193020153029
EURUSD,SHORT,LOGISTIC,ML_ONLY,0.65,2,56,23.214285714285715,0.4309473256825534,-0.5476671754591724,-30.669361825713654,1000.0,731.8837415408614,-26.811625845913863,28.45876696596556,15.618938655515784,-10.957266534438235,-0.5476671754591724
EURUSD,SHORT,LOGISTIC,ML_ONLY,0.65,5,56,23.214285714285715,0.2758974416480727,-0.9138107957907808,-51.17340456428373,1000.0,595.135019873015,-40.4864980126985,41.331699518751186,11.866276180988176,-13.00294349953096,-0.9138107957907808
EURUSD,SHORT,LOGISTIC,BASE_PLUS_ML,0.55,0,62,30.64516129032258,0.863127034392575,-0.08540593407553174,-5.295167912682968,1000.0,942.8835231819307,-5.711647681806926,12.788227009150816,18.9567923082049,-9.704547224975874,-0.08540593407553174
EURUSD,SHORT,LOGISTIC,BASE_PLUS_ML,0.55,1,62,30.64516129032258,0.616638694266586,-0.31994182622608863,-19.836393226017496,1000.0,815.024295063093,-18.497570493690706,22.739314859948507,15.659705411256176,-11.221165296529641,-0.31994182622608863
EURUSD,SHORT,LOGISTIC,BASE_PLUS_ML,0.55,2,62,30.64516129032258,0.45030981082721383,-0.5544777183766455,-34.37761853935202,1000.0,704.249767345649,-29.575023265435096,32.84027251971973,12.751606933075402,-12.512343357739157,-0.5544777183766455
EURUSD,SHORT,LOGISTIC,BASE_PLUS_ML,0.55,5,62,30.64516129032258,0.17042924847413593,-1.258085394828316,-78.0012944793556,1000.0,453.36597233026845,-54.66340276697315,55.98018309766984,5.910629801762242,-15.324092881470094,-1.258085394828316
EURUSD,SHORT,LOGISTIC,BASE_PLUS_ML,0.6,0,3,33.33333333333333,0.9850251256281277,-8.43769498715119e-15,-2.531308496145357e-14,1000.0,999.7019999999998,-0.02980000000002292,1.9900000000000886,19.6020000000006,-9.950000000000436,-8.43769498715119e-15
EURUSD,SHORT,LOGISTIC,BASE_PLUS_ML,0.6,1,3,33.33333333333333,0.7320906588707056,-0.20069221905220372,-0.6020766571566112,1000.0,993.7048449707673,-0.629515502923266,2.3497333100433364,17.202178071200706,-11.748666550216686,-0.20069221905220372
EURUSD,SHORT,LOGISTIC,BASE_PLUS_ML,0.6,2,3,33.33333333333333,0.5470847043929387,-0.401384438104399,-1.204153314313197,1000.0,987.7312866958198,-1.226871330418021,2.708831744738472,14.819604143204531,-13.544158723692341,-0.401384438104399
EURUSD,SHORT,LOGISTIC,BASE_PLUS_ML,0.6,5,3,33.33333333333333,0.2055595732539515,-1.0034610952609848,-3.0103832857829547,1000.0,969.9517383547255,-3.0048261645274463,3.782317796735151,7.774916322077037,-18.911588983675756,-1.0034610952609848
EURUSD,SHORT,LOGISTIC,BASE_PLUS_ML,0.65,0,0,0.0,0.0,0.0,0.0,1000.0,1000.0,0.0,0.0,0.0,0.0,0.0
EURUSD,SHORT,LOGISTIC,BASE_PLUS_ML,0.65,1,0,0.0,0.0,0.0,0.0,1000.0,1000.0,0.0,0.0,0.0,0.0,0.0
EURUSD,SHORT,LOGISTIC,BASE_PLUS_ML,0.65,2,0,0.0,0.0,0.0,0.0,1000.0,1000.0,0.0,0.0,0.0,0.0,0.0
EURUSD,SHORT,LOGISTIC,BASE_PLUS_ML,0.65,5,0,0.0,0.0,0.0,0.0,1000.0,1000.0,0.0,0.0,0.0,0.0,0.0
EURUSD,SHORT,RF_ACTUAL,ML_ONLY,0.55,0,728,35.85164835164835,1.1069991289087993,0.06834619280887919,49.756028364864044,1000.0,1526.8495701863694,52.68495701863694,30.03160558576295,20.883974767582018,-10.543614227307362,0.06834619280887919
EURUSD,SHORT,RF_ACTUAL,ML_ONLY,0.55,1,728,35.714285714285715,0.797532492618531,-0.13520514628042682,-98.42934649215073,1000.0,346.5774168378526,-65.34225831621475,70.65036974180356,9.899513264400078,-6.895931692107196,-0.13520514628042682
EURUSD,SHORT,RF_ACTUAL,ML_ONLY,0.55,2,728,35.714285714285715,0.6122700075644222,-0.3387564853697328,-246.61472134916548,1000.0,78.40664951935446,-92.15933504806455,93.0139599164514,5.597312748151667,-5.078834754273675,-0.3387564853697328
EURUSD,SHORT,RF_ACTUAL,ML_ONLY,0.55,5,728,35.57692307692308,0.32917552400574895,-0.9494105026376508,-691.1708459202098,1000.0,0.8896741594334504,-99.91103258405666,99.91287255965781,1.8929202571000463,-3.1756432247963273,-0.9494105026376508
EURUSD,SHORT,RF_ACTUAL,ML_ONLY,0.6,0,334,35.62874251497006,1.0794403461929285,0.06321933623377184,21.115258302079795,1000.0,1193.6785191254462,19.36785191254462,19.340341491241535,22.11525813610534,-11.339707902656233,0.06321933623377184
EURUSD,SHORT,RF_ACTUAL,ML_ONLY,0.6,1,334,35.32934131736527,0.8153488457747673,-0.14559826911731685,-48.62982188518383,1000.0,593.9441359322518,-40.60558640677482,43.181846519134034,15.194807885578134,-10.180755530398004,-0.14559826911731685
EURUSD,SHORT,RF_ACTUAL,ML_ONLY,0.6,2,334,35.32934131736527,0.6424403179078271,-0.3544158744684055,-118.37490207244744,1000.0,295.03763633154495,-70.49623636684551,71.47283712020868,10.734162612987657,-9.127747925930548,-0.3544158744684055
EURUSD,SHORT,RF_ACTUAL,ML_ONLY,0.6,5,334,35.32934131736527,0.3552641028746478,-0.9808686905216715,-327.6101426342383,1000.0,35.79940699856633,-96.42005930014335,96.50744121839638,4.502511832471325,-6.9235971723752305,-0.9808686905216715
EURUSD,SHORT,RF_ACTUAL,ML_ONLY,0.65,0,107,36.44859813084112,1.1176034811413937,0.08414857846896763,9.003897896179536,1000.0,1082.2756658811938,8.227566588119386,9.588743084954775,20.048152968405894,-10.288269115979944,0.08414857846896763
EURUSD,SHORT,RF_ACTUAL,ML_ONLY,0.65,1,107,36.44859813084112,0.8449652587449547,-0.10842549892076733,-11.601528384522105,1000.0,880.7054697587531,-11.929453024124689,15.235573944735226,16.671157272458483,-11.315730350987174,-0.10842549892076733
EURUSD,SHORT,RF_ACTUAL,ML_ONLY,0.65,2,107,36.44859813084112,0.6548451790395529,-0.30099957631050234,-32.20695466522375,1000.0,716.3284161327783,-28.367158386722167,30.535931704528878,13.799899300860284,-12.086289067658429,-0.30099957631050234
EURUSD,SHORT,RF_ACTUAL,ML_ONLY,0.65,5,107,36.44859813084112,0.3213034402531504,-0.8787218084797072,-94.02323350732867,1000.0,384.3062034480628,-61.56937965519372,62.23074333384936,7.4737729267424555,-13.340749127866072,-0.8787218084797072
EURUSD,SHORT,RF_ACTUAL,BASE_PLUS_ML,0.55,0,89,39.325842696629216,1.2754828300684506,0.17977528089889888,16.000000000002,1000.0,1162.2686399531335,16.22686399531335,5.880041168352125,21.465777954536197,-10.908029415845071,0.17977528089889888
EURUSD,SHORT,RF_ACTUAL,BASE_PLUS_ML,0.55,1,89,39.325842696629216,0.9108088649630799,-0.05767207129874299,-5.132814345588126,1000.0,940.8975589502061,-5.910244104979393,10.993088926400649,17.24419528171626,-12.271282887219686,-0.05767207129874299
EURUSD,SHORT,RF_ACTUAL,BASE_PLUS_ML,0.55,2,89,39.325842696629216,0.6673507900315314,-0.2951194234963848,-26.26562869117825,1000.0,761.2866322894023,-23.87133677105977,24.92961506099621,13.682844077086092,-13.289127970529835,-0.2951194234963848
EURUSD,SHORT,RF_ACTUAL,BASE_PLUS_ML,0.55,5,89,39.325842696629216,0.2583567461203121,-1.0074614800893105,-89.66407172794862,1000.0,401.95168487014257,-59.80483151298574,60.01447039735005,5.9524119836558915,-14.93301360292248,-1.0074614800893105
EURUSD,SHORT,RF_ACTUAL,BASE_PLUS_ML,0.6,0,38,39.473684210526315,1.2812395311405906,0.18421052631581347,7.000000000000912,1000.0,1068.1003371977904,6.810033719779039,5.014302362981101,20.68292551144389,-10.527980237994242,0.18421052631581347
EURUSD,SHORT,RF_ACTUAL,BASE_PLUS_ML,0.6,1,38,39.473684210526315,0.8923272911904507,-0.0731020918596164,-2.7778794906654234,1000.0,968.6278914629293,-3.1372108537070744,10.220541567124728,17.332890224661192,-12.668063561173431,-0.0731020918596164
EURUSD,SHORT,RF_ACTUAL,BASE_PLUS_ML,0.6,2,38,39.473684210526315,0.6369553123914948,-0.33041471003504624,-12.555758981331758,1000.0,878.1862586342302,-12.181374136576984,17.533769957728218,14.247999825461513,-14.588423423812717,-0.33041471003504624
EURUSD,SHORT,RF_ACTUAL,BASE_PLUS_ML,0.6,5,38,39.473684210526315,0.21597390354060508,-1.1023525645613357,-41.88939745333076,1000.0,653.3975816455375,-34.66024183544626,36.18000455578103,6.365185853436615,-19.22087852852224,-1.1023525645613357
EURUSD,SHORT,RF_ACTUAL,BASE_PLUS_ML,0.65,0,10,50.0,1.9532684023168727,0.5000000000000366,5.000000000000366,1000.0,1049.9698581288035,4.996985812880348,2.9700999999998254,20.477872698607534,-10.48390107284676,0.5000000000000366
EURUSD,SHORT,RF_ACTUAL,BASE_PLUS_ML,0.65,1,10,50.0,1.3406411743053606,0.2364406004802831,2.364406004802831,1000.0,1022.7123129904508,2.2712312990450756,3.9726754933960216,17.87749940728707,-13.335036809196996,0.2364406004802831
EURUSD,SHORT,RF_ACTUAL,BASE_PLUS_ML,0.65,2,10,50.0,0.9514395363444015,-0.027118799039470454,-0.27118799039470454,1000.0,996.0887855604482,-0.39112144395518267,4.968322436996581,15.32639424245653,-16.108637130366937,-0.027118799039470454
EURUSD,SHORT,RF_ACTUAL,BASE_PLUS_ML,0.65,5,10,50.0,0.3318641699811609,-0.8177969975987309,-8.17796997598731,1000.0,919.8929902529824,-8.010700974701763,10.221567957870466,7.957856802446057,-23.979258751849603,-0.8177969975987309
EURUSD,SHORT,RF_SIMPLE,ML_ONLY,0.55,0,584,35.273972602739725,1.0703955171324135,0.054043884826128104,31.56162873845881,1000.0,1292.1216927154358,29.212169271543576,21.642653794314644,21.562338821736486,-10.97809551471503,0.054043884826128104
EURUSD,SHORT,RF_SIMPLE,ML_ONLY,0.55,1,584,35.1027397260274,0.789484408556569,-0.16182772050081265,-94.50738877247458,1000.0,365.88571683420486,-63.41142831657951,67.8808547316485,11.600400024827389,-7.94774746241533,-0.16182772050081265
EURUSD,SHORT,RF_SIMPLE,ML_ONLY,0.55,2,584,35.1027397260274,0.6152528841638012,-0.3776993258277534,-220.57640628340798,1000.0,103.29971647923037,-89.67002835207695,90.49381804241725,6.99474250093588,-6.149399726154683,-0.3776993258277534
EURUSD,SHORT,RF_SIMPLE,ML_ONLY,0.55,5,584,34.58904109589041,0.32561881262016135,-1.0253141418085756,-598.7834588162082,1000.0,2.283306299281433,-99.77166937007186,99.77908968892581,2.384843644633018,-3.8729191359072987,-1.0253141418085756
EURUSD,SHORT,RF_SIMPLE,ML_ONLY,0.6,0,85,37.64705882352941,1.167893464340025,0.1176929164256375,10.003897896179188,1000.0,1095.4908953730076,9.549089537300755,8.702712767186807,20.75780485420127,-10.731299244555334,0.1176929164256375
EURUSD,SHORT,RF_SIMPLE,ML_ONLY,0.6,1,85,37.64705882352941,0.8414748070371253,-0.11651034124106804,-9.903379005490784,1000.0,897.6718008520036,-10.232819914799643,14.310209217173869,16.97415565768353,-12.179267550827726,-0.11651034124106804
EURUSD,SHORT,RF_SIMPLE,ML_ONLY,0.6,2,85,37.64705882352941,0.6241888137148381,-0.3507135989077736,-29.810655907160758,1000.0,735.186770731683,-26.481322926831695,28.979401698868518,13.744722538305052,-13.29517642441658,-0.3507135989077736
EURUSD,SHORT,RF_SIMPLE,ML_ONLY,0.6,5,85,37.64705882352941,0.2604393750199272,-1.0533233719078903,-89.53248661217067,1000.0,402.5803241704921,-59.74196758295079,60.81406640706094,6.574495118378434,-15.241575841841847,-1.0533233719078903
EURUSD,SHORT,RF_SIMPLE,ML_ONLY,0.65,0,4,75.0,6.059592000000321,1.2500000000000135,5.000000000000054,1000.0,1050.5959200000007,5.059592000000066,0.9999999999999432,20.198640000000022,-9.999999999999481,1.2500000000000135
EURUSD,SHORT,RF_SIMPLE,ML_ONLY,0.65,1,4,75.0,4.490891425024255,0.9641787744756098,3.8567150979024394,1000.0,1038.832652301389,3.883265230138909,1.1123993150580305,16.652215150656502,-11.123993150580274,0.9641787744756098
EURUSD,SHORT,RF_SIMPLE,ML_ONLY,0.65,2,4,75.0,3.2178560717809144,0.6783575489512061,2.7134301958048246,1000.0,1027.1642707851195,2.716427078511947,1.2247986301161065,13.137419028760199,-12.247986301161065,0.6783575489512061
EURUSD,SHORT,RF_SIMPLE,ML_ONLY,0.65,5,4,75.0,0.5341638644061572,-0.17910612762200456,-0.7164245104880183,1000.0,992.7236555155594,-0.7276344484440642,1.5619965752903455,2.781207089487577,-15.61996575290344,-0.17910612762200456
EURUSD,SHORT,RF_SIMPLE,BASE_PLUS_ML,0.55,0,57,42.10526315789473,1.4135653079223596,0.26315789473686674,15.000000000001403,1000.0,1154.4245237167738,15.442452371677382,5.042608100877004,21.992611690429623,-11.31509566222838,0.26315789473686674
EURUSD,SHORT,RF_SIMPLE,BASE_PLUS_ML,0.55,1,57,42.10526315789473,1.0001221143561931,0.011204618908042748,0.6386632777584367,1000.0,1000.0536086681393,0.005360866813930443,10.40619178608471,18.294059286990528,-13.30314588544342,0.011204618908042748
EURUSD,SHORT,RF_SIMPLE,BASE_PLUS_ML,0.55,2,57,42.10526315789473,0.728564498219543,-0.2407486569207812,-13.72267344448453,1000.0,865.9954858797453,-13.400451412025472,19.467683705528906,14.986821753967293,-14.960249582286965,-0.2407486569207812
EURUSD,SHORT,RF_SIMPLE,BASE_PLUS_ML,0.55,5,57,42.10526315789473,0.2761303164756375,-0.9966084844072531,-56.80668361121343,1000.0,561.0364366883259,-43.89635633116741,45.5313080363455,6.977035508908617,-18.37613380380245,-0.9966084844072531
EURUSD,SHORT,RF_SIMPLE,BASE_PLUS_ML,0.6,0,4,25.0,0.6556506300628309,-0.24999999999996458,-0.9999999999998583,1000.0,989.7049800000015,-1.0295019999998545,1.9899999999999862,19.60200000000039,-9.965673333332996,-0.24999999999996458
EURUSD,SHORT,RF_SIMPLE,BASE_PLUS_ML,0.6,1,4,25.0,0.45790093927859843,-0.5104580282116806,-2.0418321128467225,1000.0,979.3931126938263,-2.0606887306173687,2.478566371704301,17.40625235643884,-12.67104655420419,-0.5104580282116806
EURUSD,SHORT,RF_SIMPLE,BASE_PLUS_ML,0.6,2,4,25.0,0.33061714811389487,-0.7709160564233966,-3.0836642256935862,1000.0,969.1611573087074,-3.0838842691292596,3.0838842691292596,15.231717085371333,-15.356853258887964,-0.7709160564233966
EURUSD,SHORT,RF_SIMPLE,BASE_PLUS_ML,0.6,5,4,25.0,0.1264001191957189,-1.5522901410585446,-6.209160564234178,1000.0,938.9406703192816,-6.105932968071841,6.105932968071841,8.834601193567003,-23.297976958095116,-1.5522901410585446
EURUSD,SHORT,RF_SIMPLE,BASE_PLUS_ML,0.65,0,0,0.0,0.0,0.0,0.0,1000.0,1000.0,0.0,0.0,0.0,0.0,0.0
EURUSD,SHORT,RF_SIMPLE,BASE_PLUS_ML,0.65,1,0,0.0,0.0,0.0,0.0,1000.0,1000.0,0.0,0.0,0.0,0.0,0.0
EURUSD,SHORT,RF_SIMPLE,BASE_PLUS_ML,0.65,2,0,0.0,0.0,0.0,0.0,1000.0,1000.0,0.0,0.0,0.0,0.0,0.0
EURUSD,SHORT,RF_SIMPLE,BASE_PLUS_ML,0.65,5,0,0.0,0.0,0.0,0.0,1000.0,1000.0,0.0,0.0,0.0,0.0,0.0
