ACTIVO,CAPITAL,RISK_PCT,DIRECCION,MODELO,SISTEMA,THRESHOLD,COST_BPS,ENTRY,STOP_LOSS,BROKER_METADATA_SOURCE,BROKER_METADATA_ERROR,VOLUME_MIN,VOLUME_STEP,VOLUME_CALCULATED,DECISION,REASON
EURUSD,100,1.0,SHORT,LOGISTIC,ML_ONLY,0.6,2,1.0426441431045532,1.0441320346479084,MT5_DEMO,,0.01,0.01,,SKIP,MINIMUM_VOLUME_EXCEEDS_RISK
EURUSD,100,1.0,SHORT,RF_ACTUAL,ML_ONLY,0.55,2,1.0426441431045532,1.0441320346479084,MT5_DEMO,,0.01,0.01,,SKIP,MINIMUM_VOLUME_EXCEEDS_RISK
EURUSD,100,1.0,SHORT,LOGISTIC,ML_ONLY,0.55,2,1.0426441431045532,1.0441320346479084,MT5_DEMO,,0.01,0.01,,SKIP,MINIMUM_VOLUME_EXCEEDS_RISK
EURUSD,100,1.0,SHORT,RF_SIMPLE,ML_ONLY,0.55,2,1.0426441431045532,1.0441320346479084,MT5_DEMO,,0.01,0.01,,SKIP,MINIMUM_VOLUME_EXCEEDS_RISK
EURUSD,100,1.0,SHORT,RF_SIMPLE,ML_ONLY,0.6,2,1.0421009063720703,1.0435400497394733,MT5_DEMO,,0.01,0.01,,SKIP,MINIMUM_VOLUME_EXCEEDS_RISK
EURUSD,100,1.0,SHORT,RF_ACTUAL,ML_ONLY,0.6,2,1.0421009063720703,1.0435400497394733,MT5_DEMO,,0.01,0.01,,SKIP,MINIMUM_VOLUME_EXCEEDS_RISK
EURUSD,100,1.0,LONG,LOGISTIC,ML_ONLY,0.55,2,1.0400415658950806,1.0388659980047978,MT5_DEMO,,0.01,0.01,,SKIP,MINIMUM_VOLUME_EXCEEDS_RISK
EURUSD,100,1.0,LONG,RF_ACTUAL,ML_ONLY,0.55,2,1.0400415658950806,1.0388659980047978,MT5_DEMO,,0.01,0.01,,SKIP,MINIMUM_VOLUME_EXCEEDS_RISK
EURUSD,100,1.0,LONG,RF_ACTUAL,ML_ONLY,0.6,2,1.0405826568603516,1.0394292225436093,MT5_DEMO,,0.01,0.01,,SKIP,MINIMUM_VOLUME_EXCEEDS_RISK
EURUSD,100,1.0,LONG,LOGISTIC,ML_ONLY,0.55,2,1.0389610528945925,1.037915018212014,MT5_DEMO,,0.01,0.01,,SKIP,MINIMUM_VOLUME_EXCEEDS_RISK
EURUSD,100,1.0,SHORT,LOGISTIC,ML_ONLY,0.55,2,1.0372368097305298,1.038385213438338,MT5_DEMO,,0.01,0.01,,SKIP,MINIMUM_VOLUME_EXCEEDS_RISK
EURUSD,100,1.0,SHORT,LOGISTIC,ML_ONLY,0.55,2,1.0386372804641724,1.0398233285529577,MT5_DEMO,,0.01,0.01,,SKIP,MINIMUM_VOLUME_EXCEEDS_RISK
EURUSD,100,1.0,LONG,RF_ACTUAL,ML_ONLY,0.55,2,1.0391769409179688,1.038029348830516,MT5_DEMO,,0.01,0.01,,SKIP,MINIMUM_VOLUME_EXCEEDS_RISK
EURUSD,100,1.0,LONG,RF_ACTUAL,ML_ONLY,0.55,2,1.0387451648712158,1.0377249760486262,MT5_DEMO,,0.01,0.01,,SKIP,MINIMUM_VOLUME_EXCEEDS_RISK
EURUSD,100,1.0,LONG,LOGISTIC,ML_ONLY,0.55,2,1.0387451648712158,1.0377249760486262,MT5_DEMO,,0.01,0.01,,SKIP,MINIMUM_VOLUME_EXCEEDS_RISK
EURUSD,100,1.0,LONG,RF_ACTUAL,ML_ONLY,0.55,2,1.0392849445343018,1.038320689234984,MT5_DEMO,,0.01,0.01,0.01,EXECUTABLE,OK
EURUSD,100,1.0,LONG,RF_ACTUAL,BASE_PLUS_ML,0.55,2,1.0392849445343018,1.038320689234984,MT5_DEMO,,0.01,0.01,0.01,EXECUTABLE,OK
EURUSD,100,1.0,LONG,RF_SIMPLE,BASE_PLUS_ML,0.55,2,1.0392849445343018,1.038320689234984,MT5_DEMO,,0.01,0.01,0.01,EXECUTABLE,OK
EURUSD,100,1.0,LONG,RF_SIMPLE,ML_ONLY,0.55,2,1.0392849445343018,1.038320689234984,MT5_DEMO,,0.01,0.01,0.01,EXECUTABLE,OK
EURUSD,100,1.0,LONG,RF_ACTUAL,ML_ONLY,0.55,2,1.038421630859375,1.0374523686458335,MT5_DEMO,,0.01,0.01,0.01,EXECUTABLE,OK
EURUSD,100,1.0,LONG,RF_ACTUAL,ML_ONLY,0.55,2,1.0366991758346558,1.0355707847535576,MT5_DEMO,,0.01,0.01,,SKIP,MINIMUM_VOLUME_EXCEEDS_RISK
EURUSD,100,1.0,LONG,LOGISTIC,ML_ONLY,0.6,2,1.0330578088760376,1.0314314076009579,MT5_DEMO,,0.01,0.01,,SKIP,MINIMUM_VOLUME_EXCEEDS_RISK
EURUSD,100,1.0,LONG,LOGISTIC,ML_ONLY,0.55,2,1.0330578088760376,1.0314314076009579,MT5_DEMO,,0.01,0.01,,SKIP,MINIMUM_VOLUME_EXCEEDS_RISK
EURUSD,100,1.0,LONG,LOGISTIC,ML_ONLY,0.65,2,1.0325244665145874,1.0306786200343245,MT5_DEMO,,0.01,0.01,,SKIP,MINIMUM_VOLUME_EXCEEDS_RISK
EURUSD,100,1.0,LONG,LOGISTIC,ML_ONLY,0.6,2,1.0328444242477417,1.0310237231155432,MT5_DEMO,,0.01,0.01,,SKIP,MINIMUM_VOLUME_EXCEEDS_RISK
EURUSD,100,1.0,LONG,LOGISTIC,ML_ONLY,0.55,2,1.0328444242477417,1.0310237231155432,MT5_DEMO,,0.01,0.01,,SKIP,MINIMUM_VOLUME_EXCEEDS_RISK
EURUSD,100,1.0,LONG,LOGISTIC,ML_ONLY,0.6,2,1.0302904844284058,1.0287780730057345,MT5_DEMO,,0.01,0.01,,SKIP,MINIMUM_VOLUME_EXCEEDS_RISK
EURUSD,100,1.0,LONG,LOGISTIC,ML_ONLY,0.55,2,1.0302904844284058,1.0287780730057345,MT5_DEMO,,0.01,0.01,,SKIP,MINIMUM_VOLUME_EXCEEDS_RISK
EURUSD,100,1.0,SHORT,RF_ACTUAL,ML_ONLY,0.55,2,1.0302904844284058,1.031802895851077,MT5_DEMO,,0.01,0.01,,SKIP,MINIMUM_VOLUME_EXCEEDS_RISK
EURUSD,100,1.0,LONG,LOGISTIC,ML_ONLY,0.65,2,1.0302904844284058,1.0287780730057345,MT5_DEMO,,0.01,0.01,,SKIP,MINIMUM_VOLUME_EXCEEDS_RISK
EURUSD,100,1.0,SHORT,RF_ACTUAL,BASE_PLUS_ML,0.55,2,1.0314594507217407,1.0329473303494594,MT5_DEMO,,0.01,0.01,,SKIP,MINIMUM_VOLUME_EXCEEDS_RISK
EURUSD,100,1.0,SHORT,RF_ACTUAL,ML_ONLY,0.55,2,1.0328444242477417,1.0341766115639222,MT5_DEMO,,0.01,0.01,,SKIP,MINIMUM_VOLUME_EXCEEDS_RISK
EURUSD,100,1.0,SHORT,RF_SIMPLE,ML_ONLY,0.55,2,1.0328444242477417,1.0341766115639222,MT5_DEMO,,0.01,0.01,,SKIP,MINIMUM_VOLUME_EXCEEDS_RISK
EURUSD,100,1.0,SHORT,RF_ACTUAL,ML_ONLY,0.6,2,1.033271312713623,1.0345769572540193,MT5_DEMO,,0.01,0.01,,SKIP,MINIMUM_VOLUME_EXCEEDS_RISK
EURUSD,100,1.0,LONG,RF_ACTUAL,ML_ONLY,0.55,2,1.0314594507217407,1.030193622057991,MT5_DEMO,,0.01,0.01,,SKIP,MINIMUM_VOLUME_EXCEEDS_RISK
EURUSD,100,1.0,SHORT,LOGISTIC,ML_ONLY,0.55,2,1.0302904844284058,1.0313478684297035,MT5_DEMO,,0.01,0.01,,SKIP,MINIMUM_VOLUME_EXCEEDS_RISK
EURUSD,100,1.0,LONG,RF_ACTUAL,ML_ONLY,0.55,2,1.0295480489730835,1.0285582353081928,MT5_DEMO,,0.01,0.01,0.01,EXECUTABLE,OK
EURUSD,100,1.0,SHORT,RF_ACTUAL,ML_ONLY,0.55,2,1.0307153463363647,1.0316635551756133,MT5_DEMO,,0.01,0.01,0.01,EXECUTABLE,OK
EURUSD,100,1.0,SHORT,RF_ACTUAL,ML_ONLY,0.6,2,1.0308215618133545,1.0317058397379615,MT5_DEMO,,0.01,0.01,0.01,EXECUTABLE,OK
EURUSD,100,1.0,SHORT,RF_SIMPLE,ML_ONLY,0.55,2,1.0308215618133545,1.0317058397379615,MT5_DEMO,,0.01,0.01,0.01,EXECUTABLE,OK
EURUSD,100,1.0,SHORT,LOGISTIC,ML_ONLY,0.55,2,1.0320981740951538,1.0330173966151515,MT5_DEMO,,0.01,0.01,0.01,EXECUTABLE,OK
EURUSD,100,1.0,SHORT,RF_ACTUAL,ML_ONLY,0.55,2,1.0320981740951538,1.0330049903563552,MT5_DEMO,,0.01,0.01,0.01,EXECUTABLE,OK
EURUSD,100,1.0,SHORT,RF_ACTUAL,ML_ONLY,0.6,2,1.031885266304016,1.0327958127418768,MT5_DEMO,,0.01,0.01,0.01,EXECUTABLE,OK
EURUSD,100,1.0,SHORT,RF_SIMPLE,ML_ONLY,0.55,2,1.031885266304016,1.0327958127418768,MT5_DEMO,,0.01,0.01,0.01,EXECUTABLE,OK
EURUSD,100,1.0,SHORT,RF_ACTUAL,ML_ONLY,0.55,2,1.0326311588287354,1.033509445087956,MT5_DEMO,,0.01,0.01,0.01,EXECUTABLE,OK
EURUSD,100,1.0,SHORT,LOGISTIC,ML_ONLY,0.55,2,1.0326311588287354,1.033509445087956,MT5_DEMO,,0.01,0.01,0.01,EXECUTABLE,OK
EURUSD,100,1.0,SHORT,RF_SIMPLE,ML_ONLY,0.55,2,1.0326311588287354,1.033509445087956,MT5_DEMO,,0.01,0.01,0.01,EXECUTABLE,OK
EURUSD,100,1.0,SHORT,RF_ACTUAL,ML_ONLY,0.6,2,1.0335917472839355,1.0345140422141983,MT5_DEMO,,0.01,0.01,0.01,EXECUTABLE,OK
EURUSD,100,1.0,SHORT,RF_SIMPLE,ML_ONLY,0.55,2,1.0342330932617188,1.0351887602311773,MT5_DEMO,,0.01,0.01,0.01,EXECUTABLE,OK
EURUSD,100,1.0,SHORT,LOGISTIC,ML_ONLY,0.55,2,1.0342330932617188,1.0351887602311773,MT5_DEMO,,0.01,0.01,0.01,EXECUTABLE,OK
EURUSD,100,1.0,SHORT,RF_ACTUAL,ML_ONLY,0.55,2,1.0342330932617188,1.0351887602311773,MT5_DEMO,,0.01,0.01,0.01,EXECUTABLE,OK
EURUSD,100,1.0,SHORT,RF_ACTUAL,ML_ONLY,0.6,2,1.0347682237625122,1.0357397735341052,MT5_DEMO,,0.01,0.01,0.01,EXECUTABLE,OK
EURUSD,100,1.0,SHORT,LOGISTIC,ML_ONLY,0.55,2,1.0348752737045288,1.0358080297914827,MT5_DEMO,,0.01,0.01,0.01,EXECUTABLE,OK
EURUSD,100,1.0,SHORT,RF_SIMPLE,ML_ONLY,0.55,2,1.0348752737045288,1.0358080297914827,MT5_DEMO,,0.01,0.01,0.01,EXECUTABLE,OK
EURUSD,100,1.0,SHORT,LOGISTIC,ML_ONLY,0.6,2,1.03616201877594,1.0372158798357958,MT5_DEMO,,0.01,0.01,,SKIP,MINIMUM_VOLUME_EXCEEDS_RISK
EURUSD,100,1.0,SHORT,RF_ACTUAL,ML_ONLY,0.55,2,1.03616201877594,1.0372158798357958,MT5_DEMO,,0.01,0.01,,SKIP,MINIMUM_VOLUME_EXCEEDS_RISK
EURUSD,100,1.0,SHORT,LOGISTIC,ML_ONLY,0.55,2,1.0364842414855957,1.0375319000238072,MT5_DEMO,,0.01,0.01,,SKIP,MINIMUM_VOLUME_EXCEEDS_RISK
EURUSD,100,1.0,SHORT,RF_SIMPLE,ML_ONLY,0.55,2,1.0364842414855957,1.0375319000238072,MT5_DEMO,,0.01,0.01,,SKIP,MINIMUM_VOLUME_EXCEEDS_RISK
EURUSD,100,1.0,SHORT,RF_SIMPLE,ML_ONLY,0.55,2,1.0366991758346558,1.0377736738818735,MT5_DEMO,,0.01,0.01,,SKIP,MINIMUM_VOLUME_EXCEEDS_RISK
EURUSD,100,1.0,SHORT,LOGISTIC,ML_ONLY,0.55,2,1.0366991758346558,1.0377736738818735,MT5_DEMO,,0.01,0.01,,SKIP,MINIMUM_VOLUME_EXCEEDS_RISK
EURUSD,100,1.0,LONG,LOGISTIC,BASE_PLUS_ML,0.55,2,1.0360547304153442,1.0350032784436995,MT5_DEMO,,0.01,0.01,,SKIP,MINIMUM_VOLUME_EXCEEDS_RISK
EURUSD,100,1.0,LONG,LOGISTIC,ML_ONLY,0.55,2,1.0360547304153442,1.0350032784436995,MT5_DEMO,,0.01,0.01,,SKIP,MINIMUM_VOLUME_EXCEEDS_RISK
EURUSD,100,1.0,LONG,LOGISTIC,ML_ONLY,0.6,2,1.0362694263458252,1.0352317278770682,MT5_DEMO,,0.01,0.01,,SKIP,MINIMUM_VOLUME_EXCEEDS_RISK
EURUSD,100,1.0,SHORT,RF_ACTUAL,ML_ONLY,0.55,2,1.0364842414855957,1.0375015564798953,MT5_DEMO,,0.01,0.01,,SKIP,MINIMUM_VOLUME_EXCEEDS_RISK
EURUSD,100,1.0,LONG,LOGISTIC,ML_ONLY,0.55,2,1.0376672744750977,1.0367551863728242,MT5_DEMO,,0.01,0.01,0.01,EXECUTABLE,OK
EURUSD,100,1.0,SHORT,LOGISTIC,ML_ONLY,0.55,2,1.033484935760498,1.0347450541101921,MT5_DEMO,,0.01,0.01,,SKIP,MINIMUM_VOLUME_EXCEEDS_RISK
EURUSD,100,1.0,SHORT,LOGISTIC,ML_ONLY,0.55,2,1.0377750396728516,1.039322696151109,MT5_DEMO,,0.01,0.01,,SKIP,MINIMUM_VOLUME_EXCEEDS_RISK
EURUSD,100,1.0,SHORT,RF_SIMPLE,ML_ONLY,0.55,2,1.0393929481506348,1.0411221971315308,MT5_DEMO,,0.01,0.01,,SKIP,MINIMUM_VOLUME_EXCEEDS_RISK
EURUSD,100,1.0,SHORT,LOGISTIC,ML_ONLY,0.6,2,1.0393929481506348,1.0411221971315308,MT5_DEMO,,0.01,0.01,,SKIP,MINIMUM_VOLUME_EXCEEDS_RISK
EURUSD,100,1.0,SHORT,LOGISTIC,ML_ONLY,0.55,2,1.0429704189300537,1.0448316837537013,MT5_DEMO,,0.01,0.01,,SKIP,MINIMUM_VOLUME_EXCEEDS_RISK
EURUSD,100,1.0,SHORT,RF_ACTUAL,ML_ONLY,0.55,2,1.0429704189300537,1.0448316837537013,MT5_DEMO,,0.01,0.01,,SKIP,MINIMUM_VOLUME_EXCEEDS_RISK
EURUSD,100,1.0,SHORT,RF_ACTUAL,ML_ONLY,0.6,2,1.0429704189300537,1.0448316837537013,MT5_DEMO,,0.01,0.01,,SKIP,MINIMUM_VOLUME_EXCEEDS_RISK
EURUSD,100,1.0,SHORT,RF_SIMPLE,ML_ONLY,0.6,2,1.0429704189300537,1.0448316837537013,MT5_DEMO,,0.01,0.01,,SKIP,MINIMUM_VOLUME_EXCEEDS_RISK
EURUSD,100,1.0,SHORT,LOGISTIC,ML_ONLY,0.65,2,1.0429704189300537,1.0448316837537013,MT5_DEMO,,0.01,0.01,,SKIP,MINIMUM_VOLUME_EXCEEDS_RISK
EURUSD,100,1.0,SHORT,RF_ACTUAL,ML_ONLY,0.65,2,1.0429704189300537,1.0448316837537013,MT5_DEMO,,0.01,0.01,,SKIP,MINIMUM_VOLUME_EXCEEDS_RISK
EURUSD,100,1.0,SHORT,LOGISTIC,ML_ONLY,0.6,2,1.0391769409179688,1.0411994752957736,MT5_DEMO,,0.01,0.01,,SKIP,MINIMUM_VOLUME_EXCEEDS_RISK
EURUSD,100,1.0,LONG,RF_ACTUAL,ML_ONLY,0.55,2,1.0391769409179688,1.0371544065401639,MT5_DEMO,,0.01,0.01,,SKIP,MINIMUM_VOLUME_EXCEEDS_RISK
EURUSD,100,1.0,LONG,RF_ACTUAL,BASE_PLUS_ML,0.55,2,1.0391769409179688,1.0371544065401639,MT5_DEMO,,0.01,0.01,,SKIP,MINIMUM_VOLUME_EXCEEDS_RISK
EURUSD,100,1.0,LONG,RF_ACTUAL,ML_ONLY,0.65,2,1.0393929481506348,1.0374531726768608,MT5_DEMO,,0.01,0.01,,SKIP,MINIMUM_VOLUME_EXCEEDS_RISK
EURUSD,100,1.0,LONG,RF_ACTUAL,ML_ONLY,0.6,2,1.0393929481506348,1.0374531726768608,MT5_DEMO,,0.01,0.01,,SKIP,MINIMUM_VOLUME_EXCEEDS_RISK
EURUSD,100,1.0,SHORT,LOGISTIC,ML_ONLY,0.55,2,1.0385295152664185,1.0403436907175356,MT5_DEMO,,0.01,0.01,,SKIP,MINIMUM_VOLUME_EXCEEDS_RISK
EURUSD,100,1.0,LONG,RF_SIMPLE,ML_ONLY,0.55,2,1.0385295152664185,1.0367153398153013,MT5_DEMO,,0.01,0.01,,SKIP,MINIMUM_VOLUME_EXCEEDS_RISK
EURUSD,100,1.0,LONG,LOGISTIC,ML_ONLY,0.55,2,1.0392849445343018,1.0376723684337628,MT5_DEMO,,0.01,0.01,,SKIP,MINIMUM_VOLUME_EXCEEDS_RISK
EURUSD,100,1.0,LONG,RF_SIMPLE,ML_ONLY,0.6,2,1.0392849445343018,1.0376723684337628,MT5_DEMO,,0.01,0.01,,SKIP,MINIMUM_VOLUME_EXCEEDS_RISK
EURUSD,100,1.0,LONG,LOGISTIC,ML_ONLY,0.6,2,1.0392849445343018,1.0376723684337628,MT5_DEMO,,0.01,0.01,,SKIP,MINIMUM_VOLUME_EXCEEDS_RISK
EURUSD,100,1.0,LONG,RF_ACTUAL,ML_ONLY,0.55,2,1.0428615808486938,1.0414014223177162,MT5_DEMO,,0.01,0.01,,SKIP,MINIMUM_VOLUME_EXCEEDS_RISK
EURUSD,100,1.0,LONG,RF_SIMPLE,ML_ONLY,0.55,2,1.0416667461395264,1.0402022849836947,MT5_DEMO,,0.01,0.01,,SKIP,MINIMUM_VOLUME_EXCEEDS_RISK
EURUSD,100,1.0,LONG,RF_ACTUAL,ML_ONLY,0.6,2,1.0416667461395264,1.0402022849836947,MT5_DEMO,,0.01,0.01,,SKIP,MINIMUM_VOLUME_EXCEEDS_RISK
EURUSD,100,1.0,LONG,RF_ACTUAL,ML_ONLY,0.65,2,1.0416667461395264,1.0402022849836947,MT5_DEMO,,0.01,0.01,,SKIP,MINIMUM_VOLUME_EXCEEDS_RISK
EURUSD,100,1.0,LONG,LOGISTIC,ML_ONLY,0.55,2,1.0416667461395264,1.0402022849836947,MT5_DEMO,,0.01,0.01,,SKIP,MINIMUM_VOLUME_EXCEEDS_RISK
EURUSD,100,1.0,LONG,RF_ACTUAL,ML_ONLY,0.55,2,1.042535424232483,1.0410824820196845,MT5_DEMO,,0.01,0.01,,SKIP,MINIMUM_VOLUME_EXCEEDS_RISK
EURUSD,100,1.0,LONG,LOGISTIC,ML_ONLY,0.55,2,1.0392849445343018,1.0376958084008439,MT5_DEMO,,0.01,0.01,,SKIP,MINIMUM_VOLUME_EXCEEDS_RISK
EURUSD,100,1.0,LONG,RF_ACTUAL,ML_ONLY,0.6,2,1.0392849445343018,1.0376958084008439,MT5_DEMO,,0.01,0.01,,SKIP,MINIMUM_VOLUME_EXCEEDS_RISK
EURUSD,100,1.0,LONG,RF_ACTUAL,ML_ONLY,0.55,2,1.0392849445343018,1.0376958084008439,MT5_DEMO,,0.01,0.01,,SKIP,MINIMUM_VOLUME_EXCEEDS_RISK
EURUSD,100,1.0,LONG,RF_ACTUAL,ML_ONLY,0.65,2,1.0392849445343018,1.0376958084008439,MT5_DEMO,,0.01,0.01,,SKIP,MINIMUM_VOLUME_EXCEEDS_RISK
EURUSD,100,1.0,LONG,RF_SIMPLE,ML_ONLY,0.55,2,1.0392849445343018,1.0376958084008439,MT5_DEMO,,0.01,0.01,,SKIP,MINIMUM_VOLUME_EXCEEDS_RISK
EURUSD,100,1.0,LONG,LOGISTIC,ML_ONLY,0.6,2,1.0392849445343018,1.0376958084008439,MT5_DEMO,,0.01,0.01,,SKIP,MINIMUM_VOLUME_EXCEEDS_RISK
EURUSD,100,1.0,LONG,LOGISTIC,BASE_PLUS_ML,0.55,2,1.0403661727905271,1.0386861099431135,MT5_DEMO,,0.01,0.01,,SKIP,MINIMUM_VOLUME_EXCEEDS_RISK
EURUSD,100,1.0,SHORT,LOGISTIC,ML_ONLY,0.55,2,1.043623447418213,1.0454471882100627,MT5_DEMO,,0.01,0.01,,SKIP,MINIMUM_VOLUME_EXCEEDS_RISK
EURUSD,100,1.0,SHORT,RF_SIMPLE,ML_ONLY,0.55,2,1.043623447418213,1.0454471882100627,MT5_DEMO,,0.01,0.01,,SKIP,MINIMUM_VOLUME_EXCEEDS_RISK
EURUSD,500,1.0,SHORT,LOGISTIC,ML_ONLY,0.6,2,1.0426441431045532,1.0441320346479084,MT5_DEMO,,0.01,0.01,0.03,EXECUTABLE,OK
EURUSD,500,1.0,SHORT,RF_ACTUAL,ML_ONLY,0.55,2,1.0426441431045532,1.0441320346479084,MT5_DEMO,,0.01,0.01,0.03,EXECUTABLE,OK
EURUSD,500,1.0,SHORT,LOGISTIC,ML_ONLY,0.55,2,1.0426441431045532,1.0441320346479084,MT5_DEMO,,0.01,0.01,0.03,EXECUTABLE,OK
EURUSD,500,1.0,SHORT,RF_SIMPLE,ML_ONLY,0.55,2,1.0426441431045532,1.0441320346479084,MT5_DEMO,,0.01,0.01,0.03,EXECUTABLE,OK
EURUSD,500,1.0,SHORT,RF_SIMPLE,ML_ONLY,0.6,2,1.0421009063720703,1.0435400497394733,MT5_DEMO,,0.01,0.01,0.03,EXECUTABLE,OK
EURUSD,500,1.0,SHORT,RF_ACTUAL,ML_ONLY,0.6,2,1.0421009063720703,1.0435400497394733,MT5_DEMO,,0.01,0.01,0.03,EXECUTABLE,OK
EURUSD,500,1.0,LONG,LOGISTIC,ML_ONLY,0.55,2,1.0400415658950806,1.0388659980047978,MT5_DEMO,,0.01,0.01,0.04,EXECUTABLE,OK
EURUSD,500,1.0,LONG,RF_ACTUAL,ML_ONLY,0.55,2,1.0400415658950806,1.0388659980047978,MT5_DEMO,,0.01,0.01,0.04,EXECUTABLE,OK
EURUSD,500,1.0,LONG,RF_ACTUAL,ML_ONLY,0.6,2,1.0405826568603516,1.0394292225436093,MT5_DEMO,,0.01,0.01,0.04,EXECUTABLE,OK
EURUSD,500,1.0,LONG,LOGISTIC,ML_ONLY,0.55,2,1.0389610528945925,1.037915018212014,MT5_DEMO,,0.01,0.01,0.04,EXECUTABLE,OK
EURUSD,500,1.0,SHORT,LOGISTIC,ML_ONLY,0.55,2,1.0372368097305298,1.038385213438338,MT5_DEMO,,0.01,0.01,0.04,EXECUTABLE,OK
EURUSD,500,1.0,SHORT,LOGISTIC,ML_ONLY,0.55,2,1.0386372804641724,1.0398233285529577,MT5_DEMO,,0.01,0.01,0.04,EXECUTABLE,OK
EURUSD,500,1.0,LONG,RF_ACTUAL,ML_ONLY,0.55,2,1.0391769409179688,1.038029348830516,MT5_DEMO,,0.01,0.01,0.04,EXECUTABLE,OK
EURUSD,500,1.0,LONG,RF_ACTUAL,ML_ONLY,0.55,2,1.0387451648712158,1.0377249760486262,MT5_DEMO,,0.01,0.01,0.04,EXECUTABLE,OK
EURUSD,500,1.0,LONG,LOGISTIC,ML_ONLY,0.55,2,1.0387451648712158,1.0377249760486262,MT5_DEMO,,0.01,0.01,0.04,EXECUTABLE,OK
EURUSD,500,1.0,LONG,RF_ACTUAL,ML_ONLY,0.55,2,1.0392849445343018,1.038320689234984,MT5_DEMO,,0.01,0.01,0.05,EXECUTABLE,OK
EURUSD,500,1.0,LONG,RF_ACTUAL,BASE_PLUS_ML,0.55,2,1.0392849445343018,1.038320689234984,MT5_DEMO,,0.01,0.01,0.05,EXECUTABLE,OK
EURUSD,500,1.0,LONG,RF_SIMPLE,BASE_PLUS_ML,0.55,2,1.0392849445343018,1.038320689234984,MT5_DEMO,,0.01,0.01,0.05,EXECUTABLE,OK
EURUSD,500,1.0,LONG,RF_SIMPLE,ML_ONLY,0.55,2,1.0392849445343018,1.038320689234984,MT5_DEMO,,0.01,0.01,0.05,EXECUTABLE,OK
EURUSD,500,1.0,LONG,RF_ACTUAL,ML_ONLY,0.55,2,1.038421630859375,1.0374523686458335,MT5_DEMO,,0.01,0.01,0.05,EXECUTABLE,OK
EURUSD,500,1.0,LONG,RF_ACTUAL,ML_ONLY,0.55,2,1.0366991758346558,1.0355707847535576,MT5_DEMO,,0.01,0.01,0.04,EXECUTABLE,OK
EURUSD,500,1.0,LONG,LOGISTIC,ML_ONLY,0.6,2,1.0330578088760376,1.0314314076009579,MT5_DEMO,,0.01,0.01,0.03,EXECUTABLE,OK
EURUSD,500,1.0,LONG,LOGISTIC,ML_ONLY,0.55,2,1.0330578088760376,1.0314314076009579,MT5_DEMO,,0.01,0.01,0.03,EXECUTABLE,OK
EURUSD,500,1.0,LONG,LOGISTIC,ML_ONLY,0.65,2,1.0325244665145874,1.0306786200343245,MT5_DEMO,,0.01,0.01,0.02,EXECUTABLE,OK
EURUSD,500,1.0,LONG,LOGISTIC,ML_ONLY,0.6,2,1.0328444242477417,1.0310237231155432,MT5_DEMO,,0.01,0.01,0.02,EXECUTABLE,OK
EURUSD,500,1.0,LONG,LOGISTIC,ML_ONLY,0.55,2,1.0328444242477417,1.0310237231155432,MT5_DEMO,,0.01,0.01,0.02,EXECUTABLE,OK
EURUSD,500,1.0,LONG,LOGISTIC,ML_ONLY,0.6,2,1.0302904844284058,1.0287780730057345,MT5_DEMO,,0.01,0.01,0.03,EXECUTABLE,OK
EURUSD,500,1.0,LONG,LOGISTIC,ML_ONLY,0.55,2,1.0302904844284058,1.0287780730057345,MT5_DEMO,,0.01,0.01,0.03,EXECUTABLE,OK
EURUSD,500,1.0,SHORT,RF_ACTUAL,ML_ONLY,0.55,2,1.0302904844284058,1.031802895851077,MT5_DEMO,,0.01,0.01,0.03,EXECUTABLE,OK
EURUSD,500,1.0,LONG,LOGISTIC,ML_ONLY,0.65,2,1.0302904844284058,1.0287780730057345,MT5_DEMO,,0.01,0.01,0.03,EXECUTABLE,OK
EURUSD,500,1.0,SHORT,RF_ACTUAL,BASE_PLUS_ML,0.55,2,1.0314594507217407,1.0329473303494594,MT5_DEMO,,0.01,0.01,0.03,EXECUTABLE,OK
EURUSD,500,1.0,SHORT,RF_ACTUAL,ML_ONLY,0.55,2,1.0328444242477417,1.0341766115639222,MT5_DEMO,,0.01,0.01,0.03,EXECUTABLE,OK
EURUSD,500,1.0,SHORT,RF_SIMPLE,ML_ONLY,0.55,2,1.0328444242477417,1.0341766115639222,MT5_DEMO,,0.01,0.01,0.03,EXECUTABLE,OK
EURUSD,500,1.0,SHORT,RF_ACTUAL,ML_ONLY,0.6,2,1.033271312713623,1.0345769572540193,MT5_DEMO,,0.01,0.01,0.03,EXECUTABLE,OK
EURUSD,500,1.0,LONG,RF_ACTUAL,ML_ONLY,0.55,2,1.0314594507217407,1.030193622057991,MT5_DEMO,,0.01,0.01,0.03,EXECUTABLE,OK
EURUSD,500,1.0,SHORT,LOGISTIC,ML_ONLY,0.55,2,1.0302904844284058,1.0313478684297035,MT5_DEMO,,0.01,0.01,0.04,EXECUTABLE,OK
EURUSD,500,1.0,LONG,RF_ACTUAL,ML_ONLY,0.55,2,1.0295480489730835,1.0285582353081928,MT5_DEMO,,0.01,0.01,0.05,EXECUTABLE,OK
EURUSD,500,1.0,SHORT,RF_ACTUAL,ML_ONLY,0.55,2,1.0307153463363647,1.0316635551756133,MT5_DEMO,,0.01,0.01,0.05,EXECUTABLE,OK
EURUSD,500,1.0,SHORT,RF_ACTUAL,ML_ONLY,0.6,2,1.0308215618133545,1.0317058397379615,MT5_DEMO,,0.01,0.01,0.05,EXECUTABLE,OK
EURUSD,500,1.0,SHORT,RF_SIMPLE,ML_ONLY,0.55,2,1.0308215618133545,1.0317058397379615,MT5_DEMO,,0.01,0.01,0.05,EXECUTABLE,OK
EURUSD,500,1.0,SHORT,LOGISTIC,ML_ONLY,0.55,2,1.0320981740951538,1.0330173966151515,MT5_DEMO,,0.01,0.01,0.05,EXECUTABLE,OK
EURUSD,500,1.0,SHORT,RF_ACTUAL,ML_ONLY,0.55,2,1.0320981740951538,1.0330049903563552,MT5_DEMO,,0.01,0.01,0.05,EXECUTABLE,OK
EURUSD,500,1.0,SHORT,RF_ACTUAL,ML_ONLY,0.6,2,1.031885266304016,1.0327958127418768,MT5_DEMO,,0.01,0.01,0.05,EXECUTABLE,OK
EURUSD,500,1.0,SHORT,RF_SIMPLE,ML_ONLY,0.55,2,1.031885266304016,1.0327958127418768,MT5_DEMO,,0.01,0.01,0.05,EXECUTABLE,OK
EURUSD,500,1.0,SHORT,RF_ACTUAL,ML_ONLY,0.55,2,1.0326311588287354,1.033509445087956,MT5_DEMO,,0.01,0.01,0.05,EXECUTABLE,OK
EURUSD,500,1.0,SHORT,LOGISTIC,ML_ONLY,0.55,2,1.0326311588287354,1.033509445087956,MT5_DEMO,,0.01,0.01,0.05,EXECUTABLE,OK
EURUSD,500,1.0,SHORT,RF_SIMPLE,ML_ONLY,0.55,2,1.0326311588287354,1.033509445087956,MT5_DEMO,,0.01,0.01,0.05,EXECUTABLE,OK
EURUSD,500,1.0,SHORT,RF_ACTUAL,ML_ONLY,0.6,2,1.0335917472839355,1.0345140422141983,MT5_DEMO,,0.01,0.01,0.05,EXECUTABLE,OK
EURUSD,500,1.0,SHORT,RF_SIMPLE,ML_ONLY,0.55,2,1.0342330932617188,1.0351887602311773,MT5_DEMO,,0.01,0.01,0.05,EXECUTABLE,OK
EURUSD,500,1.0,SHORT,LOGISTIC,ML_ONLY,0.55,2,1.0342330932617188,1.0351887602311773,MT5_DEMO,,0.01,0.01,0.05,EXECUTABLE,OK
EURUSD,500,1.0,SHORT,RF_ACTUAL,ML_ONLY,0.55,2,1.0342330932617188,1.0351887602311773,MT5_DEMO,,0.01,0.01,0.05,EXECUTABLE,OK
EURUSD,500,1.0,SHORT,RF_ACTUAL,ML_ONLY,0.6,2,1.0347682237625122,1.0357397735341052,MT5_DEMO,,0.01,0.01,0.05,EXECUTABLE,OK
EURUSD,500,1.0,SHORT,LOGISTIC,ML_ONLY,0.55,2,1.0348752737045288,1.0358080297914827,MT5_DEMO,,0.01,0.01,0.05,EXECUTABLE,OK
EURUSD,500,1.0,SHORT,RF_SIMPLE,ML_ONLY,0.55,2,1.0348752737045288,1.0358080297914827,MT5_DEMO,,0.01,0.01,0.05,EXECUTABLE,OK
EURUSD,500,1.0,SHORT,LOGISTIC,ML_ONLY,0.6,2,1.03616201877594,1.0372158798357958,MT5_DEMO,,0.01,0.01,0.04,EXECUTABLE,OK
EURUSD,500,1.0,SHORT,RF_ACTUAL,ML_ONLY,0.55,2,1.03616201877594,1.0372158798357958,MT5_DEMO,,0.01,0.01,0.04,EXECUTABLE,OK
EURUSD,500,1.0,SHORT,LOGISTIC,ML_ONLY,0.55,2,1.0364842414855957,1.0375319000238072,MT5_DEMO,,0.01,0.01,0.04,EXECUTABLE,OK
EURUSD,500,1.0,SHORT,RF_SIMPLE,ML_ONLY,0.55,2,1.0364842414855957,1.0375319000238072,MT5_DEMO,,0.01,0.01,0.04,EXECUTABLE,OK
EURUSD,500,1.0,SHORT,RF_SIMPLE,ML_ONLY,0.55,2,1.0366991758346558,1.0377736738818735,MT5_DEMO,,0.01,0.01,0.04,EXECUTABLE,OK
EURUSD,500,1.0,SHORT,LOGISTIC,ML_ONLY,0.55,2,1.0366991758346558,1.0377736738818735,MT5_DEMO,,0.01,0.01,0.04,EXECUTABLE,OK
EURUSD,500,1.0,LONG,LOGISTIC,BASE_PLUS_ML,0.55,2,1.0360547304153442,1.0350032784436995,MT5_DEMO,,0.01,0.01,0.04,EXECUTABLE,OK
EURUSD,500,1.0,LONG,LOGISTIC,ML_ONLY,0.55,2,1.0360547304153442,1.0350032784436995,MT5_DEMO,,0.01,0.01,0.04,EXECUTABLE,OK
EURUSD,500,1.0,LONG,LOGISTIC,ML_ONLY,0.6,2,1.0362694263458252,1.0352317278770682,MT5_DEMO,,0.01,0.01,0.04,EXECUTABLE,OK
EURUSD,500,1.0,SHORT,RF_ACTUAL,ML_ONLY,0.55,2,1.0364842414855957,1.0375015564798953,MT5_DEMO,,0.01,0.01,0.04,EXECUTABLE,OK
EURUSD,500,1.0,LONG,LOGISTIC,ML_ONLY,0.55,2,1.0376672744750977,1.0367551863728242,MT5_DEMO,,0.01,0.01,0.05,EXECUTABLE,OK
EURUSD,500,1.0,SHORT,LOGISTIC,ML_ONLY,0.55,2,1.033484935760498,1.0347450541101921,MT5_DEMO,,0.01,0.01,0.03,EXECUTABLE,OK
EURUSD,500,1.0,SHORT,LOGISTIC,ML_ONLY,0.55,2,1.0377750396728516,1.039322696151109,MT5_DEMO,,0.01,0.01,0.03,EXECUTABLE,OK
EURUSD,500,1.0,SHORT,RF_SIMPLE,ML_ONLY,0.55,2,1.0393929481506348,1.0411221971315308,MT5_DEMO,,0.01,0.01,0.02,EXECUTABLE,OK
EURUSD,500,1.0,SHORT,LOGISTIC,ML_ONLY,0.6,2,1.0393929481506348,1.0411221971315308,MT5_DEMO,,0.01,0.01,0.02,EXECUTABLE,OK
EURUSD,500,1.0,SHORT,LOGISTIC,ML_ONLY,0.55,2,1.0429704189300537,1.0448316837537013,MT5_DEMO,,0.01,0.01,0.02,EXECUTABLE,OK
EURUSD,500,1.0,SHORT,RF_ACTUAL,ML_ONLY,0.55,2,1.0429704189300537,1.0448316837537013,MT5_DEMO,,0.01,0.01,0.02,EXECUTABLE,OK
EURUSD,500,1.0,SHORT,RF_ACTUAL,ML_ONLY,0.6,2,1.0429704189300537,1.0448316837537013,MT5_DEMO,,0.01,0.01,0.02,EXECUTABLE,OK
EURUSD,500,1.0,SHORT,RF_SIMPLE,ML_ONLY,0.6,2,1.0429704189300537,1.0448316837537013,MT5_DEMO,,0.01,0.01,0.02,EXECUTABLE,OK
EURUSD,500,1.0,SHORT,LOGISTIC,ML_ONLY,0.65,2,1.0429704189300537,1.0448316837537013,MT5_DEMO,,0.01,0.01,0.02,EXECUTABLE,OK
EURUSD,500,1.0,SHORT,RF_ACTUAL,ML_ONLY,0.65,2,1.0429704189300537,1.0448316837537013,MT5_DEMO,,0.01,0.01,0.02,EXECUTABLE,OK
EURUSD,500,1.0,SHORT,LOGISTIC,ML_ONLY,0.6,2,1.0391769409179688,1.0411994752957736,MT5_DEMO,,0.01,0.01,0.02,EXECUTABLE,OK
EURUSD,500,1.0,LONG,RF_ACTUAL,ML_ONLY,0.55,2,1.0391769409179688,1.0371544065401639,MT5_DEMO,,0.01,0.01,0.02,EXECUTABLE,OK
EURUSD,500,1.0,LONG,RF_ACTUAL,BASE_PLUS_ML,0.55,2,1.0391769409179688,1.0371544065401639,MT5_DEMO,,0.01,0.01,0.02,EXECUTABLE,OK
EURUSD,500,1.0,LONG,RF_ACTUAL,ML_ONLY,0.65,2,1.0393929481506348,1.0374531726768608,MT5_DEMO,,0.01,0.01,0.02,EXECUTABLE,OK
EURUSD,500,1.0,LONG,RF_ACTUAL,ML_ONLY,0.6,2,1.0393929481506348,1.0374531726768608,MT5_DEMO,,0.01,0.01,0.02,EXECUTABLE,OK
EURUSD,500,1.0,SHORT,LOGISTIC,ML_ONLY,0.55,2,1.0385295152664185,1.0403436907175356,MT5_DEMO,,0.01,0.01,0.02,EXECUTABLE,OK
EURUSD,500,1.0,LONG,RF_SIMPLE,ML_ONLY,0.55,2,1.0385295152664185,1.0367153398153013,MT5_DEMO,,0.01,0.01,0.02,EXECUTABLE,OK
EURUSD,500,1.0,LONG,LOGISTIC,ML_ONLY,0.55,2,1.0392849445343018,1.0376723684337628,MT5_DEMO,,0.01,0.01,0.03,EXECUTABLE,OK
EURUSD,500,1.0,LONG,RF_SIMPLE,ML_ONLY,0.6,2,1.0392849445343018,1.0376723684337628,MT5_DEMO,,0.01,0.01,0.03,EXECUTABLE,OK
EURUSD,500,1.0,LONG,LOGISTIC,ML_ONLY,0.6,2,1.0392849445343018,1.0376723684337628,MT5_DEMO,,0.01,0.01,0.03,EXECUTABLE,OK
EURUSD,500,1.0,LONG,RF_ACTUAL,ML_ONLY,0.55,2,1.0428615808486938,1.0414014223177162,MT5_DEMO,,0.01,0.01,0.03,EXECUTABLE,OK
EURUSD,500,1.0,LONG,RF_SIMPLE,ML_ONLY,0.55,2,1.0416667461395264,1.0402022849836947,MT5_DEMO,,0.01,0.01,0.03,EXECUTABLE,OK
EURUSD,500,1.0,LONG,RF_ACTUAL,ML_ONLY,0.6,2,1.0416667461395264,1.0402022849836947,MT5_DEMO,,0.01,0.01,0.03,EXECUTABLE,OK
EURUSD,500,1.0,LONG,RF_ACTUAL,ML_ONLY,0.65,2,1.0416667461395264,1.0402022849836947,MT5_DEMO,,0.01,0.01,0.03,EXECUTABLE,OK
EURUSD,500,1.0,LONG,LOGISTIC,ML_ONLY,0.55,2,1.0416667461395264,1.0402022849836947,MT5_DEMO,,0.01,0.01,0.03,EXECUTABLE,OK
EURUSD,500,1.0,LONG,RF_ACTUAL,ML_ONLY,0.55,2,1.042535424232483,1.0410824820196845,MT5_DEMO,,0.01,0.01,0.03,EXECUTABLE,OK
EURUSD,500,1.0,LONG,LOGISTIC,ML_ONLY,0.55,2,1.0392849445343018,1.0376958084008439,MT5_DEMO,,0.01,0.01,0.03,EXECUTABLE,OK
EURUSD,500,1.0,LONG,RF_ACTUAL,ML_ONLY,0.6,2,1.0392849445343018,1.0376958084008439,MT5_DEMO,,0.01,0.01,0.03,EXECUTABLE,OK
EURUSD,500,1.0,LONG,RF_ACTUAL,ML_ONLY,0.55,2,1.0392849445343018,1.0376958084008439,MT5_DEMO,,0.01,0.01,0.03,EXECUTABLE,OK
EURUSD,500,1.0,LONG,RF_ACTUAL,ML_ONLY,0.65,2,1.0392849445343018,1.0376958084008439,MT5_DEMO,,0.01,0.01,0.03,EXECUTABLE,OK
EURUSD,500,1.0,LONG,RF_SIMPLE,ML_ONLY,0.55,2,1.0392849445343018,1.0376958084008439,MT5_DEMO,,0.01,0.01,0.03,EXECUTABLE,OK
EURUSD,500,1.0,LONG,LOGISTIC,ML_ONLY,0.6,2,1.0392849445343018,1.0376958084008439,MT5_DEMO,,0.01,0.01,0.03,EXECUTABLE,OK
EURUSD,500,1.0,LONG,LOGISTIC,BASE_PLUS_ML,0.55,2,1.0403661727905271,1.0386861099431135,MT5_DEMO,,0.01,0.01,0.02,EXECUTABLE,OK
EURUSD,500,1.0,SHORT,LOGISTIC,ML_ONLY,0.55,2,1.043623447418213,1.0454471882100627,MT5_DEMO,,0.01,0.01,0.02,EXECUTABLE,OK
EURUSD,500,1.0,SHORT,RF_SIMPLE,ML_ONLY,0.55,2,1.043623447418213,1.0454471882100627,MT5_DEMO,,0.01,0.01,0.02,EXECUTABLE,OK
EURUSD,1000,1.0,SHORT,LOGISTIC,ML_ONLY,0.6,2,1.0426441431045532,1.0441320346479084,MT5_DEMO,,0.01,0.01,0.06,EXECUTABLE,OK
EURUSD,1000,1.0,SHORT,RF_ACTUAL,ML_ONLY,0.55,2,1.0426441431045532,1.0441320346479084,MT5_DEMO,,0.01,0.01,0.06,EXECUTABLE,OK
EURUSD,1000,1.0,SHORT,LOGISTIC,ML_ONLY,0.55,2,1.0426441431045532,1.0441320346479084,MT5_DEMO,,0.01,0.01,0.06,EXECUTABLE,OK
EURUSD,1000,1.0,SHORT,RF_SIMPLE,ML_ONLY,0.55,2,1.0426441431045532,1.0441320346479084,MT5_DEMO,,0.01,0.01,0.06,EXECUTABLE,OK
EURUSD,1000,1.0,SHORT,RF_SIMPLE,ML_ONLY,0.6,2,1.0421009063720703,1.0435400497394733,MT5_DEMO,,0.01,0.01,0.06,EXECUTABLE,OK
EURUSD,1000,1.0,SHORT,RF_ACTUAL,ML_ONLY,0.6,2,1.0421009063720703,1.0435400497394733,MT5_DEMO,,0.01,0.01,0.06,EXECUTABLE,OK
EURUSD,1000,1.0,LONG,LOGISTIC,ML_ONLY,0.55,2,1.0400415658950806,1.0388659980047978,MT5_DEMO,,0.01,0.01,0.08,EXECUTABLE,OK
EURUSD,1000,1.0,LONG,RF_ACTUAL,ML_ONLY,0.55,2,1.0400415658950806,1.0388659980047978,MT5_DEMO,,0.01,0.01,0.08,EXECUTABLE,OK
EURUSD,1000,1.0,LONG,RF_ACTUAL,ML_ONLY,0.6,2,1.0405826568603516,1.0394292225436093,MT5_DEMO,,0.01,0.01,0.08,EXECUTABLE,OK
EURUSD,1000,1.0,LONG,LOGISTIC,ML_ONLY,0.55,2,1.0389610528945925,1.037915018212014,MT5_DEMO,,0.01,0.01,0.09,EXECUTABLE,OK
EURUSD,1000,1.0,SHORT,LOGISTIC,ML_ONLY,0.55,2,1.0372368097305298,1.038385213438338,MT5_DEMO,,0.01,0.01,0.08,EXECUTABLE,OK
EURUSD,1000,1.0,SHORT,LOGISTIC,ML_ONLY,0.55,2,1.0386372804641724,1.0398233285529577,MT5_DEMO,,0.01,0.01,0.08,EXECUTABLE,OK
EURUSD,1000,1.0,LONG,RF_ACTUAL,ML_ONLY,0.55,2,1.0391769409179688,1.038029348830516,MT5_DEMO,,0.01,0.01,0.08,EXECUTABLE,OK
EURUSD,1000,1.0,LONG,RF_ACTUAL,ML_ONLY,0.55,2,1.0387451648712158,1.0377249760486262,MT5_DEMO,,0.01,0.01,0.09,EXECUTABLE,OK
EURUSD,1000,1.0,LONG,LOGISTIC,ML_ONLY,0.55,2,1.0387451648712158,1.0377249760486262,MT5_DEMO,,0.01,0.01,0.09,EXECUTABLE,OK
EURUSD,1000,1.0,LONG,RF_ACTUAL,ML_ONLY,0.55,2,1.0392849445343018,1.038320689234984,MT5_DEMO,,0.01,0.01,0.1,EXECUTABLE,OK
EURUSD,1000,1.0,LONG,RF_ACTUAL,BASE_PLUS_ML,0.55,2,1.0392849445343018,1.038320689234984,MT5_DEMO,,0.01,0.01,0.1,EXECUTABLE,OK
EURUSD,1000,1.0,LONG,RF_SIMPLE,BASE_PLUS_ML,0.55,2,1.0392849445343018,1.038320689234984,MT5_DEMO,,0.01,0.01,0.1,EXECUTABLE,OK
EURUSD,1000,1.0,LONG,RF_SIMPLE,ML_ONLY,0.55,2,1.0392849445343018,1.038320689234984,MT5_DEMO,,0.01,0.01,0.1,EXECUTABLE,OK
EURUSD,1000,1.0,LONG,RF_ACTUAL,ML_ONLY,0.55,2,1.038421630859375,1.0374523686458335,MT5_DEMO,,0.01,0.01,0.1,EXECUTABLE,OK
EURUSD,1000,1.0,LONG,RF_ACTUAL,ML_ONLY,0.55,2,1.0366991758346558,1.0355707847535576,MT5_DEMO,,0.01,0.01,0.08,EXECUTABLE,OK
EURUSD,1000,1.0,LONG,LOGISTIC,ML_ONLY,0.6,2,1.0330578088760376,1.0314314076009579,MT5_DEMO,,0.01,0.01,0.06,EXECUTABLE,OK
EURUSD,1000,1.0,LONG,LOGISTIC,ML_ONLY,0.55,2,1.0330578088760376,1.0314314076009579,MT5_DEMO,,0.01,0.01,0.06,EXECUTABLE,OK
EURUSD,1000,1.0,LONG,LOGISTIC,ML_ONLY,0.65,2,1.0325244665145874,1.0306786200343245,MT5_DEMO,,0.01,0.01,0.05,EXECUTABLE,OK
EURUSD,1000,1.0,LONG,LOGISTIC,ML_ONLY,0.6,2,1.0328444242477417,1.0310237231155432,MT5_DEMO,,0.01,0.01,0.05,EXECUTABLE,OK
EURUSD,1000,1.0,LONG,LOGISTIC,ML_ONLY,0.55,2,1.0328444242477417,1.0310237231155432,MT5_DEMO,,0.01,0.01,0.05,EXECUTABLE,OK
EURUSD,1000,1.0,LONG,LOGISTIC,ML_ONLY,0.6,2,1.0302904844284058,1.0287780730057345,MT5_DEMO,,0.01,0.01,0.06,EXECUTABLE,OK
EURUSD,1000,1.0,LONG,LOGISTIC,ML_ONLY,0.55,2,1.0302904844284058,1.0287780730057345,MT5_DEMO,,0.01,0.01,0.06,EXECUTABLE,OK
EURUSD,1000,1.0,SHORT,RF_ACTUAL,ML_ONLY,0.55,2,1.0302904844284058,1.031802895851077,MT5_DEMO,,0.01,0.01,0.06,EXECUTABLE,OK
EURUSD,1000,1.0,LONG,LOGISTIC,ML_ONLY,0.65,2,1.0302904844284058,1.0287780730057345,MT5_DEMO,,0.01,0.01,0.06,EXECUTABLE,OK
EURUSD,1000,1.0,SHORT,RF_ACTUAL,BASE_PLUS_ML,0.55,2,1.0314594507217407,1.0329473303494594,MT5_DEMO,,0.01,0.01,0.06,EXECUTABLE,OK
EURUSD,1000,1.0,SHORT,RF_ACTUAL,ML_ONLY,0.55,2,1.0328444242477417,1.0341766115639222,MT5_DEMO,,0.01,0.01,0.07,EXECUTABLE,OK
EURUSD,1000,1.0,SHORT,RF_SIMPLE,ML_ONLY,0.55,2,1.0328444242477417,1.0341766115639222,MT5_DEMO,,0.01,0.01,0.07,EXECUTABLE,OK
EURUSD,1000,1.0,SHORT,RF_ACTUAL,ML_ONLY,0.6,2,1.033271312713623,1.0345769572540193,MT5_DEMO,,0.01,0.01,0.07,EXECUTABLE,OK
EURUSD,1000,1.0,LONG,RF_ACTUAL,ML_ONLY,0.55,2,1.0314594507217407,1.030193622057991,MT5_DEMO,,0.01,0.01,0.07,EXECUTABLE,OK
EURUSD,1000,1.0,SHORT,LOGISTIC,ML_ONLY,0.55,2,1.0302904844284058,1.0313478684297035,MT5_DEMO,,0.01,0.01,0.09,EXECUTABLE,OK
EURUSD,1000,1.0,LONG,RF_ACTUAL,ML_ONLY,0.55,2,1.0295480489730835,1.0285582353081928,MT5_DEMO,,0.01,0.01,0.1,EXECUTABLE,OK
EURUSD,1000,1.0,SHORT,RF_ACTUAL,ML_ONLY,0.55,2,1.0307153463363647,1.0316635551756133,MT5_DEMO,,0.01,0.01,0.1,EXECUTABLE,OK
EURUSD,1000,1.0,SHORT,RF_ACTUAL,ML_ONLY,0.6,2,1.0308215618133545,1.0317058397379615,MT5_DEMO,,0.01,0.01,0.11,EXECUTABLE,OK
EURUSD,1000,1.0,SHORT,RF_SIMPLE,ML_ONLY,0.55,2,1.0308215618133545,1.0317058397379615,MT5_DEMO,,0.01,0.01,0.11,EXECUTABLE,OK
EURUSD,1000,1.0,SHORT,LOGISTIC,ML_ONLY,0.55,2,1.0320981740951538,1.0330173966151515,MT5_DEMO,,0.01,0.01,0.1,EXECUTABLE,OK
EURUSD,1000,1.0,SHORT,RF_ACTUAL,ML_ONLY,0.55,2,1.0320981740951538,1.0330049903563552,MT5_DEMO,,0.01,0.01,0.11,EXECUTABLE,OK
EURUSD,1000,1.0,SHORT,RF_ACTUAL,ML_ONLY,0.6,2,1.031885266304016,1.0327958127418768,MT5_DEMO,,0.01,0.01,0.1,EXECUTABLE,OK
EURUSD,1000,1.0,SHORT,RF_SIMPLE,ML_ONLY,0.55,2,1.031885266304016,1.0327958127418768,MT5_DEMO,,0.01,0.01,0.1,EXECUTABLE,OK
EURUSD,1000,1.0,SHORT,RF_ACTUAL,ML_ONLY,0.55,2,1.0326311588287354,1.033509445087956,MT5_DEMO,,0.01,0.01,0.11,EXECUTABLE,OK
EURUSD,1000,1.0,SHORT,LOGISTIC,ML_ONLY,0.55,2,1.0326311588287354,1.033509445087956,MT5_DEMO,,0.01,0.01,0.11,EXECUTABLE,OK
EURUSD,1000,1.0,SHORT,RF_SIMPLE,ML_ONLY,0.55,2,1.0326311588287354,1.033509445087956,MT5_DEMO,,0.01,0.01,0.11,EXECUTABLE,OK
EURUSD,1000,1.0,SHORT,RF_ACTUAL,ML_ONLY,0.6,2,1.0335917472839355,1.0345140422141983,MT5_DEMO,,0.01,0.01,0.1,EXECUTABLE,OK
EURUSD,1000,1.0,SHORT,RF_SIMPLE,ML_ONLY,0.55,2,1.0342330932617188,1.0351887602311773,MT5_DEMO,,0.01,0.01,0.1,EXECUTABLE,OK
EURUSD,1000,1.0,SHORT,LOGISTIC,ML_ONLY,0.55,2,1.0342330932617188,1.0351887602311773,MT5_DEMO,,0.01,0.01,0.1,EXECUTABLE,OK
EURUSD,1000,1.0,SHORT,RF_ACTUAL,ML_ONLY,0.55,2,1.0342330932617188,1.0351887602311773,MT5_DEMO,,0.01,0.01,0.1,EXECUTABLE,OK
EURUSD,1000,1.0,SHORT,RF_ACTUAL,ML_ONLY,0.6,2,1.0347682237625122,1.0357397735341052,MT5_DEMO,,0.01,0.01,0.1,EXECUTABLE,OK
EURUSD,1000,1.0,SHORT,LOGISTIC,ML_ONLY,0.55,2,1.0348752737045288,1.0358080297914827,MT5_DEMO,,0.01,0.01,0.1,EXECUTABLE,OK
EURUSD,1000,1.0,SHORT,RF_SIMPLE,ML_ONLY,0.55,2,1.0348752737045288,1.0358080297914827,MT5_DEMO,,0.01,0.01,0.1,EXECUTABLE,OK
EURUSD,1000,1.0,SHORT,LOGISTIC,ML_ONLY,0.6,2,1.03616201877594,1.0372158798357958,MT5_DEMO,,0.01,0.01,0.09,EXECUTABLE,OK
EURUSD,1000,1.0,SHORT,RF_ACTUAL,ML_ONLY,0.55,2,1.03616201877594,1.0372158798357958,MT5_DEMO,,0.01,0.01,0.09,EXECUTABLE,OK
EURUSD,1000,1.0,SHORT,LOGISTIC,ML_ONLY,0.55,2,1.0364842414855957,1.0375319000238072,MT5_DEMO,,0.01,0.01,0.09,EXECUTABLE,OK
EURUSD,1000,1.0,SHORT,RF_SIMPLE,ML_ONLY,0.55,2,1.0364842414855957,1.0375319000238072,MT5_DEMO,,0.01,0.01,0.09,EXECUTABLE,OK
EURUSD,1000,1.0,SHORT,RF_SIMPLE,ML_ONLY,0.55,2,1.0366991758346558,1.0377736738818735,MT5_DEMO,,0.01,0.01,0.09,EXECUTABLE,OK
EURUSD,1000,1.0,SHORT,LOGISTIC,ML_ONLY,0.55,2,1.0366991758346558,1.0377736738818735,MT5_DEMO,,0.01,0.01,0.09,EXECUTABLE,OK
EURUSD,1000,1.0,LONG,LOGISTIC,BASE_PLUS_ML,0.55,2,1.0360547304153442,1.0350032784436995,MT5_DEMO,,0.01,0.01,0.09,EXECUTABLE,OK
EURUSD,1000,1.0,LONG,LOGISTIC,ML_ONLY,0.55,2,1.0360547304153442,1.0350032784436995,MT5_DEMO,,0.01,0.01,0.09,EXECUTABLE,OK
EURUSD,1000,1.0,LONG,LOGISTIC,ML_ONLY,0.6,2,1.0362694263458252,1.0352317278770682,MT5_DEMO,,0.01,0.01,0.09,EXECUTABLE,OK
EURUSD,1000,1.0,SHORT,RF_ACTUAL,ML_ONLY,0.55,2,1.0364842414855957,1.0375015564798953,MT5_DEMO,,0.01,0.01,0.09,EXECUTABLE,OK
EURUSD,1000,1.0,LONG,LOGISTIC,ML_ONLY,0.55,2,1.0376672744750977,1.0367551863728242,MT5_DEMO,,0.01,0.01,0.1,EXECUTABLE,OK
EURUSD,1000,1.0,SHORT,LOGISTIC,ML_ONLY,0.55,2,1.033484935760498,1.0347450541101921,MT5_DEMO,,0.01,0.01,0.07,EXECUTABLE,OK
EURUSD,1000,1.0,SHORT,LOGISTIC,ML_ONLY,0.55,2,1.0377750396728516,1.039322696151109,MT5_DEMO,,0.01,0.01,0.06,EXECUTABLE,OK
EURUSD,1000,1.0,SHORT,RF_SIMPLE,ML_ONLY,0.55,2,1.0393929481506348,1.0411221971315308,MT5_DEMO,,0.01,0.01,0.05,EXECUTABLE,OK
EURUSD,1000,1.0,SHORT,LOGISTIC,ML_ONLY,0.6,2,1.0393929481506348,1.0411221971315308,MT5_DEMO,,0.01,0.01,0.05,EXECUTABLE,OK
EURUSD,1000,1.0,SHORT,LOGISTIC,ML_ONLY,0.55,2,1.0429704189300537,1.0448316837537013,MT5_DEMO,,0.01,0.01,0.05,EXECUTABLE,OK
EURUSD,1000,1.0,SHORT,RF_ACTUAL,ML_ONLY,0.55,2,1.0429704189300537,1.0448316837537013,MT5_DEMO,,0.01,0.01,0.05,EXECUTABLE,OK
EURUSD,1000,1.0,SHORT,RF_ACTUAL,ML_ONLY,0.6,2,1.0429704189300537,1.0448316837537013,MT5_DEMO,,0.01,0.01,0.05,EXECUTABLE,OK
EURUSD,1000,1.0,SHORT,RF_SIMPLE,ML_ONLY,0.6,2,1.0429704189300537,1.0448316837537013,MT5_DEMO,,0.01,0.01,0.05,EXECUTABLE,OK
EURUSD,1000,1.0,SHORT,LOGISTIC,ML_ONLY,0.65,2,1.0429704189300537,1.0448316837537013,MT5_DEMO,,0.01,0.01,0.05,EXECUTABLE,OK
EURUSD,1000,1.0,SHORT,RF_ACTUAL,ML_ONLY,0.65,2,1.0429704189300537,1.0448316837537013,MT5_DEMO,,0.01,0.01,0.05,EXECUTABLE,OK
EURUSD,1000,1.0,SHORT,LOGISTIC,ML_ONLY,0.6,2,1.0391769409179688,1.0411994752957736,MT5_DEMO,,0.01,0.01,0.04,EXECUTABLE,OK
EURUSD,1000,1.0,LONG,RF_ACTUAL,ML_ONLY,0.55,2,1.0391769409179688,1.0371544065401639,MT5_DEMO,,0.01,0.01,0.04,EXECUTABLE,OK
EURUSD,1000,1.0,LONG,RF_ACTUAL,BASE_PLUS_ML,0.55,2,1.0391769409179688,1.0371544065401639,MT5_DEMO,,0.01,0.01,0.04,EXECUTABLE,OK
EURUSD,1000,1.0,LONG,RF_ACTUAL,ML_ONLY,0.65,2,1.0393929481506348,1.0374531726768608,MT5_DEMO,,0.01,0.01,0.05,EXECUTABLE,OK
EURUSD,1000,1.0,LONG,RF_ACTUAL,ML_ONLY,0.6,2,1.0393929481506348,1.0374531726768608,MT5_DEMO,,0.01,0.01,0.05,EXECUTABLE,OK
EURUSD,1000,1.0,SHORT,LOGISTIC,ML_ONLY,0.55,2,1.0385295152664185,1.0403436907175356,MT5_DEMO,,0.01,0.01,0.05,EXECUTABLE,OK
EURUSD,1000,1.0,LONG,RF_SIMPLE,ML_ONLY,0.55,2,1.0385295152664185,1.0367153398153013,MT5_DEMO,,0.01,0.01,0.05,EXECUTABLE,OK
EURUSD,1000,1.0,LONG,LOGISTIC,ML_ONLY,0.55,2,1.0392849445343018,1.0376723684337628,MT5_DEMO,,0.01,0.01,0.06,EXECUTABLE,OK
EURUSD,1000,1.0,LONG,RF_SIMPLE,ML_ONLY,0.6,2,1.0392849445343018,1.0376723684337628,MT5_DEMO,,0.01,0.01,0.06,EXECUTABLE,OK
EURUSD,1000,1.0,LONG,LOGISTIC,ML_ONLY,0.6,2,1.0392849445343018,1.0376723684337628,MT5_DEMO,,0.01,0.01,0.06,EXECUTABLE,OK
EURUSD,1000,1.0,LONG,RF_ACTUAL,ML_ONLY,0.55,2,1.0428615808486938,1.0414014223177162,MT5_DEMO,,0.01,0.01,0.06,EXECUTABLE,OK
EURUSD,1000,1.0,LONG,RF_SIMPLE,ML_ONLY,0.55,2,1.0416667461395264,1.0402022849836947,MT5_DEMO,,0.01,0.01,0.06,EXECUTABLE,OK
EURUSD,1000,1.0,LONG,RF_ACTUAL,ML_ONLY,0.6,2,1.0416667461395264,1.0402022849836947,MT5_DEMO,,0.01,0.01,0.06,EXECUTABLE,OK
EURUSD,1000,1.0,LONG,RF_ACTUAL,ML_ONLY,0.65,2,1.0416667461395264,1.0402022849836947,MT5_DEMO,,0.01,0.01,0.06,EXECUTABLE,OK
EURUSD,1000,1.0,LONG,LOGISTIC,ML_ONLY,0.55,2,1.0416667461395264,1.0402022849836947,MT5_DEMO,,0.01,0.01,0.06,EXECUTABLE,OK
EURUSD,1000,1.0,LONG,RF_ACTUAL,ML_ONLY,0.55,2,1.042535424232483,1.0410824820196845,MT5_DEMO,,0.01,0.01,0.06,EXECUTABLE,OK
EURUSD,1000,1.0,LONG,LOGISTIC,ML_ONLY,0.55,2,1.0392849445343018,1.0376958084008439,MT5_DEMO,,0.01,0.01,0.06,EXECUTABLE,OK
EURUSD,1000,1.0,LONG,RF_ACTUAL,ML_ONLY,0.6,2,1.0392849445343018,1.0376958084008439,MT5_DEMO,,0.01,0.01,0.06,EXECUTABLE,OK
EURUSD,1000,1.0,LONG,RF_ACTUAL,ML_ONLY,0.55,2,1.0392849445343018,1.0376958084008439,MT5_DEMO,,0.01,0.01,0.06,EXECUTABLE,OK
EURUSD,1000,1.0,LONG,RF_ACTUAL,ML_ONLY,0.65,2,1.0392849445343018,1.0376958084008439,MT5_DEMO,,0.01,0.01,0.06,EXECUTABLE,OK
EURUSD,1000,1.0,LONG,RF_SIMPLE,ML_ONLY,0.55,2,1.0392849445343018,1.0376958084008439,MT5_DEMO,,0.01,0.01,0.06,EXECUTABLE,OK
EURUSD,1000,1.0,LONG,LOGISTIC,ML_ONLY,0.6,2,1.0392849445343018,1.0376958084008439,MT5_DEMO,,0.01,0.01,0.06,EXECUTABLE,OK
EURUSD,1000,1.0,LONG,LOGISTIC,BASE_PLUS_ML,0.55,2,1.0403661727905271,1.0386861099431135,MT5_DEMO,,0.01,0.01,0.05,EXECUTABLE,OK
EURUSD,1000,1.0,SHORT,LOGISTIC,ML_ONLY,0.55,2,1.043623447418213,1.0454471882100627,MT5_DEMO,,0.01,0.01,0.05,EXECUTABLE,OK
EURUSD,1000,1.0,SHORT,RF_SIMPLE,ML_ONLY,0.55,2,1.043623447418213,1.0454471882100627,MT5_DEMO,,0.01,0.01,0.05,EXECUTABLE,OK
EURUSD,5000,1.0,SHORT,LOGISTIC,ML_ONLY,0.6,2,1.0426441431045532,1.0441320346479084,MT5_DEMO,,0.01,0.01,0.33,EXECUTABLE,OK
EURUSD,5000,1.0,SHORT,RF_ACTUAL,ML_ONLY,0.55,2,1.0426441431045532,1.0441320346479084,MT5_DEMO,,0.01,0.01,0.33,EXECUTABLE,OK
EURUSD,5000,1.0,SHORT,LOGISTIC,ML_ONLY,0.55,2,1.0426441431045532,1.0441320346479084,MT5_DEMO,,0.01,0.01,0.33,EXECUTABLE,OK
EURUSD,5000,1.0,SHORT,RF_SIMPLE,ML_ONLY,0.55,2,1.0426441431045532,1.0441320346479084,MT5_DEMO,,0.01,0.01,0.33,EXECUTABLE,OK
EURUSD,5000,1.0,SHORT,RF_SIMPLE,ML_ONLY,0.6,2,1.0421009063720703,1.0435400497394733,MT5_DEMO,,0.01,0.01,0.34,EXECUTABLE,OK
EURUSD,5000,1.0,SHORT,RF_ACTUAL,ML_ONLY,0.6,2,1.0421009063720703,1.0435400497394733,MT5_DEMO,,0.01,0.01,0.34,EXECUTABLE,OK
EURUSD,5000,1.0,LONG,LOGISTIC,ML_ONLY,0.55,2,1.0400415658950806,1.0388659980047978,MT5_DEMO,,0.01,0.01,0.42,EXECUTABLE,OK
EURUSD,5000,1.0,LONG,RF_ACTUAL,ML_ONLY,0.55,2,1.0400415658950806,1.0388659980047978,MT5_DEMO,,0.01,0.01,0.42,EXECUTABLE,OK
EURUSD,5000,1.0,LONG,RF_ACTUAL,ML_ONLY,0.6,2,1.0405826568603516,1.0394292225436093,MT5_DEMO,,0.01,0.01,0.43,EXECUTABLE,OK
EURUSD,5000,1.0,LONG,LOGISTIC,ML_ONLY,0.55,2,1.0389610528945925,1.037915018212014,MT5_DEMO,,0.01,0.01,0.47,EXECUTABLE,OK
EURUSD,5000,1.0,SHORT,LOGISTIC,ML_ONLY,0.55,2,1.0372368097305298,1.038385213438338,MT5_DEMO,,0.01,0.01,0.43,EXECUTABLE,OK
EURUSD,5000,1.0,SHORT,LOGISTIC,ML_ONLY,0.55,2,1.0386372804641724,1.0398233285529577,MT5_DEMO,,0.01,0.01,0.42,EXECUTABLE,OK
EURUSD,5000,1.0,LONG,RF_ACTUAL,ML_ONLY,0.55,2,1.0391769409179688,1.038029348830516,MT5_DEMO,,0.01,0.01,0.43,EXECUTABLE,OK
EURUSD,5000,1.0,LONG,RF_ACTUAL,ML_ONLY,0.55,2,1.0387451648712158,1.0377249760486262,MT5_DEMO,,0.01,0.01,0.49,EXECUTABLE,OK
EURUSD,5000,1.0,LONG,LOGISTIC,ML_ONLY,0.55,2,1.0387451648712158,1.0377249760486262,MT5_DEMO,,0.01,0.01,0.49,EXECUTABLE,OK
EURUSD,5000,1.0,LONG,RF_ACTUAL,ML_ONLY,0.55,2,1.0392849445343018,1.038320689234984,MT5_DEMO,,0.01,0.01,0.51,EXECUTABLE,OK
EURUSD,5000,1.0,LONG,RF_ACTUAL,BASE_PLUS_ML,0.55,2,1.0392849445343018,1.038320689234984,MT5_DEMO,,0.01,0.01,0.51,EXECUTABLE,OK
EURUSD,5000,1.0,LONG,RF_SIMPLE,BASE_PLUS_ML,0.55,2,1.0392849445343018,1.038320689234984,MT5_DEMO,,0.01,0.01,0.51,EXECUTABLE,OK
EURUSD,5000,1.0,LONG,RF_SIMPLE,ML_ONLY,0.55,2,1.0392849445343018,1.038320689234984,MT5_DEMO,,0.01,0.01,0.51,EXECUTABLE,OK
EURUSD,5000,1.0,LONG,RF_ACTUAL,ML_ONLY,0.55,2,1.038421630859375,1.0374523686458335,MT5_DEMO,,0.01,0.01,0.51,EXECUTABLE,OK
EURUSD,5000,1.0,LONG,RF_ACTUAL,ML_ONLY,0.55,2,1.0366991758346558,1.0355707847535576,MT5_DEMO,,0.01,0.01,0.44,EXECUTABLE,OK
EURUSD,5000,1.0,LONG,LOGISTIC,ML_ONLY,0.6,2,1.0330578088760376,1.0314314076009579,MT5_DEMO,,0.01,0.01,0.3,EXECUTABLE,OK
EURUSD,5000,1.0,LONG,LOGISTIC,ML_ONLY,0.55,2,1.0330578088760376,1.0314314076009579,MT5_DEMO,,0.01,0.01,0.3,EXECUTABLE,OK
EURUSD,5000,1.0,LONG,LOGISTIC,ML_ONLY,0.65,2,1.0325244665145874,1.0306786200343245,MT5_DEMO,,0.01,0.01,0.27,EXECUTABLE,OK
EURUSD,5000,1.0,LONG,LOGISTIC,ML_ONLY,0.6,2,1.0328444242477417,1.0310237231155432,MT5_DEMO,,0.01,0.01,0.27,EXECUTABLE,OK
EURUSD,5000,1.0,LONG,LOGISTIC,ML_ONLY,0.55,2,1.0328444242477417,1.0310237231155432,MT5_DEMO,,0.01,0.01,0.27,EXECUTABLE,OK
EURUSD,5000,1.0,LONG,LOGISTIC,ML_ONLY,0.6,2,1.0302904844284058,1.0287780730057345,MT5_DEMO,,0.01,0.01,0.33,EXECUTABLE,OK
EURUSD,5000,1.0,LONG,LOGISTIC,ML_ONLY,0.55,2,1.0302904844284058,1.0287780730057345,MT5_DEMO,,0.01,0.01,0.33,EXECUTABLE,OK
EURUSD,5000,1.0,SHORT,RF_ACTUAL,ML_ONLY,0.55,2,1.0302904844284058,1.031802895851077,MT5_DEMO,,0.01,0.01,0.33,EXECUTABLE,OK
EURUSD,5000,1.0,LONG,LOGISTIC,ML_ONLY,0.65,2,1.0302904844284058,1.0287780730057345,MT5_DEMO,,0.01,0.01,0.33,EXECUTABLE,OK
EURUSD,5000,1.0,SHORT,RF_ACTUAL,BASE_PLUS_ML,0.55,2,1.0314594507217407,1.0329473303494594,MT5_DEMO,,0.01,0.01,0.33,EXECUTABLE,OK
EURUSD,5000,1.0,SHORT,RF_ACTUAL,ML_ONLY,0.55,2,1.0328444242477417,1.0341766115639222,MT5_DEMO,,0.01,0.01,0.37,EXECUTABLE,OK
EURUSD,5000,1.0,SHORT,RF_SIMPLE,ML_ONLY,0.55,2,1.0328444242477417,1.0341766115639222,MT5_DEMO,,0.01,0.01,0.37,EXECUTABLE,OK
EURUSD,5000,1.0,SHORT,RF_ACTUAL,ML_ONLY,0.6,2,1.033271312713623,1.0345769572540193,MT5_DEMO,,0.01,0.01,0.38,EXECUTABLE,OK
EURUSD,5000,1.0,LONG,RF_ACTUAL,ML_ONLY,0.55,2,1.0314594507217407,1.030193622057991,MT5_DEMO,,0.01,0.01,0.39,EXECUTABLE,OK
EURUSD,5000,1.0,SHORT,LOGISTIC,ML_ONLY,0.55,2,1.0302904844284058,1.0313478684297035,MT5_DEMO,,0.01,0.01,0.47,EXECUTABLE,OK
EURUSD,5000,1.0,LONG,RF_ACTUAL,ML_ONLY,0.55,2,1.0295480489730835,1.0285582353081928,MT5_DEMO,,0.01,0.01,0.5,EXECUTABLE,OK
EURUSD,5000,1.0,SHORT,RF_ACTUAL,ML_ONLY,0.55,2,1.0307153463363647,1.0316635551756133,MT5_DEMO,,0.01,0.01,0.52,EXECUTABLE,OK
EURUSD,5000,1.0,SHORT,RF_ACTUAL,ML_ONLY,0.6,2,1.0308215618133545,1.0317058397379615,MT5_DEMO,,0.01,0.01,0.56,EXECUTABLE,OK
EURUSD,5000,1.0,SHORT,RF_SIMPLE,ML_ONLY,0.55,2,1.0308215618133545,1.0317058397379615,MT5_DEMO,,0.01,0.01,0.56,EXECUTABLE,OK
EURUSD,5000,1.0,SHORT,LOGISTIC,ML_ONLY,0.55,2,1.0320981740951538,1.0330173966151515,MT5_DEMO,,0.01,0.01,0.54,EXECUTABLE,OK
EURUSD,5000,1.0,SHORT,RF_ACTUAL,ML_ONLY,0.55,2,1.0320981740951538,1.0330049903563552,MT5_DEMO,,0.01,0.01,0.55,EXECUTABLE,OK
EURUSD,5000,1.0,SHORT,RF_ACTUAL,ML_ONLY,0.6,2,1.031885266304016,1.0327958127418768,MT5_DEMO,,0.01,0.01,0.54,EXECUTABLE,OK
EURUSD,5000,1.0,SHORT,RF_SIMPLE,ML_ONLY,0.55,2,1.031885266304016,1.0327958127418768,MT5_DEMO,,0.01,0.01,0.54,EXECUTABLE,OK
EURUSD,5000,1.0,SHORT,RF_ACTUAL,ML_ONLY,0.55,2,1.0326311588287354,1.033509445087956,MT5_DEMO,,0.01,0.01,0.56,EXECUTABLE,OK
EURUSD,5000,1.0,SHORT,LOGISTIC,ML_ONLY,0.55,2,1.0326311588287354,1.033509445087956,MT5_DEMO,,0.01,0.01,0.56,EXECUTABLE,OK
EURUSD,5000,1.0,SHORT,RF_SIMPLE,ML_ONLY,0.55,2,1.0326311588287354,1.033509445087956,MT5_DEMO,,0.01,0.01,0.56,EXECUTABLE,OK
EURUSD,5000,1.0,SHORT,RF_ACTUAL,ML_ONLY,0.6,2,1.0335917472839355,1.0345140422141983,MT5_DEMO,,0.01,0.01,0.54,EXECUTABLE,OK
EURUSD,5000,1.0,SHORT,RF_SIMPLE,ML_ONLY,0.55,2,1.0342330932617188,1.0351887602311773,MT5_DEMO,,0.01,0.01,0.52,EXECUTABLE,OK
EURUSD,5000,1.0,SHORT,LOGISTIC,ML_ONLY,0.55,2,1.0342330932617188,1.0351887602311773,MT5_DEMO,,0.01,0.01,0.52,EXECUTABLE,OK
EURUSD,5000,1.0,SHORT,RF_ACTUAL,ML_ONLY,0.55,2,1.0342330932617188,1.0351887602311773,MT5_DEMO,,0.01,0.01,0.52,EXECUTABLE,OK
EURUSD,5000,1.0,SHORT,RF_ACTUAL,ML_ONLY,0.6,2,1.0347682237625122,1.0357397735341052,MT5_DEMO,,0.01,0.01,0.51,EXECUTABLE,OK
EURUSD,5000,1.0,SHORT,LOGISTIC,ML_ONLY,0.55,2,1.0348752737045288,1.0358080297914827,MT5_DEMO,,0.01,0.01,0.53,EXECUTABLE,OK
EURUSD,5000,1.0,SHORT,RF_SIMPLE,ML_ONLY,0.55,2,1.0348752737045288,1.0358080297914827,MT5_DEMO,,0.01,0.01,0.53,EXECUTABLE,OK
EURUSD,5000,1.0,SHORT,LOGISTIC,ML_ONLY,0.6,2,1.03616201877594,1.0372158798357958,MT5_DEMO,,0.01,0.01,0.47,EXECUTABLE,OK
EURUSD,5000,1.0,SHORT,RF_ACTUAL,ML_ONLY,0.55,2,1.03616201877594,1.0372158798357958,MT5_DEMO,,0.01,0.01,0.47,EXECUTABLE,OK
EURUSD,5000,1.0,SHORT,LOGISTIC,ML_ONLY,0.55,2,1.0364842414855957,1.0375319000238072,MT5_DEMO,,0.01,0.01,0.47,EXECUTABLE,OK
EURUSD,5000,1.0,SHORT,RF_SIMPLE,ML_ONLY,0.55,2,1.0364842414855957,1.0375319000238072,MT5_DEMO,,0.01,0.01,0.47,EXECUTABLE,OK
EURUSD,5000,1.0,SHORT,RF_SIMPLE,ML_ONLY,0.55,2,1.0366991758346558,1.0377736738818735,MT5_DEMO,,0.01,0.01,0.46,EXECUTABLE,OK
EURUSD,5000,1.0,SHORT,LOGISTIC,ML_ONLY,0.55,2,1.0366991758346558,1.0377736738818735,MT5_DEMO,,0.01,0.01,0.46,EXECUTABLE,OK
EURUSD,5000,1.0,LONG,LOGISTIC,BASE_PLUS_ML,0.55,2,1.0360547304153442,1.0350032784436995,MT5_DEMO,,0.01,0.01,0.47,EXECUTABLE,OK
EURUSD,5000,1.0,LONG,LOGISTIC,ML_ONLY,0.55,2,1.0360547304153442,1.0350032784436995,MT5_DEMO,,0.01,0.01,0.47,EXECUTABLE,OK
EURUSD,5000,1.0,LONG,LOGISTIC,ML_ONLY,0.6,2,1.0362694263458252,1.0352317278770682,MT5_DEMO,,0.01,0.01,0.48,EXECUTABLE,OK
EURUSD,5000,1.0,SHORT,RF_ACTUAL,ML_ONLY,0.55,2,1.0364842414855957,1.0375015564798953,MT5_DEMO,,0.01,0.01,0.49,EXECUTABLE,OK
EURUSD,5000,1.0,LONG,LOGISTIC,ML_ONLY,0.55,2,1.0376672744750977,1.0367551863728242,MT5_DEMO,,0.01,0.01,0.54,EXECUTABLE,OK
EURUSD,5000,1.0,SHORT,LOGISTIC,ML_ONLY,0.55,2,1.033484935760498,1.0347450541101921,MT5_DEMO,,0.01,0.01,0.39,EXECUTABLE,OK
EURUSD,5000,1.0,SHORT,LOGISTIC,ML_ONLY,0.55,2,1.0377750396728516,1.039322696151109,MT5_DEMO,,0.01,0.01,0.32,EXECUTABLE,OK
EURUSD,5000,1.0,SHORT,RF_SIMPLE,ML_ONLY,0.55,2,1.0393929481506348,1.0411221971315308,MT5_DEMO,,0.01,0.01,0.28,EXECUTABLE,OK
EURUSD,5000,1.0,SHORT,LOGISTIC,ML_ONLY,0.6,2,1.0393929481506348,1.0411221971315308,MT5_DEMO,,0.01,0.01,0.28,EXECUTABLE,OK
EURUSD,5000,1.0,SHORT,LOGISTIC,ML_ONLY,0.55,2,1.0429704189300537,1.0448316837537013,MT5_DEMO,,0.01,0.01,0.26,EXECUTABLE,OK
EURUSD,5000,1.0,SHORT,RF_ACTUAL,ML_ONLY,0.55,2,1.0429704189300537,1.0448316837537013,MT5_DEMO,,0.01,0.01,0.26,EXECUTABLE,OK
EURUSD,5000,1.0,SHORT,RF_ACTUAL,ML_ONLY,0.6,2,1.0429704189300537,1.0448316837537013,MT5_DEMO,,0.01,0.01,0.26,EXECUTABLE,OK
EURUSD,5000,1.0,SHORT,RF_SIMPLE,ML_ONLY,0.6,2,1.0429704189300537,1.0448316837537013,MT5_DEMO,,0.01,0.01,0.26,EXECUTABLE,OK
EURUSD,5000,1.0,SHORT,LOGISTIC,ML_ONLY,0.65,2,1.0429704189300537,1.0448316837537013,MT5_DEMO,,0.01,0.01,0.26,EXECUTABLE,OK
EURUSD,5000,1.0,SHORT,RF_ACTUAL,ML_ONLY,0.65,2,1.0429704189300537,1.0448316837537013,MT5_DEMO,,0.01,0.01,0.26,EXECUTABLE,OK
EURUSD,5000,1.0,SHORT,LOGISTIC,ML_ONLY,0.6,2,1.0391769409179688,1.0411994752957736,MT5_DEMO,,0.01,0.01,0.24,EXECUTABLE,OK
EURUSD,5000,1.0,LONG,RF_ACTUAL,ML_ONLY,0.55,2,1.0391769409179688,1.0371544065401639,MT5_DEMO,,0.01,0.01,0.24,EXECUTABLE,OK
EURUSD,5000,1.0,LONG,RF_ACTUAL,BASE_PLUS_ML,0.55,2,1.0391769409179688,1.0371544065401639,MT5_DEMO,,0.01,0.01,0.24,EXECUTABLE,OK
EURUSD,5000,1.0,LONG,RF_ACTUAL,ML_ONLY,0.65,2,1.0393929481506348,1.0374531726768608,MT5_DEMO,,0.01,0.01,0.25,EXECUTABLE,OK
EURUSD,5000,1.0,LONG,RF_ACTUAL,ML_ONLY,0.6,2,1.0393929481506348,1.0374531726768608,MT5_DEMO,,0.01,0.01,0.25,EXECUTABLE,OK
EURUSD,5000,1.0,SHORT,LOGISTIC,ML_ONLY,0.55,2,1.0385295152664185,1.0403436907175356,MT5_DEMO,,0.01,0.01,0.27,EXECUTABLE,OK
EURUSD,5000,1.0,LONG,RF_SIMPLE,ML_ONLY,0.55,2,1.0385295152664185,1.0367153398153013,MT5_DEMO,,0.01,0.01,0.27,EXECUTABLE,OK
EURUSD,5000,1.0,LONG,LOGISTIC,ML_ONLY,0.55,2,1.0392849445343018,1.0376723684337628,MT5_DEMO,,0.01,0.01,0.31,EXECUTABLE,OK
EURUSD,5000,1.0,LONG,RF_SIMPLE,ML_ONLY,0.6,2,1.0392849445343018,1.0376723684337628,MT5_DEMO,,0.01,0.01,0.31,EXECUTABLE,OK
EURUSD,5000,1.0,LONG,LOGISTIC,ML_ONLY,0.6,2,1.0392849445343018,1.0376723684337628,MT5_DEMO,,0.01,0.01,0.31,EXECUTABLE,OK
EURUSD,5000,1.0,LONG,RF_ACTUAL,ML_ONLY,0.55,2,1.0428615808486938,1.0414014223177162,MT5_DEMO,,0.01,0.01,0.34,EXECUTABLE,OK
EURUSD,5000,1.0,LONG,RF_SIMPLE,ML_ONLY,0.55,2,1.0416667461395264,1.0402022849836947,MT5_DEMO,,0.01,0.01,0.34,EXECUTABLE,OK
EURUSD,5000,1.0,LONG,RF_ACTUAL,ML_ONLY,0.6,2,1.0416667461395264,1.0402022849836947,MT5_DEMO,,0.01,0.01,0.34,EXECUTABLE,OK
EURUSD,5000,1.0,LONG,RF_ACTUAL,ML_ONLY,0.65,2,1.0416667461395264,1.0402022849836947,MT5_DEMO,,0.01,0.01,0.34,EXECUTABLE,OK
EURUSD,5000,1.0,LONG,LOGISTIC,ML_ONLY,0.55,2,1.0416667461395264,1.0402022849836947,MT5_DEMO,,0.01,0.01,0.34,EXECUTABLE,OK
EURUSD,5000,1.0,LONG,RF_ACTUAL,ML_ONLY,0.55,2,1.042535424232483,1.0410824820196845,MT5_DEMO,,0.01,0.01,0.34,EXECUTABLE,OK
EURUSD,5000,1.0,LONG,LOGISTIC,ML_ONLY,0.55,2,1.0392849445343018,1.0376958084008439,MT5_DEMO,,0.01,0.01,0.31,EXECUTABLE,OK
EURUSD,5000,1.0,LONG,RF_ACTUAL,ML_ONLY,0.6,2,1.0392849445343018,1.0376958084008439,MT5_DEMO,,0.01,0.01,0.31,EXECUTABLE,OK
EURUSD,5000,1.0,LONG,RF_ACTUAL,ML_ONLY,0.55,2,1.0392849445343018,1.0376958084008439,MT5_DEMO,,0.01,0.01,0.31,EXECUTABLE,OK
EURUSD,5000,1.0,LONG,RF_ACTUAL,ML_ONLY,0.65,2,1.0392849445343018,1.0376958084008439,MT5_DEMO,,0.01,0.01,0.31,EXECUTABLE,OK
EURUSD,5000,1.0,LONG,RF_SIMPLE,ML_ONLY,0.55,2,1.0392849445343018,1.0376958084008439,MT5_DEMO,,0.01,0.01,0.31,EXECUTABLE,OK
EURUSD,5000,1.0,LONG,LOGISTIC,ML_ONLY,0.6,2,1.0392849445343018,1.0376958084008439,MT5_DEMO,,0.01,0.01,0.31,EXECUTABLE,OK
EURUSD,5000,1.0,LONG,LOGISTIC,BASE_PLUS_ML,0.55,2,1.0403661727905271,1.0386861099431135,MT5_DEMO,,0.01,0.01,0.29,EXECUTABLE,OK
EURUSD,5000,1.0,SHORT,LOGISTIC,ML_ONLY,0.55,2,1.043623447418213,1.0454471882100627,MT5_DEMO,,0.01,0.01,0.27,EXECUTABLE,OK
EURUSD,5000,1.0,SHORT,RF_SIMPLE,ML_ONLY,0.55,2,1.043623447418213,1.0454471882100627,MT5_DEMO,,0.01,0.01,0.27,EXECUTABLE,OK
