ACTIVO,DIRECCION,MODELO,FOLD,N_TRAIN,N_TEST,TRAIN_FECHA_INICIAL,TRAIN_FECHA_FINAL,TEST_FECHA_INICIAL,TEST_FECHA_FINAL,EMBARGO_BARS,ERROR,ROC_AUC,ACCURACY,PRECISION,RECALL,F1
EURUSD,LONG,LOGISTIC,1,1978,2002,2024-10-08 09:00:00+01:00,2025-02-04 08:00:00+00:00,2025-02-05 09:00:00+00:00,2025-06-04 12:00:00+01:00,24,,0.5486008438599677,0.5574425574425574,0.4002463054187192,0.4488950276243094,0.4231770833333333
EURUSD,LONG,RF_SIMPLE,1,1978,2002,2024-10-08 09:00:00+01:00,2025-02-04 08:00:00+00:00,2025-02-05 09:00:00+00:00,2025-06-04 12:00:00+01:00,24,,0.5200508607198747,0.5394605394605395,0.375,0.4102209944751381,0.391820580474934
EURUSD,LONG,RF_ACTUAL,1,1978,2002,2024-10-08 09:00:00+01:00,2025-02-04 08:00:00+00:00,2025-02-05 09:00:00+00:00,2025-06-04 12:00:00+01:00,24,,0.5171776515446269,0.5644355644355644,0.38685015290519875,0.3494475138121547,0.3671988388969521
EURUSD,LONG,LOGISTIC,2,3980,2002,2024-10-08 09:00:00+01:00,2025-06-03 12:00:00+01:00,2025-06-04 13:00:00+01:00,2025-10-01 11:00:00+01:00,24,,0.47257763094510064,0.5384615384615384,0.288135593220339,0.288135593220339,0.288135593220339
EURUSD,LONG,RF_SIMPLE,2,3980,2002,2024-10-08 09:00:00+01:00,2025-06-03 12:00:00+01:00,2025-06-04 13:00:00+01:00,2025-10-01 11:00:00+01:00,24,,0.5268301793537616,0.5974025974025974,0.3126491646778043,0.20184899845916796,0.24531835205992508
EURUSD,LONG,RF_ACTUAL,2,3980,2002,2024-10-08 09:00:00+01:00,2025-06-03 12:00:00+01:00,2025-06-04 13:00:00+01:00,2025-10-01 11:00:00+01:00,24,,0.5209526965699689,0.5824175824175825,0.3118712273641851,0.23882896764252695,0.2705061082024433
EURUSD,LONG,LOGISTIC,3,5982,2002,2024-10-08 09:00:00+01:00,2025-09-30 11:00:00+01:00,2025-10-01 12:00:00+01:00,2026-01-29 06:00:00+00:00,24,,0.498369065368774,0.6223776223776224,0.32710280373831774,0.16279069767441862,0.21739130434782608
EURUSD,LONG,RF_SIMPLE,3,5982,2002,2024-10-08 09:00:00+01:00,2025-09-30 11:00:00+01:00,2025-10-01 12:00:00+01:00,2026-01-29 06:00:00+00:00,24,,0.5181996309689065,0.6093906093906094,0.29673590504451036,0.15503875968992248,0.20366598778004075
EURUSD,LONG,RF_ACTUAL,3,5982,2002,2024-10-08 09:00:00+01:00,2025-09-30 11:00:00+01:00,2025-10-01 12:00:00+01:00,2026-01-29 06:00:00+00:00,24,,0.5273488600595247,0.5929070929070929,0.29952830188679247,0.19689922480620156,0.23760523854069224
EURUSD,LONG,LOGISTIC,4,7984,2002,2024-10-08 09:00:00+01:00,2026-01-28 06:00:00+00:00,2026-01-29 07:00:00+00:00,2026-05-29 21:00:00+01:00,24,,0.4734244648071547,0.5124875124875125,0.24654088050314465,0.34205933682373474,0.28654970760233917
EURUSD,LONG,RF_SIMPLE,4,7984,2002,2024-10-08 09:00:00+01:00,2026-01-28 06:00:00+00:00,2026-01-29 07:00:00+00:00,2026-05-29 21:00:00+01:00,24,,0.5358743162391597,0.5599400599400599,0.3131067961165049,0.450261780104712,0.3693629205440229
EURUSD,LONG,RF_ACTUAL,4,7984,2002,2024-10-08 09:00:00+01:00,2026-01-28 06:00:00+00:00,2026-01-29 07:00:00+00:00,2026-05-29 21:00:00+01:00,24,,0.5332485769103474,0.5424575424575424,0.30665163472378804,0.47469458987783597,0.3726027397260274
EURUSD,LONG,LOGISTIC,5,9986,2003,2024-10-08 09:00:00+01:00,2026-05-28 21:00:00+01:00,2026-05-29 22:00:00+01:00,2026-09-25 19:00:00+01:00,24,,0.4796241614904078,0.5866200698951572,0.3577075098814229,0.2646198830409357,0.3042016806722689
EURUSD,LONG,RF_SIMPLE,5,9986,2003,2024-10-08 09:00:00+01:00,2026-05-28 21:00:00+01:00,2026-05-29 22:00:00+01:00,2026-09-25 19:00:00+01:00,24,,0.4695310109998271,0.5336994508237644,0.3188405797101449,0.3216374269005848,0.32023289665211063
EURUSD,LONG,RF_ACTUAL,5,9986,2003,2024-10-08 09:00:00+01:00,2026-05-28 21:00:00+01:00,2026-05-29 22:00:00+01:00,2026-09-25 19:00:00+01:00,24,,0.4691596947891589,0.5187219171243135,0.3071625344352617,0.3260233918128655,0.31631205673758866
EURUSD,SHORT,LOGISTIC,1,1969,1993,2024-10-08 09:00:00+01:00,2025-02-04 09:00:00+00:00,2025-02-05 10:00:00+00:00,2025-06-04 08:00:00+01:00,24,,0.573851399856425,0.5765178123432012,0.36261261261261263,0.5366666666666666,0.4327956989247312
EURUSD,SHORT,RF_SIMPLE,1,1969,1993,2024-10-08 09:00:00+01:00,2025-02-04 09:00:00+00:00,2025-02-05 10:00:00+00:00,2025-06-04 08:00:00+01:00,24,,0.5361133046183297,0.5338685398896137,0.33093525179856115,0.5366666666666666,0.4094087730451367
EURUSD,SHORT,RF_ACTUAL,1,1969,1993,2024-10-08 09:00:00+01:00,2025-02-04 09:00:00+00:00,2025-02-05 10:00:00+00:00,2025-06-04 08:00:00+01:00,24,,0.5143586982531707,0.5163070747616658,0.2878787878787879,0.4116666666666667,0.3388203017832647
EURUSD,SHORT,LOGISTIC,2,3962,1993,2024-10-08 09:00:00+01:00,2025-06-03 08:00:00+01:00,2025-06-04 09:00:00+01:00,2025-10-01 01:00:00+01:00,24,,0.5122459203140226,0.45509282488710484,0.32940251572327045,0.6426380368098159,0.43555093555093555
EURUSD,SHORT,RF_SIMPLE,2,3962,1993,2024-10-08 09:00:00+01:00,2025-06-03 08:00:00+01:00,2025-06-04 09:00:00+01:00,2025-10-01 01:00:00+01:00,24,,0.5422208039966512,0.4490717511289513,0.3367496339677892,0.7055214723926381,0.45589692765113976
EURUSD,SHORT,RF_ACTUAL,2,3962,1993,2024-10-08 09:00:00+01:00,2025-06-03 08:00:00+01:00,2025-06-04 09:00:00+01:00,2025-10-01 01:00:00+01:00,24,,0.5239439938147066,0.47616658304064224,0.34469096671949284,0.6671779141104295,0.45454545454545453
EURUSD,SHORT,LOGISTIC,3,5955,1993,2024-10-08 09:00:00+01:00,2025-09-30 01:00:00+01:00,2025-10-01 02:00:00+01:00,2026-01-29 01:00:00+00:00,24,,0.4907039205053693,0.34771700953336676,0.3107183580387685,0.8569182389937107,0.4560669456066946
EURUSD,SHORT,RF_SIMPLE,3,5955,1993,2024-10-08 09:00:00+01:00,2025-09-30 01:00:00+01:00,2025-10-01 02:00:00+01:00,2026-01-29 01:00:00+00:00,24,,0.5215317269411345,0.4244856999498244,0.32724814063556457,0.7610062893081762,0.45768321513002364
EURUSD,SHORT,RF_ACTUAL,3,5955,1993,2024-10-08 09:00:00+01:00,2025-09-30 01:00:00+01:00,2025-10-01 02:00:00+01:00,2026-01-29 01:00:00+00:00,24,,0.5168576169222712,0.44656297039638737,0.32270311313591493,0.6682389937106918,0.4352278545826933
EURUSD,SHORT,LOGISTIC,4,7948,1993,2024-10-08 09:00:00+01:00,2026-01-28 01:00:00+00:00,2026-01-29 02:00:00+00:00,2026-05-29 18:00:00+01:00,24,,0.511710633808706,0.47365780230807825,0.3778688524590164,0.6138482023968043,0.46778285134449515
EURUSD,SHORT,RF_SIMPLE,4,7948,1993,2024-10-08 09:00:00+01:00,2026-01-28 01:00:00+00:00,2026-01-29 02:00:00+00:00,2026-05-29 18:00:00+01:00,24,,0.5700236506986927,0.5168088309081786,0.41254125412541254,0.6657789613848203,0.5094243504839532
EURUSD,SHORT,RF_ACTUAL,4,7948,1993,2024-10-08 09:00:00+01:00,2026-01-28 01:00:00+00:00,2026-01-29 02:00:00+00:00,2026-05-29 18:00:00+01:00,24,,0.5582218877245798,0.557451078775715,0.4258210645526614,0.5006657789613849,0.4602203182374541
EURUSD,SHORT,LOGISTIC,5,9941,1996,2024-10-08 09:00:00+01:00,2026-05-28 18:00:00+01:00,2026-05-29 19:00:00+01:00,2026-09-25 18:00:00+01:00,24,,0.4992623986216562,0.41082164328657317,0.34957369062119364,0.841642228739003,0.4939759036144578
EURUSD,SHORT,RF_SIMPLE,5,9941,1996,2024-10-08 09:00:00+01:00,2026-05-28 18:00:00+01:00,2026-05-29 19:00:00+01:00,2026-09-25 18:00:00+01:00,24,,0.47831050228310507,0.4273547094188377,0.34845496383957925,0.7771260997067448,0.4811620517476169
EURUSD,SHORT,RF_ACTUAL,5,9941,1996,2024-10-08 09:00:00+01:00,2026-05-28 18:00:00+01:00,2026-05-29 19:00:00+01:00,2026-09-25 18:00:00+01:00,24,,0.4522411476675728,0.4514028056112224,0.3068288119738073,0.4809384164222874,0.3746430611079383
