ACTIVO,DIRECCION,MODELO,FOLD,N_TRAIN,N_TEST,TRAIN_FECHA_INICIAL,TRAIN_FECHA_FINAL,TEST_FECHA_INICIAL,TEST_FECHA_FINAL,EMBARGO_VELAS,PREVALENCIA_POSITIVA,BASELINE_ACCURACY,ROC AUC,Accuracy,Precision,Recall,F1,ERROR
GBPUSD,SHORT,RF_ACTUAL,1,1972,1996,2024-10-08 09:00:00+01:00,2025-02-04 06:00:00+00:00,2025-02-05 07:00:00+00:00,2025-06-04 01:00:00+01:00,24,0.29158316633266534,0.7084168336673347,0.5041655122802413,0.5756513026052105,0.29709035222052066,0.3333333333333333,0.31417004048582997,
GBPUSD,SHORT,RF_SIMPLE,1,1972,1996,2024-10-08 09:00:00+01:00,2025-02-04 06:00:00+00:00,2025-02-05 07:00:00+00:00,2025-06-04 01:00:00+01:00,24,0.29158316633266534,0.7084168336673347,0.5151698527732008,0.5836673346693386,0.3203463203463203,0.38144329896907214,0.34823529411764703,
GBPUSD,SHORT,LOGISTIC,1,1972,1996,2024-10-08 09:00:00+01:00,2025-02-04 06:00:00+00:00,2025-02-05 07:00:00+00:00,2025-06-04 01:00:00+01:00,24,0.29158316633266534,0.7084168336673347,0.48749617229764214,0.5866733466933868,0.2786885245901639,0.26288659793814434,0.27055702917771884,
GBPUSD,SHORT,RF_ACTUAL,2,3968,1996,2024-10-08 09:00:00+01:00,2025-06-03 01:00:00+01:00,2025-06-04 02:00:00+01:00,2025-09-30 17:00:00+01:00,24,0.3316633266533066,0.6683366733466933,0.48797882025754497,0.499498997995992,0.323189926547744,0.4652567975830816,0.3814241486068111,
GBPUSD,SHORT,RF_SIMPLE,2,3968,1996,2024-10-08 09:00:00+01:00,2025-06-03 01:00:00+01:00,2025-06-04 02:00:00+01:00,2025-09-30 17:00:00+01:00,24,0.3316633266533066,0.6683366733466933,0.49310276885726323,0.4544088176352705,0.3164230438521066,0.5558912386706949,0.40328767123287673,
GBPUSD,SHORT,LOGISTIC,2,3968,1996,2024-10-08 09:00:00+01:00,2025-06-03 01:00:00+01:00,2025-06-04 02:00:00+01:00,2025-09-30 17:00:00+01:00,24,0.3316633266533066,0.6683366733466933,0.5243616862263732,0.4754509018036072,0.35019455252918286,0.6797583081570997,0.4622496147919877,
GBPUSD,SHORT,RF_ACTUAL,3,5964,1996,2024-10-08 09:00:00+01:00,2025-09-29 17:00:00+01:00,2025-09-30 18:00:00+01:00,2026-01-28 17:00:00+00:00,24,0.3411823647294589,0.658817635270541,0.4717520086207378,0.46593186372745493,0.322253000923361,0.5124816446402349,0.3956916099773243,
GBPUSD,SHORT,RF_SIMPLE,3,5964,1996,2024-10-08 09:00:00+01:00,2025-09-29 17:00:00+01:00,2025-09-30 18:00:00+01:00,2026-01-28 17:00:00+00:00,24,0.3411823647294589,0.658817635270541,0.49363438915037716,0.4624248496993988,0.3313253012048193,0.5653450807635829,0.41779706999457406,
GBPUSD,SHORT,LOGISTIC,3,5964,1996,2024-10-08 09:00:00+01:00,2025-09-29 17:00:00+01:00,2025-09-30 18:00:00+01:00,2026-01-28 17:00:00+00:00,24,0.3411823647294589,0.658817635270541,0.5418736704577813,0.46893787575150303,0.36117216117216117,0.723935389133627,0.48191593352883677,
GBPUSD,SHORT,RF_ACTUAL,4,7960,1996,2024-10-08 09:00:00+01:00,2026-01-27 17:00:00+00:00,2026-01-28 18:00:00+00:00,2026-05-29 05:00:00+01:00,24,0.3557114228456914,0.6442885771543087,0.5115085536547433,0.5245490981963928,0.35924617196702,0.4295774647887324,0.39127645926876203,
GBPUSD,SHORT,RF_SIMPLE,4,7960,1996,2024-10-08 09:00:00+01:00,2026-01-27 17:00:00+00:00,2026-01-28 18:00:00+00:00,2026-05-29 05:00:00+01:00,24,0.3557114228456914,0.6442885771543087,0.5183952861805358,0.5245490981963928,0.3655793025871766,0.45774647887323944,0.4065040650406504,
GBPUSD,SHORT,LOGISTIC,4,7960,1996,2024-10-08 09:00:00+01:00,2026-01-27 17:00:00+00:00,2026-01-28 18:00:00+00:00,2026-05-29 05:00:00+01:00,24,0.3557114228456914,0.6442885771543087,0.5135664687972312,0.5055110220440882,0.36720997123681687,0.5394366197183098,0.4369652025099829,
GBPUSD,SHORT,RF_ACTUAL,5,9956,2000,2024-10-08 09:00:00+01:00,2026-05-28 05:00:00+01:00,2026-05-29 06:00:00+01:00,2026-09-25 18:00:00+01:00,24,0.347,0.653,0.4838475491083053,0.43,0.3436185133239832,0.7060518731988472,0.46226415094339623,
GBPUSD,SHORT,RF_SIMPLE,5,9956,2000,2024-10-08 09:00:00+01:00,2026-05-28 05:00:00+01:00,2026-05-29 06:00:00+01:00,2026-09-25 18:00:00+01:00,24,0.347,0.653,0.4865164547576911,0.3875,0.33600988264360715,0.7838616714697406,0.47038478166882836,
GBPUSD,SHORT,LOGISTIC,5,9956,2000,2024-10-08 09:00:00+01:00,2026-05-28 05:00:00+01:00,2026-05-29 06:00:00+01:00,2026-09-25 18:00:00+01:00,24,0.347,0.653,0.49308335282513427,0.3985,0.3410368519675203,0.7867435158501441,0.47581699346405226,
