CONFIG_ID,ACTIVO,DIRECCION,MODELO,SISTEMA,THRESHOLD,FECHA_SIGNAL,SIGNAL,PROBABILIDAD,CONDICION_TECNICA,CLOSE,RSI,ATR,EMA20,EMA50,EMA200
GOLD_LONG_LOGISTIC_BASE_PLUS_ML_T060,GOLD,LONG,LOGISTIC,BASE_PLUS_ML,0.6,2026-09-27T22:00:00,WAIT,0.49602859342487476,False,4293.7001953125,39.8226781020319,17.141964245560395,4318.366671479824,4322.555397092031,4357.540618954382
GOLD_LONG_LOGISTIC_BASE_PLUS_ML_T055,GOLD,LONG,LOGISTIC,BASE_PLUS_ML,0.55,2026-09-27T22:00:00,WAIT,0.49602859342487476,False,4293.7001953125,39.8226781020319,17.141964245560395,4318.366671479824,4322.555397092031,4357.540618954382
GOLD_LONG_LOGISTIC_BASE_PLUS_ML_T060,GOLD,LONG,LOGISTIC,BASE_PLUS_ML,0.6,2026-09-27T23:00:00,WAIT,0.4883073563200343,False,4295.2998046875,40.51855644487371,16.538980750341796,4316.212910923639,4321.505389239182,4356.9262329902895
GOLD_LONG_LOGISTIC_BASE_PLUS_ML_T055,GOLD,LONG,LOGISTIC,BASE_PLUS_ML,0.55,2026-09-27T23:00:00,WAIT,0.4883073563200343,False,4295.2998046875,40.51855644487371,16.538980750341796,4316.212910923639,4321.505389239182,4356.9262329902895
GOLD_LONG_LOGISTIC_BASE_PLUS_ML_T060,GOLD,LONG,LOGISTIC,BASE_PLUS_ML,0.6,2026-09-28T00:00:00,WAIT,0.5135028576699178,False,4267.5,32.36549652204094,17.80049607621024,4311.513293857924,4319.361167404711,4356.029526743897
GOLD_LONG_LOGISTIC_BASE_PLUS_ML_T055,GOLD,LONG,LOGISTIC,BASE_PLUS_ML,0.55,2026-09-28T00:00:00,WAIT,0.5135028576699178,False,4267.5,32.36549652204094,17.80049607621024,4311.513293857924,4319.361167404711,4356.029526743897
GOLD_LONG_LOGISTIC_BASE_PLUS_ML_T060,GOLD,LONG,LOGISTIC,BASE_PLUS_ML,0.6,2026-09-28T01:00:00,WAIT,0.4982517365016975,False,4249.39990234375,28.43542827140692,18.398434275007723,4305.347854554845,4316.508326395135,4354.939967818581
GOLD_LONG_LOGISTIC_BASE_PLUS_ML_T055,GOLD,LONG,LOGISTIC,BASE_PLUS_ML,0.55,2026-09-28T01:00:00,WAIT,0.4982517365016975,False,4249.39990234375,28.43542827140692,18.398434275007723,4305.347854554845,4316.508326395135,4354.939967818581
GOLD_LONG_LOGISTIC_BASE_PLUS_ML_T060,GOLD,LONG,LOGISTIC,BASE_PLUS_ML,0.6,2026-09-28T02:00:00,WAIT,0.5086354072245566,False,4229.89990234375,24.888491449008768,18.76998165938217,4298.162335296645,4313.111917608806,4353.69610732666
GOLD_LONG_LOGISTIC_BASE_PLUS_ML_T060,GOLD,LONG,LOGISTIC,BASE_PLUS_ML,0.6,2026-09-28T03:00:00,WAIT,0.4917346542457265,False,4230.5,25.197720660894163,18.279261708265587,4291.718303363631,4309.872234565323,4352.470275412962
GOLD_LONG_LOGISTIC_BASE_PLUS_ML_T060,GOLD,LONG,LOGISTIC,BASE_PLUS_ML,0.6,2026-09-28T04:00:00,WAIT,0.5072130480990467,False,4227.39990234375,24.633513598046136,17.423621084014474,4285.592741361737,4306.638025458596,4351.22579408889
GOLD_LONG_LOGISTIC_BASE_PLUS_ML_T060,GOLD,LONG,LOGISTIC,BASE_PLUS_ML,0.6,2026-09-28T05:00:00,WAIT,0.5118296275994445,False,4212.10009765625,22.013726369475847,17.57908369631701,4278.593441961215,4302.930655740856,4349.841458801004
GOLD_LONG_LOGISTIC_BASE_PLUS_ML_T060,GOLD,LONG,LOGISTIC,BASE_PLUS_ML,0.6,2026-09-28T06:00:00,WAIT,0.5128249522406919,False,4196.7001953125,19.73828411672875,17.716292003722938,4270.794085137528,4298.764755331901,4348.317665134451
GOLD_LONG_LOGISTIC_BASE_PLUS_ML_T060,GOLD,LONG,LOGISTIC,BASE_PLUS_ML,0.6,2026-09-28T07:00:00,WAIT,0.5032743273881277,False,4187.5,18.507494969599776,17.579400052564157,4262.86131512443,4294.4014315933955,4346.7174893619695
GOLD_LONG_LOGISTIC_BASE_PLUS_ML_T060,GOLD,LONG,LOGISTIC,BASE_PLUS_ML,0.6,2026-09-28T08:00:00,WAIT,0.5071973716751783,False,4176.7998046875,17.166762858238556,17.502300048809577,4254.664980797103,4289.789603087282,4345.026766131378
GOLD_LONG_LOGISTIC_BASE_PLUS_ML_T060,GOLD,LONG,LOGISTIC,BASE_PLUS_ML,0.6,2026-09-28T09:00:00,WAIT,0.5044277926730589,False,4188.10009765625,23.471946225230283,17.48783609443032,4248.325468117022,4285.801779344889,4343.4653067435665
GOLD_LONG_LOGISTIC_BASE_PLUS_ML_T060,GOLD,LONG,LOGISTIC,BASE_PLUS_ML,0.6,2026-09-28T10:00:00,WAIT,0.5069366385971231,False,4187.5,23.370210701294198,16.795833851078154,4242.532566391591,4281.946807605874,4341.913413144129
GOLD_LONG_LOGISTIC_BASE_PLUS_ML_T060,GOLD,LONG,LOGISTIC,BASE_PLUS_ML,0.6,2026-09-28T11:00:00,WAIT,0.4926431041740232,False,4181.0,22.245497588643914,16.55326731484043,4236.672321973345,4277.988109268389,4340.312284655132
GOLD_LONG_LOGISTIC_BASE_PLUS_ML_T055,GOLD,LONG,LOGISTIC,BASE_PLUS_ML,0.55,2026-09-28T02:00:00,WAIT,0.5086354072245566,False,4229.89990234375,24.888491449008768,18.76998165938217,4298.162335296645,4313.111917608806,4353.69610732666
GOLD_LONG_LOGISTIC_BASE_PLUS_ML_T055,GOLD,LONG,LOGISTIC,BASE_PLUS_ML,0.55,2026-09-28T03:00:00,WAIT,0.4917346542457265,False,4230.5,25.197720660894163,18.279261708265587,4291.718303363631,4309.872234565323,4352.470275412962
GOLD_LONG_LOGISTIC_BASE_PLUS_ML_T055,GOLD,LONG,LOGISTIC,BASE_PLUS_ML,0.55,2026-09-28T04:00:00,WAIT,0.5072130480990467,False,4227.39990234375,24.633513598046136,17.423621084014474,4285.592741361737,4306.638025458596,4351.22579408889
GOLD_LONG_LOGISTIC_BASE_PLUS_ML_T055,GOLD,LONG,LOGISTIC,BASE_PLUS_ML,0.55,2026-09-28T05:00:00,WAIT,0.5118296275994445,False,4212.10009765625,22.013726369475847,17.57908369631701,4278.593441961215,4302.930655740856,4349.841458801004
GOLD_LONG_LOGISTIC_BASE_PLUS_ML_T055,GOLD,LONG,LOGISTIC,BASE_PLUS_ML,0.55,2026-09-28T06:00:00,WAIT,0.5128249522406919,False,4196.7001953125,19.73828411672875,17.716292003722938,4270.794085137528,4298.764755331901,4348.317665134451
GOLD_LONG_LOGISTIC_BASE_PLUS_ML_T055,GOLD,LONG,LOGISTIC,BASE_PLUS_ML,0.55,2026-09-28T07:00:00,WAIT,0.5032743273881277,False,4187.5,18.507494969599776,17.579400052564157,4262.86131512443,4294.4014315933955,4346.7174893619695
GOLD_LONG_LOGISTIC_BASE_PLUS_ML_T055,GOLD,LONG,LOGISTIC,BASE_PLUS_ML,0.55,2026-09-28T08:00:00,WAIT,0.5071973716751783,False,4176.7998046875,17.166762858238556,17.502300048809577,4254.664980797103,4289.789603087282,4345.026766131378
GOLD_LONG_LOGISTIC_BASE_PLUS_ML_T055,GOLD,LONG,LOGISTIC,BASE_PLUS_ML,0.55,2026-09-28T09:00:00,WAIT,0.5044277926730589,False,4188.10009765625,23.471946225230283,17.48783609443032,4248.325468117022,4285.801779344889,4343.4653067435665
GOLD_LONG_LOGISTIC_BASE_PLUS_ML_T055,GOLD,LONG,LOGISTIC,BASE_PLUS_ML,0.55,2026-09-28T10:00:00,WAIT,0.5069366385971231,False,4187.5,23.370210701294198,16.795833851078154,4242.532566391591,4281.946807605874,4341.913413144129
GOLD_LONG_LOGISTIC_BASE_PLUS_ML_T055,GOLD,LONG,LOGISTIC,BASE_PLUS_ML,0.55,2026-09-28T11:00:00,WAIT,0.4926431041740232,False,4181.0,22.245497588643914,16.55326731484043,4236.672321973345,4277.988109268389,4340.312284655132
GOLD_LONG_LOGISTIC_BASE_PLUS_ML_T060,GOLD,LONG,LOGISTIC,BASE_PLUS_ML,0.6,2026-09-28T12:00:00,WAIT,0.4464964500584853,False,4186.39990234375,25.45512169451412,17.428019984316112,4231.884472484812,4274.396414879187,4338.781303695504
GOLD_LONG_LOGISTIC_BASE_PLUS_ML_T060,GOLD,LONG,LOGISTIC,BASE_PLUS_ML,0.6,2026-09-28T13:00:00,WAIT,0.44874288725897055,False,4189.10009765625,27.076155747429226,17.983175364900678,4227.809770120188,4271.051461262602,4337.291938461282
GOLD_LONG_LOGISTIC_BASE_PLUS_ML_T060,GOLD,LONG,LOGISTIC,BASE_PLUS_ML,0.6,2026-09-28T14:00:00,WAIT,0.504825943407388,False,4150.7001953125,20.311613934816208,19.998641912497057,4220.466001090885,4266.331803774363,4335.435304201096
GOLD_LONG_LOGISTIC_BASE_PLUS_ML_T060,GOLD,LONG,LOGISTIC,BASE_PLUS_ML,0.6,2026-09-28T15:00:00,WAIT,0.5008785994859792,False,4156.39990234375,23.371795050528007,19.513003706693695,4214.3644678768715,4262.0207488163,4333.653857416446
GOLD_LONG_LOGISTIC_BASE_PLUS_ML_T060,GOLD,LONG,LOGISTIC,BASE_PLUS_ML,0.6,2026-09-28T16:00:00,WAIT,0.44519332431599906,False,4162.39990234375,26.568608249949364,20.43349646648343,4209.415461635622,4258.114048954631,4331.949837962987
GOLD_LONG_LOGISTIC_BASE_PLUS_ML_T060,GOLD,LONG,LOGISTIC,BASE_PLUS_ML,0.6,2026-09-28T17:00:00,WAIT,0.4761418599621721,False,4167.2998046875,29.16746447065711,20.466811172002473,4205.404446688181,4254.552706042194,4330.311529174176
GOLD_LONG_LOGISTIC_BASE_PLUS_ML_T060,GOLD,LONG,LOGISTIC,BASE_PLUS_ML,0.6,2026-09-28T18:00:00,WAIT,0.5010462480960938,False,4172.0,31.665805593254973,19.804875161948726,4202.2230708131165,4251.315345020931,4328.736290077915
GOLD_LONG_LOGISTIC_BASE_PLUS_ML_T060,GOLD,LONG,LOGISTIC,BASE_PLUS_ML,0.6,2026-09-28T19:00:00,WAIT,0.5167080764957619,False,4156.2998046875,28.100426646837036,19.618791724041674,4197.849426420201,4247.589245400012,4327.020504153633
GOLD_LONG_LOGISTIC_BASE_PLUS_ML_T060,GOLD,LONG,LOGISTIC,BASE_PLUS_ML,0.6,2026-09-28T20:00:00,WAIT,0.5136315652559538,False,4148.5,26.50385796475379,19.12457138884227,4193.149481046848,4243.703392639228,4325.244180729219
GOLD_LONG_LOGISTIC_BASE_PLUS_ML_T060,GOLD,LONG,LOGISTIC,BASE_PLUS_ML,0.6,2026-09-28T22:00:00,WAIT,0.5239409114837883,False,4154.10009765625,29.596744513756533,18.572844191424963,4189.430492152505,4240.189537934013,4323.5412545294885
GOLD_LONG_LOGISTIC_BASE_PLUS_ML_T060,GOLD,LONG,LOGISTIC,BASE_PLUS_ML,0.6,2026-09-28T23:00:00,WAIT,0.5440327743758887,False,4159.60009765625,32.596816188985414,17.81049120230532,4186.589502200481,4237.029167727042,4321.909999237218
GOLD_LONG_LOGISTIC_BASE_PLUS_ML_T060,GOLD,LONG,LOGISTIC,BASE_PLUS_ML,0.6,2026-09-29T00:00:00,WAIT,0.5166800854686339,False,4150.0,30.179422114188696,17.545428214640655,4183.104787705197,4233.616259188726,4320.199451981126
GOLD_LONG_LOGISTIC_BASE_PLUS_ML_T060,GOLD,LONG,LOGISTIC,BASE_PLUS_ML,0.6,2026-09-29T01:00:00,WAIT,0.5088876535965746,False,4166.89990234375,38.78575247124957,17.963604938148467,4181.561465289821,4230.999931469315,4318.674083328017
GOLD_LONG_LOGISTIC_BASE_PLUS_ML_T060,GOLD,LONG,LOGISTIC,BASE_PLUS_ML,0.6,2026-09-29T02:00:00,WAIT,0.5077352320589603,False,4168.7001953125,39.63930931303264,17.601946772923576,4180.336582434838,4228.556804561204,4317.181805835326
GOLD_LONG_LOGISTIC_BASE_PLUS_ML_T060,GOLD,LONG,LOGISTIC,BASE_PLUS_ML,0.6,2026-09-29T03:00:00,WAIT,0.5244221124875668,False,4164.10009765625,38.17456253629078,16.987522003429035,4178.790250551163,4226.029090564932,4315.658604758917
GOLD_LONG_LOGISTIC_BASE_PLUS_ML_T060,GOLD,LONG,LOGISTIC,BASE_PLUS_ML,0.6,2026-09-29T04:00:00,WAIT,0.5287003154497263,False,4158.2001953125,36.32079905725964,16.466998668362674,4176.829292909386,4223.369133888366,4314.091854416167
GOLD_LONG_LOGISTIC_BASE_PLUS_ML_T060,GOLD,LONG,LOGISTIC,BASE_PLUS_ML,0.6,2026-09-29T05:00:00,WAIT,0.5219681735792815,False,4169.89990234375,42.304090078208375,16.94079145321177,4176.169350950754,4221.272301278774,4312.657108624401
GOLD_LONG_LOGISTIC_BASE_PLUS_ML_T060,GOLD,LONG,LOGISTIC,BASE_PLUS_ML,0.6,2026-09-29T06:00:00,WAIT,0.53649167797696,False,4171.7001953125,43.188656527947224,16.4236060145895,4175.743717080444,4219.328297123234,4311.254552273039
GOLD_LONG_LOGISTIC_BASE_PLUS_ML_T060,GOLD,LONG,LOGISTIC,BASE_PLUS_ML,0.6,2026-09-29T07:00:00,WAIT,0.5210908572290356,False,4172.39990234375,43.550899690576884,16.214777013547394,4175.425258534092,4217.487967916195,4309.872913965285
GOLD_LONG_LOGISTIC_BASE_PLUS_ML_T060,GOLD,LONG,LOGISTIC,BASE_PLUS_ML,0.6,2026-09-29T08:00:00,WAIT,0.5342423712669765,False,4171.60009765625,43.211728336844246,15.706550753651152,4175.060957498107,4215.688443592276,4308.497065046788
GOLD_LONG_LOGISTIC_BASE_PLUS_ML_T060,GOLD,LONG,LOGISTIC,BASE_PLUS_ML,0.6,2026-09-29T09:00:00,WAIT,0.5558892552988491,False,4178.0,46.78318201722445,15.3346542712475,4175.340866307811,4214.210465412187,4307.198586787616
GOLD_LONG_LOGISTIC_BASE_PLUS_ML_T060,GOLD,LONG,LOGISTIC,BASE_PLUS_ML,0.6,2026-09-29T10:00:00,WAIT,0.5663762771626109,False,4185.60009765625,50.74476937057404,15.053600562140534,4176.3179359600435,4213.088490206072,4305.988651572378
GOLD_LONG_LOGISTIC_BASE_PLUS_ML_T060,GOLD,LONG,LOGISTIC,BASE_PLUS_ML,0.6,2026-09-29T11:00:00,WAIT,0.5567086084408918,False,4185.7001953125,50.79672155273323,14.821186571094783,4177.211484469801,4212.014439425931,4304.791751510091
GOLD_LONG_LOGISTIC_BASE_PLUS_ML_T055,GOLD,LONG,LOGISTIC,BASE_PLUS_ML,0.55,2026-09-28T12:00:00,WAIT,0.4464964500584853,False,4186.39990234375,25.45512169451412,17.428019984316112,4231.884472484812,4274.396414879187,4338.781303695504
GOLD_LONG_LOGISTIC_BASE_PLUS_ML_T055,GOLD,LONG,LOGISTIC,BASE_PLUS_ML,0.55,2026-09-28T13:00:00,WAIT,0.44874288725897055,False,4189.10009765625,27.076155747429226,17.983175364900678,4227.809770120188,4271.051461262602,4337.291938461282
GOLD_LONG_LOGISTIC_BASE_PLUS_ML_T055,GOLD,LONG,LOGISTIC,BASE_PLUS_ML,0.55,2026-09-28T14:00:00,WAIT,0.504825943407388,False,4150.7001953125,20.311613934816208,19.998641912497057,4220.466001090885,4266.331803774363,4335.435304201096
GOLD_LONG_LOGISTIC_BASE_PLUS_ML_T055,GOLD,LONG,LOGISTIC,BASE_PLUS_ML,0.55,2026-09-28T15:00:00,WAIT,0.5008785994859792,False,4156.39990234375,23.371795050528007,19.513003706693695,4214.3644678768715,4262.0207488163,4333.653857416446
GOLD_LONG_LOGISTIC_BASE_PLUS_ML_T055,GOLD,LONG,LOGISTIC,BASE_PLUS_ML,0.55,2026-09-28T16:00:00,WAIT,0.44519332431599906,False,4162.39990234375,26.568608249949364,20.43349646648343,4209.415461635622,4258.114048954631,4331.949837962987
GOLD_LONG_LOGISTIC_BASE_PLUS_ML_T055,GOLD,LONG,LOGISTIC,BASE_PLUS_ML,0.55,2026-09-28T17:00:00,WAIT,0.4761418599621721,False,4167.2998046875,29.16746447065711,20.466811172002473,4205.404446688181,4254.552706042194,4330.311529174176
GOLD_LONG_LOGISTIC_BASE_PLUS_ML_T055,GOLD,LONG,LOGISTIC,BASE_PLUS_ML,0.55,2026-09-28T18:00:00,WAIT,0.5010462480960938,False,4172.0,31.665805593254973,19.804875161948726,4202.2230708131165,4251.315345020931,4328.736290077915
GOLD_LONG_LOGISTIC_BASE_PLUS_ML_T055,GOLD,LONG,LOGISTIC,BASE_PLUS_ML,0.55,2026-09-28T19:00:00,WAIT,0.5167080764957619,False,4156.2998046875,28.100426646837036,19.618791724041674,4197.849426420201,4247.589245400012,4327.020504153633
GOLD_LONG_LOGISTIC_BASE_PLUS_ML_T055,GOLD,LONG,LOGISTIC,BASE_PLUS_ML,0.55,2026-09-28T20:00:00,WAIT,0.5136315652559538,False,4148.5,26.50385796475379,19.12457138884227,4193.149481046848,4243.703392639228,4325.244180729219
GOLD_LONG_LOGISTIC_BASE_PLUS_ML_T055,GOLD,LONG,LOGISTIC,BASE_PLUS_ML,0.55,2026-09-28T22:00:00,WAIT,0.5239409114837883,False,4154.10009765625,29.596744513756533,18.572844191424963,4189.430492152505,4240.189537934013,4323.5412545294885
GOLD_LONG_LOGISTIC_BASE_PLUS_ML_T055,GOLD,LONG,LOGISTIC,BASE_PLUS_ML,0.55,2026-09-28T23:00:00,WAIT,0.5440327743758887,False,4159.60009765625,32.596816188985414,17.81049120230532,4186.589502200481,4237.029167727042,4321.909999237218
GOLD_LONG_LOGISTIC_BASE_PLUS_ML_T055,GOLD,LONG,LOGISTIC,BASE_PLUS_ML,0.55,2026-09-29T00:00:00,WAIT,0.5166800854686339,False,4150.0,30.179422114188696,17.545428214640655,4183.104787705197,4233.616259188726,4320.199451981126
GOLD_LONG_LOGISTIC_BASE_PLUS_ML_T055,GOLD,LONG,LOGISTIC,BASE_PLUS_ML,0.55,2026-09-29T01:00:00,WAIT,0.5088876535965746,False,4166.89990234375,38.78575247124957,17.963604938148467,4181.561465289821,4230.999931469315,4318.674083328017
GOLD_LONG_LOGISTIC_BASE_PLUS_ML_T055,GOLD,LONG,LOGISTIC,BASE_PLUS_ML,0.55,2026-09-29T02:00:00,WAIT,0.5077352320589603,False,4168.7001953125,39.63930931303264,17.601946772923576,4180.336582434838,4228.556804561204,4317.181805835326
GOLD_LONG_LOGISTIC_BASE_PLUS_ML_T055,GOLD,LONG,LOGISTIC,BASE_PLUS_ML,0.55,2026-09-29T03:00:00,WAIT,0.5244221124875668,False,4164.10009765625,38.17456253629078,16.987522003429035,4178.790250551163,4226.029090564932,4315.658604758917
GOLD_LONG_LOGISTIC_BASE_PLUS_ML_T055,GOLD,LONG,LOGISTIC,BASE_PLUS_ML,0.55,2026-09-29T04:00:00,WAIT,0.5287003154497263,False,4158.2001953125,36.32079905725964,16.466998668362674,4176.829292909386,4223.369133888366,4314.091854416167
GOLD_LONG_LOGISTIC_BASE_PLUS_ML_T055,GOLD,LONG,LOGISTIC,BASE_PLUS_ML,0.55,2026-09-29T05:00:00,WAIT,0.5219681735792815,False,4169.89990234375,42.304090078208375,16.94079145321177,4176.169350950754,4221.272301278774,4312.657108624401
GOLD_LONG_LOGISTIC_BASE_PLUS_ML_T055,GOLD,LONG,LOGISTIC,BASE_PLUS_ML,0.55,2026-09-29T06:00:00,WAIT,0.53649167797696,False,4171.7001953125,43.188656527947224,16.4236060145895,4175.743717080444,4219.328297123234,4311.254552273039
GOLD_LONG_LOGISTIC_BASE_PLUS_ML_T055,GOLD,LONG,LOGISTIC,BASE_PLUS_ML,0.55,2026-09-29T07:00:00,WAIT,0.5210908572290356,False,4172.39990234375,43.550899690576884,16.214777013547394,4175.425258534092,4217.487967916195,4309.872913965285
GOLD_LONG_LOGISTIC_BASE_PLUS_ML_T055,GOLD,LONG,LOGISTIC,BASE_PLUS_ML,0.55,2026-09-29T08:00:00,WAIT,0.5342423712669765,False,4171.60009765625,43.211728336844246,15.706550753651152,4175.060957498107,4215.688443592276,4308.497065046788
GOLD_LONG_LOGISTIC_BASE_PLUS_ML_T055,GOLD,LONG,LOGISTIC,BASE_PLUS_ML,0.55,2026-09-29T09:00:00,WAIT,0.5558892552988491,False,4178.0,46.78318201722445,15.3346542712475,4175.340866307811,4214.210465412187,4307.198586787616
GOLD_LONG_LOGISTIC_BASE_PLUS_ML_T055,GOLD,LONG,LOGISTIC,BASE_PLUS_ML,0.55,2026-09-29T10:00:00,WAIT,0.5663762771626109,False,4185.60009765625,50.74476937057404,15.053600562140534,4176.3179359600435,4213.088490206072,4305.988651572378
GOLD_LONG_LOGISTIC_BASE_PLUS_ML_T055,GOLD,LONG,LOGISTIC,BASE_PLUS_ML,0.55,2026-09-29T11:00:00,WAIT,0.5567086084408918,False,4185.7001953125,50.79672155273323,14.821186571094783,4177.211484469801,4212.014439425931,4304.791751510091
GOLD_LONG_LOGISTIC_BASE_PLUS_ML_T060,GOLD,LONG,LOGISTIC,BASE_PLUS_ML,0.6,2026-09-29T12:00:00,WAIT,0.5638883795531642,False,4183.7998046875,49.72440094884875,14.498230722266584,4177.838943538153,4210.907983161679,4303.587851541707
GOLD_LONG_LOGISTIC_BASE_PLUS_ML_T055,GOLD,LONG,LOGISTIC,BASE_PLUS_ML,0.55,2026-09-29T12:00:00,WAIT,0.5638883795531642,False,4183.7998046875,49.72440094884875,14.498230722266584,4177.838943538153,4210.907983161679,4303.587851541707
GOLD_LONG_LOGISTIC_BASE_PLUS_ML_T060,GOLD,LONG,LOGISTIC,BASE_PLUS_ML,0.6,2026-09-29T13:00:00,WAIT,0.5743920666522735,False,4189.7998046875,53.07035999711686,14.484057434068971,4178.90915576071,4210.0500765627785,4302.447753101049
GOLD_LONG_LOGISTIC_BASE_PLUS_ML_T060,GOLD,LONG,LOGISTIC,BASE_PLUS_ML,0.6,2026-09-29T14:00:00,WAIT,0.5914750077303563,False,4202.0,58.98356000356473,14.785210139671188,4181.108283783499,4209.734387285807,4301.448272970691
GOLD_LONG_LOGISTIC_BASE_PLUS_ML_T060,GOLD,LONG,LOGISTIC,BASE_PLUS_ML,0.6,2026-09-29T15:00:00,WAIT,0.5055375847919367,False,4190.39990234375,52.24317843188364,15.31485193773039,4181.993199836857,4208.97617219004,4300.34331405898
GOLD_LONG_LOGISTIC_BASE_PLUS_ML_T060,GOLD,LONG,LOGISTIC,BASE_PLUS_ML,0.6,2026-09-29T16:00:00,WAIT,0.5191505840658482,False,4177.7998046875,46.083026244094654,15.23519873012465,4181.593828870251,4207.753569542882,4299.123975657274
GOLD_LONG_LOGISTIC_BASE_PLUS_ML_T060,GOLD,LONG,LOGISTIC,BASE_PLUS_ML,0.6,2026-09-29T17:00:00,WAIT,0.515203784992611,False,4176.39990234375,45.441924324190126,14.632705461455032,4181.09916920106,4206.524013966447,4297.902840599428
GOLD_LONG_LOGISTIC_BASE_PLUS_ML_T060,GOLD,LONG,LOGISTIC,BASE_PLUS_ML,0.6,2026-09-29T18:00:00,WAIT,0.543695863953786,False,4203.7001953125,57.778046451418426,15.916090618226102,4183.25164787834,4206.413275980018,4296.965500845329
GOLD_LONG_LOGISTIC_BASE_PLUS_ML_T060,GOLD,LONG,LOGISTIC,BASE_PLUS_ML,0.6,2026-09-29T19:00:00,WAIT,0.5646223127185814,False,4209.89990234375,59.990486107451424,15.472098096388523,4185.789576875046,4206.550006425654,4296.09917648213
GOLD_LONG_LOGISTIC_BASE_PLUS_ML_T060,GOLD,LONG,LOGISTIC,BASE_PLUS_ML,0.6,2026-09-29T20:00:00,WAIT,0.5425834806954196,False,4215.0,61.7654171106888,15.359798399771487,4188.571521934566,4206.881378722687,4295.292219502209
GOLD_LONG_LOGISTIC_BASE_PLUS_ML_T060,GOLD,LONG,LOGISTIC,BASE_PLUS_ML,0.6,2026-09-29T22:00:00,WAIT,0.5587325043321171,False,4211.2998046875,59.69624758541103,14.841213469430667,4190.736120291987,4207.054650329151,4294.4564740811675
GOLD_LONG_LOGISTIC_BASE_PLUS_ML_T055,GOLD,LONG,LOGISTIC,BASE_PLUS_ML,0.55,2026-09-29T13:00:00,WAIT,0.5743920666522735,False,4189.7998046875,53.07035999711686,14.484057434068971,4178.90915576071,4210.0500765627785,4302.447753101049
GOLD_LONG_LOGISTIC_BASE_PLUS_ML_T055,GOLD,LONG,LOGISTIC,BASE_PLUS_ML,0.55,2026-09-29T14:00:00,WAIT,0.5914750077303563,False,4202.0,58.98356000356473,14.785210139671188,4181.108283783499,4209.734387285807,4301.448272970691
GOLD_LONG_LOGISTIC_BASE_PLUS_ML_T055,GOLD,LONG,LOGISTIC,BASE_PLUS_ML,0.55,2026-09-29T15:00:00,WAIT,0.5055375847919367,False,4190.39990234375,52.24317843188364,15.31485193773039,4181.993199836857,4208.97617219004,4300.34331405898
GOLD_LONG_LOGISTIC_BASE_PLUS_ML_T055,GOLD,LONG,LOGISTIC,BASE_PLUS_ML,0.55,2026-09-29T16:00:00,WAIT,0.5191505840658482,False,4177.7998046875,46.083026244094654,15.23519873012465,4181.593828870251,4207.753569542882,4299.123975657274
GOLD_LONG_LOGISTIC_BASE_PLUS_ML_T055,GOLD,LONG,LOGISTIC,BASE_PLUS_ML,0.55,2026-09-29T17:00:00,WAIT,0.515203784992611,False,4176.39990234375,45.441924324190126,14.632705461455032,4181.09916920106,4206.524013966447,4297.902840599428
GOLD_LONG_LOGISTIC_BASE_PLUS_ML_T055,GOLD,LONG,LOGISTIC,BASE_PLUS_ML,0.55,2026-09-29T18:00:00,WAIT,0.543695863953786,False,4203.7001953125,57.778046451418426,15.916090618226102,4183.25164787834,4206.413275980018,4296.965500845329
GOLD_LONG_LOGISTIC_BASE_PLUS_ML_T055,GOLD,LONG,LOGISTIC,BASE_PLUS_ML,0.55,2026-09-29T19:00:00,WAIT,0.5646223127185814,False,4209.89990234375,59.990486107451424,15.472098096388523,4185.789576875046,4206.550006425654,4296.09917648213
GOLD_LONG_LOGISTIC_BASE_PLUS_ML_T055,GOLD,LONG,LOGISTIC,BASE_PLUS_ML,0.55,2026-09-29T20:00:00,WAIT,0.5425834806954196,False,4215.0,61.7654171106888,15.359798399771487,4188.571521934566,4206.881378722687,4295.292219502209
GOLD_LONG_LOGISTIC_BASE_PLUS_ML_T055,GOLD,LONG,LOGISTIC,BASE_PLUS_ML,0.55,2026-09-29T22:00:00,WAIT,0.5587325043321171,False,4211.2998046875,59.69624758541103,14.841213469430667,4190.736120291987,4207.054650329151,4294.4564740811675
GOLD_LONG_LOGISTIC_BASE_PLUS_ML_T060,GOLD,LONG,LOGISTIC,BASE_PLUS_ML,0.6,2026-09-29T23:00:00,WAIT,0.579949305758073,False,4216.7998046875,61.747563377145,14.259712172507047,4193.2183759487025,4207.436813245165,4293.6837709031215
GOLD_LONG_LOGISTIC_BASE_PLUS_ML_T055,GOLD,LONG,LOGISTIC,BASE_PLUS_ML,0.55,2026-09-29T23:00:00,WAIT,0.579949305758073,False,4216.7998046875,61.747563377145,14.259712172507047,4193.2183759487025,4207.436813245165,4293.6837709031215
