CONFIG_ID,THRESHOLD,ENTRY_ID,SIGNAL_INDEX,ENTRY_INDEX,FECHA_SIGNAL,FECHA_ENTRADA,ENTRY,ATR,PROBABILIDAD
GOLD_LONG_LOGISTIC_BASE_PLUS_ML_T060,0.6,1,92,93,2025-02-18 17:00:00,2025-02-18 18:00:00,2950.39990234375,8.323827103203252,0.6464429541780286
GOLD_LONG_LOGISTIC_BASE_PLUS_ML_T060,0.6,2,183,184,2025-02-24 16:00:00,2025-02-24 17:00:00,2958.800048828125,9.720035647380785,0.6117709780466065
GOLD_LONG_LOGISTIC_BASE_PLUS_ML_T060,0.6,3,331,332,2025-03-05 03:00:00,2025-03-05 04:00:00,2919.39990234375,8.864804331115952,0.6617192069822078
GOLD_LONG_LOGISTIC_BASE_PLUS_ML_T060,0.6,4,431,432,2025-03-11 15:00:00,2025-03-11 16:00:00,2922.699951171875,8.293083328785993,0.6080168427642204
GOLD_LONG_LOGISTIC_BASE_PLUS_ML_T060,0.6,5,516,517,2025-03-17 14:00:00,2025-03-17 15:00:00,3006.0,7.181018957006751,0.6112720217178657
GOLD_LONG_LOGISTIC_BASE_PLUS_ML_T060,0.6,6,669,670,2025-03-26 07:00:00,2025-03-26 08:00:00,3034.39990234375,5.922823231424808,0.6015772663278172
GOLD_LONG_LOGISTIC_BASE_PLUS_ML_T060,0.6,7,1030,1031,2025-04-21 04:00:00,2025-04-21 05:00:00,3388.5,14.099009062538014,0.6060627769877948
GOLD_LONG_LOGISTIC_BASE_PLUS_ML_T060,0.6,8,1159,1160,2025-04-28 19:00:00,2025-04-28 20:00:00,3362.5,16.33252918804402,0.7310107196328374
GOLD_LONG_LOGISTIC_BASE_PLUS_ML_T060,0.6,9,1260,1261,2025-05-05 08:00:00,2025-05-05 09:00:00,3290.89990234375,13.340600639213744,0.636098005881034
GOLD_LONG_LOGISTIC_BASE_PLUS_ML_T060,0.6,10,1521,1522,2025-05-20 23:00:00,2025-05-21 00:00:00,3294.0,11.907213184123068,0.6414653472687462
GOLD_LONG_LOGISTIC_BASE_PLUS_ML_T060,0.6,11,1614,1615,2025-05-27 02:00:00,2025-05-27 03:00:00,3342.10009765625,8.47138070503253,0.60245394963915
GOLD_LONG_LOGISTIC_BASE_PLUS_ML_T060,0.6,12,1914,1915,2025-06-13 03:00:00,2025-06-13 04:00:00,3447.800048828125,14.310703723869349,0.6794239636647933
GOLD_LONG_LOGISTIC_BASE_PLUS_ML_T060,0.6,13,2061,2062,2025-06-23 15:00:00,2025-06-23 16:00:00,3403.39990234375,11.872041047191953,0.6557219610047467
GOLD_LONG_LOGISTIC_BASE_PLUS_ML_T060,0.6,14,2273,2274,2025-07-08 02:00:00,2025-07-08 03:00:00,3344.60009765625,7.922969117976522,0.6392964363771991
GOLD_LONG_LOGISTIC_BASE_PLUS_ML_T060,0.6,15,2363,2364,2025-07-14 08:00:00,2025-07-14 09:00:00,3376.800048828125,8.29494965073226,0.6035340410467464
GOLD_LONG_LOGISTIC_BASE_PLUS_ML_T060,0.6,16,2494,2495,2025-07-22 01:00:00,2025-07-22 02:00:00,3400.800048828125,6.760449009488452,0.6508105244070583
GOLD_LONG_LOGISTIC_BASE_PLUS_ML_T060,0.6,17,2650,2651,2025-07-31 07:00:00,2025-07-31 08:00:00,3356.199951171875,13.661783717884306,0.6489742171915351
GOLD_LONG_LOGISTIC_BASE_PLUS_ML_T060,0.6,18,2689,2690,2025-08-04 00:00:00,2025-08-04 01:00:00,3404.60009765625,11.096258420270804,0.6311892977962399
GOLD_LONG_LOGISTIC_BASE_PLUS_ML_T060,0.6,19,2782,2783,2025-08-08 01:00:00,2025-08-08 02:00:00,3488.10009765625,15.197799792141469,0.6075640824040032
GOLD_LONG_LOGISTIC_BASE_PLUS_ML_T060,0.6,20,2978,2979,2025-08-20 20:00:00,2025-08-20 22:00:00,3392.199951171875,5.728877792867129,0.6166075171392117
GOLD_LONG_LOGISTIC_BASE_PLUS_ML_T060,0.6,21,3024,3025,2025-08-24 22:00:00,2025-08-24 23:00:00,3413.10009765625,7.607013861148642,0.745705237763309
GOLD_LONG_LOGISTIC_BASE_PLUS_ML_T060,0.6,22,3049,3050,2025-08-26 00:00:00,2025-08-26 01:00:00,3431.300048828125,8.097949814987922,0.6760463737331895
GOLD_LONG_LOGISTIC_BASE_PLUS_ML_T060,0.6,23,3116,3117,2025-08-28 22:00:00,2025-08-28 23:00:00,3475.699951171875,6.271009469380913,0.6311737799858101
GOLD_LONG_LOGISTIC_BASE_PLUS_ML_T060,0.6,24,3142,3143,2025-09-02 07:00:00,2025-09-02 08:00:00,3541.60009765625,10.729315533784462,0.717960089533731
GOLD_LONG_LOGISTIC_BASE_PLUS_ML_T060,0.6,25,3239,3240,2025-09-08 17:00:00,2025-09-08 18:00:00,3674.39990234375,10.537007472212986,0.6316132212490284
GOLD_LONG_LOGISTIC_BASE_PLUS_ML_T060,0.6,26,3353,3354,2025-09-15 18:00:00,2025-09-15 19:00:00,3716.39990234375,9.159321662432651,0.6649548261143621
GOLD_LONG_LOGISTIC_BASE_PLUS_ML_T060,0.6,27,3474,3475,2025-09-23 02:00:00,2025-09-23 03:00:00,3777.699951171875,9.851176288481554,0.6189124501353878
GOLD_LONG_LOGISTIC_BASE_PLUS_ML_T060,0.6,28,3593,3594,2025-09-30 06:00:00,2025-09-30 07:00:00,3883.800048828125,11.548808890956971,0.6075672373396273
GOLD_LONG_LOGISTIC_BASE_PLUS_ML_T060,0.6,29,3796,3797,2025-10-13 11:00:00,2025-10-13 12:00:00,4093.199951171875,18.811659891027627,0.643181620247233
GOLD_LONG_LOGISTIC_BASE_PLUS_ML_T060,0.6,30,3833,3834,2025-10-15 02:00:00,2025-10-15 03:00:00,4195.39990234375,19.518948742843065,0.616989917311598
GOLD_LONG_LOGISTIC_BASE_PLUS_ML_T060,0.6,31,3911,3912,2025-10-20 11:00:00,2025-10-20 12:00:00,4294.60009765625,28.73218911365232,0.6242472676727141
GOLD_LONG_LOGISTIC_BASE_PLUS_ML_T060,0.6,32,4301,4302,2025-11-12 23:00:00,2025-11-13 00:00:00,4195.5,15.981450973618433,0.6215402899332483
GOLD_LONG_LOGISTIC_BASE_PLUS_ML_T060,0.6,33,4486,4487,2025-11-25 00:00:00,2025-11-25 01:00:00,4126.7001953125,16.891991077411856,0.6326917019301959
GOLD_LONG_LOGISTIC_BASE_PLUS_ML_T060,0.6,34,4746,4747,2025-12-12 15:00:00,2025-12-12 16:00:00,4320.2998046875,19.61934041278945,0.6571508019899769
GOLD_LONG_LOGISTIC_BASE_PLUS_ML_T060,0.6,35,5030,5031,2026-01-05 03:00:00,2026-01-05 04:00:00,4408.60009765625,22.2036374318434,0.672199262453165
GOLD_LONG_LOGISTIC_BASE_PLUS_ML_T060,0.6,36,5143,5144,2026-01-12 01:00:00,2026-01-12 02:00:00,4581.60009765625,22.70705535340797,0.6611774340251395
GOLD_LONG_LOGISTIC_BASE_PLUS_ML_T060,0.6,37,5432,5433,2026-01-29 23:00:00,2026-01-30 00:00:00,5467.5,78.94974884322619,0.6909877943528584
GOLD_LONG_LOGISTIC_BASE_PLUS_ML_T060,0.6,38,5742,5743,2026-02-23 00:00:00,2026-02-23 01:00:00,5166.2998046875,32.43208621875259,0.6183523025482861
GOLD_LONG_LOGISTIC_BASE_PLUS_ML_T060,0.6,39,5857,5858,2026-03-02 00:00:00,2026-03-02 01:00:00,5360.5,34.233842124291826,0.7805370983080828
GOLD_LONG_LOGISTIC_BASE_PLUS_ML_T060,0.6,40,6437,6438,2026-04-08 03:00:00,2026-04-08 04:00:00,4826.7998046875,35.044051446296734,0.6620013099111131
GOLD_LONG_LOGISTIC_BASE_PLUS_ML_T060,0.6,41,7241,7242,2026-05-29 01:00:00,2026-05-29 02:00:00,4536.60009765625,19.454573711553483,0.6564166072825866
GOLD_LONG_LOGISTIC_BASE_PLUS_ML_T060,0.6,42,8188,8189,2026-07-29 11:00:00,2026-07-29 12:00:00,4091.699951171875,15.258074199577765,0.6405139283047657
GOLD_LONG_LOGISTIC_BASE_PLUS_ML_T060,0.6,43,8546,8547,2026-08-20 01:00:00,2026-08-20 02:00:00,4547.2998046875,19.941170660603376,0.653844171931641
GOLD_LONG_LOGISTIC_BASE_PLUS_ML_T060,0.6,44,8984,8985,2026-09-17 12:00:00,2026-09-17 13:00:00,4413.7998046875,24.1176987982108,0.6225324516562664
GOLD_LONG_LOGISTIC_BASE_PLUS_ML_T055,0.55,1,92,93,2025-02-18 17:00:00,2025-02-18 18:00:00,2950.39990234375,8.323827103203252,0.6464429541780286
GOLD_LONG_LOGISTIC_BASE_PLUS_ML_T055,0.55,2,174,175,2025-02-24 07:00:00,2025-02-24 08:00:00,2957.699951171875,8.396039864385212,0.5882854539346952
GOLD_LONG_LOGISTIC_BASE_PLUS_ML_T055,0.55,3,331,332,2025-03-05 03:00:00,2025-03-05 04:00:00,2919.39990234375,8.864804331115952,0.6617192069822078
GOLD_LONG_LOGISTIC_BASE_PLUS_ML_T055,0.55,4,431,432,2025-03-11 15:00:00,2025-03-11 16:00:00,2922.699951171875,8.293083328785993,0.6080168427642204
GOLD_LONG_LOGISTIC_BASE_PLUS_ML_T055,0.55,5,458,459,2025-03-12 19:00:00,2025-03-12 20:00:00,2940.0,7.306962361346239,0.550435412200096
GOLD_LONG_LOGISTIC_BASE_PLUS_ML_T055,0.55,6,516,517,2025-03-17 14:00:00,2025-03-17 15:00:00,3006.0,7.181018957006751,0.6112720217178657
GOLD_LONG_LOGISTIC_BASE_PLUS_ML_T055,0.55,7,542,543,2025-03-18 17:00:00,2025-03-18 18:00:00,3040.5,7.487175667300655,0.5603815774699683
GOLD_LONG_LOGISTIC_BASE_PLUS_ML_T055,0.55,8,669,670,2025-03-26 07:00:00,2025-03-26 08:00:00,3034.39990234375,5.922823231424808,0.6015772663278172
GOLD_LONG_LOGISTIC_BASE_PLUS_ML_T055,0.55,9,700,701,2025-03-27 15:00:00,2025-03-27 16:00:00,3063.10009765625,8.904961194689596,0.5653542801504654
GOLD_LONG_LOGISTIC_BASE_PLUS_ML_T055,0.55,10,1030,1031,2025-04-21 04:00:00,2025-04-21 05:00:00,3388.5,14.099009062538014,0.6060627769877948
GOLD_LONG_LOGISTIC_BASE_PLUS_ML_T055,0.55,11,1159,1160,2025-04-28 19:00:00,2025-04-28 20:00:00,3362.5,16.33252918804402,0.7310107196328374
GOLD_LONG_LOGISTIC_BASE_PLUS_ML_T055,0.55,12,1260,1261,2025-05-05 08:00:00,2025-05-05 09:00:00,3290.89990234375,13.340600639213744,0.636098005881034
GOLD_LONG_LOGISTIC_BASE_PLUS_ML_T055,0.55,13,1521,1522,2025-05-20 23:00:00,2025-05-21 00:00:00,3294.0,11.907213184123068,0.6414653472687462
GOLD_LONG_LOGISTIC_BASE_PLUS_ML_T055,0.55,14,1604,1605,2025-05-26 13:00:00,2025-05-26 14:00:00,3338.5,9.953480306798127,0.5574859559511718
GOLD_LONG_LOGISTIC_BASE_PLUS_ML_T055,0.55,15,1727,1728,2025-06-03 00:00:00,2025-06-03 01:00:00,3401.199951171875,11.146687666079256,0.5920411876996635
GOLD_LONG_LOGISTIC_BASE_PLUS_ML_T055,0.55,16,1780,1781,2025-06-05 07:00:00,2025-06-05 08:00:00,3394.800048828125,9.358266882954394,0.5519400446408042
GOLD_LONG_LOGISTIC_BASE_PLUS_ML_T055,0.55,17,1914,1915,2025-06-13 03:00:00,2025-06-13 04:00:00,3447.800048828125,14.310703723869349,0.6794239636647933
GOLD_LONG_LOGISTIC_BASE_PLUS_ML_T055,0.55,18,2061,2062,2025-06-23 15:00:00,2025-06-23 16:00:00,3403.39990234375,11.872041047191953,0.6557219610047467
GOLD_LONG_LOGISTIC_BASE_PLUS_ML_T055,0.55,19,2204,2205,2025-07-02 02:00:00,2025-07-02 03:00:00,3347.0,8.000600081670322,0.5504935646105361
GOLD_LONG_LOGISTIC_BASE_PLUS_ML_T055,0.55,20,2273,2274,2025-07-08 02:00:00,2025-07-08 03:00:00,3344.60009765625,7.922969117976522,0.6392964363771991
GOLD_LONG_LOGISTIC_BASE_PLUS_ML_T055,0.55,21,2334,2335,2025-07-10 19:00:00,2025-07-10 20:00:00,3334.199951171875,8.023825782001554,0.5547196075703212
GOLD_LONG_LOGISTIC_BASE_PLUS_ML_T055,0.55,22,2363,2364,2025-07-14 08:00:00,2025-07-14 09:00:00,3376.800048828125,8.29494965073226,0.6035340410467464
GOLD_LONG_LOGISTIC_BASE_PLUS_ML_T055,0.55,23,2477,2478,2025-07-21 07:00:00,2025-07-21 08:00:00,3372.10009765625,6.527655336938516,0.5868401320528757
GOLD_LONG_LOGISTIC_BASE_PLUS_ML_T055,0.55,24,2515,2516,2025-07-22 23:00:00,2025-07-23 00:00:00,3439.300048828125,7.412955818568088,0.6931319698524075
GOLD_LONG_LOGISTIC_BASE_PLUS_ML_T055,0.55,25,2650,2651,2025-07-31 07:00:00,2025-07-31 08:00:00,3356.199951171875,13.661783717884306,0.6489742171915351
GOLD_LONG_LOGISTIC_BASE_PLUS_ML_T055,0.55,26,2689,2690,2025-08-04 00:00:00,2025-08-04 01:00:00,3404.60009765625,11.096258420270804,0.6311892977962399
GOLD_LONG_LOGISTIC_BASE_PLUS_ML_T055,0.55,27,2724,2725,2025-08-05 12:00:00,2025-08-05 13:00:00,3420.39990234375,7.931550240755027,0.5836648129831645
GOLD_LONG_LOGISTIC_BASE_PLUS_ML_T055,0.55,28,2766,2767,2025-08-07 08:00:00,2025-08-07 09:00:00,3452.199951171875,9.25936567250101,0.5503094240756018
GOLD_LONG_LOGISTIC_BASE_PLUS_ML_T055,0.55,29,2978,2979,2025-08-20 20:00:00,2025-08-20 22:00:00,3392.199951171875,5.728877792867129,0.6166075171392117
GOLD_LONG_LOGISTIC_BASE_PLUS_ML_T055,0.55,30,3024,3025,2025-08-24 22:00:00,2025-08-24 23:00:00,3413.10009765625,7.607013861148642,0.745705237763309
GOLD_LONG_LOGISTIC_BASE_PLUS_ML_T055,0.55,31,3049,3050,2025-08-26 00:00:00,2025-08-26 01:00:00,3431.300048828125,8.097949814987922,0.6760463737331895
GOLD_LONG_LOGISTIC_BASE_PLUS_ML_T055,0.55,32,3116,3117,2025-08-28 22:00:00,2025-08-28 23:00:00,3475.699951171875,6.271009469380913,0.6311737799858101
GOLD_LONG_LOGISTIC_BASE_PLUS_ML_T055,0.55,33,3142,3143,2025-09-02 07:00:00,2025-09-02 08:00:00,3541.60009765625,10.729315533784462,0.717960089533731
GOLD_LONG_LOGISTIC_BASE_PLUS_ML_T055,0.55,34,3195,3196,2025-09-04 19:00:00,2025-09-04 20:00:00,3605.89990234375,11.222167349979232,0.5586345994267827
GOLD_LONG_LOGISTIC_BASE_PLUS_ML_T055,0.55,35,3239,3240,2025-09-08 17:00:00,2025-09-08 18:00:00,3674.39990234375,10.537007472212986,0.6316132212490284
GOLD_LONG_LOGISTIC_BASE_PLUS_ML_T055,0.55,36,3314,3315,2025-09-12 02:00:00,2025-09-12 03:00:00,3688.60009765625,8.897312894789604,0.5805926944797237
GOLD_LONG_LOGISTIC_BASE_PLUS_ML_T055,0.55,37,3342,3343,2025-09-15 07:00:00,2025-09-15 08:00:00,3680.699951171875,7.30188540304026,0.5549226477681353
GOLD_LONG_LOGISTIC_BASE_PLUS_ML_T055,0.55,38,3461,3462,2025-09-22 12:00:00,2025-09-22 13:00:00,3755.60009765625,10.07688734988674,0.5806212286020247
GOLD_LONG_LOGISTIC_BASE_PLUS_ML_T055,0.55,39,3486,3487,2025-09-23 14:00:00,2025-09-23 15:00:00,3806.5,11.232352936725762,0.5718757858818305
GOLD_LONG_LOGISTIC_BASE_PLUS_ML_T055,0.55,40,3571,3572,2025-09-29 07:00:00,2025-09-29 08:00:00,3836.199951171875,13.280327781853677,0.5775486408406038
GOLD_LONG_LOGISTIC_BASE_PLUS_ML_T055,0.55,41,3655,3656,2025-10-02 23:00:00,2025-10-03 00:00:00,3886.60009765625,12.758267886249811,0.5645595842875937
GOLD_LONG_LOGISTIC_BASE_PLUS_ML_T055,0.55,42,3679,3680,2025-10-06 00:00:00,2025-10-06 01:00:00,3926.5,12.607075713148763,0.5531000466438875
GOLD_LONG_LOGISTIC_BASE_PLUS_ML_T055,0.55,43,3796,3797,2025-10-13 11:00:00,2025-10-13 12:00:00,4093.199951171875,18.811659891027627,0.643181620247233
GOLD_LONG_LOGISTIC_BASE_PLUS_ML_T055,0.55,44,3833,3834,2025-10-15 02:00:00,2025-10-15 03:00:00,4195.39990234375,19.518948742843065,0.616989917311598
GOLD_LONG_LOGISTIC_BASE_PLUS_ML_T055,0.55,45,3911,3912,2025-10-20 11:00:00,2025-10-20 12:00:00,4294.60009765625,28.73218911365232,0.6242472676727141
GOLD_LONG_LOGISTIC_BASE_PLUS_ML_T055,0.55,46,4301,4302,2025-11-12 23:00:00,2025-11-13 00:00:00,4195.5,15.981450973618433,0.6215402899332483
GOLD_LONG_LOGISTIC_BASE_PLUS_ML_T055,0.55,47,4403,4404,2025-11-19 09:00:00,2025-11-19 10:00:00,4114.10009765625,18.230021958588143,0.5602065338876312
GOLD_LONG_LOGISTIC_BASE_PLUS_ML_T055,0.55,48,4478,4479,2025-11-24 15:00:00,2025-11-24 16:00:00,4090.0,16.980484932839616,0.5863027387168447
GOLD_LONG_LOGISTIC_BASE_PLUS_ML_T055,0.55,49,4731,4732,2025-12-12 00:00:00,2025-12-12 01:00:00,4299.5,15.19152467471732,0.5693105264850835
GOLD_LONG_LOGISTIC_BASE_PLUS_ML_T055,0.55,50,5030,5031,2026-01-05 03:00:00,2026-01-05 04:00:00,4408.60009765625,22.2036374318434,0.672199262453165
GOLD_LONG_LOGISTIC_BASE_PLUS_ML_T055,0.55,51,5095,5096,2026-01-07 23:00:00,2026-01-08 00:00:00,4472.0,15.564587066759868,0.5529132521185812
GOLD_LONG_LOGISTIC_BASE_PLUS_ML_T055,0.55,52,5143,5144,2026-01-12 01:00:00,2026-01-12 02:00:00,4581.60009765625,22.70705535340797,0.6611774340251395
GOLD_LONG_LOGISTIC_BASE_PLUS_ML_T055,0.55,53,5386,5387,2026-01-27 23:00:00,2026-01-28 00:00:00,5169.2998046875,30.160024378235544,0.5939233158617053
GOLD_LONG_LOGISTIC_BASE_PLUS_ML_T055,0.55,54,5432,5433,2026-01-29 23:00:00,2026-01-30 00:00:00,5467.5,78.94974884322619,0.6909877943528584
GOLD_LONG_LOGISTIC_BASE_PLUS_ML_T055,0.55,55,5544,5545,2026-02-06 21:00:00,2026-02-08 23:00:00,5000.0,41.789637834242974,0.5873210770806809
GOLD_LONG_LOGISTIC_BASE_PLUS_ML_T055,0.55,56,5690,5691,2026-02-18 17:00:00,2026-02-18 18:00:00,5020.2001953125,22.988908683926542,0.5609279765472712
GOLD_LONG_LOGISTIC_BASE_PLUS_ML_T055,0.55,57,5742,5743,2026-02-23 00:00:00,2026-02-23 01:00:00,5166.2998046875,32.43208621875259,0.6183523025482861
GOLD_LONG_LOGISTIC_BASE_PLUS_ML_T055,0.55,58,5857,5858,2026-03-02 00:00:00,2026-03-02 01:00:00,5360.5,34.233842124291826,0.7805370983080828
GOLD_LONG_LOGISTIC_BASE_PLUS_ML_T055,0.55,59,6437,6438,2026-04-08 03:00:00,2026-04-08 04:00:00,4826.7998046875,35.044051446296734,0.6620013099111131
GOLD_LONG_LOGISTIC_BASE_PLUS_ML_T055,0.55,60,6630,6631,2026-04-20 20:00:00,2026-04-20 22:00:00,4842.39990234375,26.558259150963384,0.5523764383923067
GOLD_LONG_LOGISTIC_BASE_PLUS_ML_T055,0.55,61,7241,7242,2026-05-29 01:00:00,2026-05-29 02:00:00,4536.60009765625,19.454573711553483,0.6564166072825866
GOLD_LONG_LOGISTIC_BASE_PLUS_ML_T055,0.55,62,7292,7293,2026-06-02 06:00:00,2026-06-02 07:00:00,4565.7998046875,17.682949870111923,0.5747622225195869
GOLD_LONG_LOGISTIC_BASE_PLUS_ML_T055,0.55,63,7505,7506,2026-06-15 16:00:00,2026-06-15 18:00:00,4346.2001953125,20.96559843834376,0.566972772325753
GOLD_LONG_LOGISTIC_BASE_PLUS_ML_T055,0.55,64,7797,7798,2026-07-06 02:00:00,2026-07-06 03:00:00,4185.89990234375,21.39217722872541,0.5594745155188757
GOLD_LONG_LOGISTIC_BASE_PLUS_ML_T055,0.55,65,8078,8079,2026-07-22 16:00:00,2026-07-22 17:00:00,4152.7998046875,16.50487418038909,0.56577505382876
GOLD_LONG_LOGISTIC_BASE_PLUS_ML_T055,0.55,66,8132,8133,2026-07-27 01:00:00,2026-07-27 02:00:00,4112.2001953125,15.136872084357112,0.5680374241213718
GOLD_LONG_LOGISTIC_BASE_PLUS_ML_T055,0.55,67,8188,8189,2026-07-29 11:00:00,2026-07-29 12:00:00,4091.699951171875,15.258074199577765,0.6405139283047657
GOLD_LONG_LOGISTIC_BASE_PLUS_ML_T055,0.55,68,8476,8477,2026-08-17 00:00:00,2026-08-17 01:00:00,4457.10009765625,16.16352215988498,0.5591479033721265
GOLD_LONG_LOGISTIC_BASE_PLUS_ML_T055,0.55,69,8546,8547,2026-08-20 01:00:00,2026-08-20 02:00:00,4547.2998046875,19.941170660603376,0.653844171931641
GOLD_LONG_LOGISTIC_BASE_PLUS_ML_T055,0.55,70,8784,8785,2026-09-03 13:00:00,2026-09-03 14:00:00,4517.10009765625,21.225179636192166,0.5795696476546252
GOLD_LONG_LOGISTIC_BASE_PLUS_ML_T055,0.55,71,8984,8985,2026-09-17 12:00:00,2026-09-17 13:00:00,4413.7998046875,24.1176987982108,0.6225324516562664
GOLD_LONG_LOGISTIC_BASE_PLUS_ML_T055,0.55,72,9063,9064,2026-09-23 00:00:00,2026-09-23 01:00:00,4395.0,16.699364402125447,0.5538030318661563
