ACTIVO,CONFIG_ID,DIRECCION,MODELO,SISTEMA,THRESHOLD,SL_TP_MODE,COST_BPS,CAPITAL_INICIAL,BROKER_AWARE,BROKER_METADATA_SOURCE,TOTAL_ENTRADAS_BASE,TOTAL_TRADES,WINS,LOSSES,WIN_RATE,PROFIT_FACTOR,EXPECTANCY,AVERAGE_R,R_ACUMULADO,NET_PROFIT,RETURN_PCT,MAX_DRAWDOWN,SHARPE,MAX_LOSING_STREAK,CAPITAL_FINAL,NO_EJECUTABLES_BROKER_MIN,SKIPPED_SLTP
GOLD,GOLD_LONG_LOGISTIC_BASE_PLUS_ML_T060,LONG,LOGISTIC,BASE_PLUS_ML,0.6,ATR_ONLY,0,100,False,CONFIG_LOCAL_FALLBACK_MT5_UNAVAILABLE,44,44,18,26,40.909090909090914,1.373135210257381,0.22727272727272477,0.22727272727272477,9.99999999999989,9.981123346804111,9.981123346804111,6.849008026923219,1.010392343379216,5,109.98112334680411,0,0
GOLD,GOLD_LONG_LOGISTIC_BASE_PLUS_ML_T060,LONG,LOGISTIC,BASE_PLUS_ML,0.6,ATR_ONLY,0,100,True,CONFIG_LOCAL_FALLBACK_MT5_UNAVAILABLE,44,0,0,0,0.0,0.0,0.0,0.0,0.0,0.0,0.0,0.0,,0,100.0,44,0
GOLD,GOLD_LONG_LOGISTIC_BASE_PLUS_ML_T060,LONG,LOGISTIC,BASE_PLUS_ML,0.6,ATR_ONLY,0,500,False,CONFIG_LOCAL_FALLBACK_MT5_UNAVAILABLE,44,44,18,26,40.909090909090914,1.3731352102573806,0.22727272727272477,0.22727272727272477,9.99999999999989,49.905616734020555,9.981123346804111,6.849008026923192,1.010392343379215,5,549.9056167340206,0,0
GOLD,GOLD_LONG_LOGISTIC_BASE_PLUS_ML_T060,LONG,LOGISTIC,BASE_PLUS_ML,0.6,ATR_ONLY,0,500,True,CONFIG_LOCAL_FALLBACK_MT5_UNAVAILABLE,44,0,0,0,0.0,0.0,0.0,0.0,0.0,0.0,0.0,0.0,,0,500.0,44,0
GOLD,GOLD_LONG_LOGISTIC_BASE_PLUS_ML_T060,LONG,LOGISTIC,BASE_PLUS_ML,0.6,ATR_ONLY,0,1000,False,CONFIG_LOCAL_FALLBACK_MT5_UNAVAILABLE,44,44,18,26,40.909090909090914,1.3731352102573806,0.22727272727272477,0.22727272727272477,9.99999999999989,99.81123346804111,9.981123346804111,6.849008026923192,1.010392343379215,5,1099.811233468041,0,0
GOLD,GOLD_LONG_LOGISTIC_BASE_PLUS_ML_T060,LONG,LOGISTIC,BASE_PLUS_ML,0.6,ATR_ONLY,0,1000,True,CONFIG_LOCAL_FALLBACK_MT5_UNAVAILABLE,44,15,3,12,20.0,0.49403560329971546,-0.400000000000012,-0.400000000000012,-6.00000000000018,-47.317144796180855,-4.731714479618086,6.563578812104606,-1.2103681716361738,4,952.6828552038191,29,0
GOLD,GOLD_LONG_LOGISTIC_BASE_PLUS_ML_T060,LONG,LOGISTIC,BASE_PLUS_ML,0.6,ATR_ONLY,0,5000,False,CONFIG_LOCAL_FALLBACK_MT5_UNAVAILABLE,44,44,18,26,40.909090909090914,1.3731352102573768,0.22727272727272477,0.22727272727272477,9.99999999999989,499.0561673402008,9.981123346804017,6.849008026923207,1.0103923433792072,5,5499.056167340201,0,0
GOLD,GOLD_LONG_LOGISTIC_BASE_PLUS_ML_T060,LONG,LOGISTIC,BASE_PLUS_ML,0.6,ATR_ONLY,0,5000,True,CONFIG_LOCAL_FALLBACK_MT5_UNAVAILABLE,44,43,18,25,41.86046511627907,1.3753772010382017,0.25581395348836955,0.25581395348836955,10.99999999999989,414.4993547216018,8.289987094432036,5.938617714606481,0.989804438329339,5,5414.499354721602,1,0
GOLD,GOLD_LONG_LOGISTIC_BASE_PLUS_ML_T060,LONG,LOGISTIC,BASE_PLUS_ML,0.6,ATR_ONLY,1,100,False,CONFIG_LOCAL_FALLBACK_MT5_UNAVAILABLE,44,44,18,26,40.909090909090914,1.2537276568499596,0.16704465805162425,0.16704465805162425,7.349964954271467,7.1077678116089515,7.1077678116089515,7.790765518277206,0.7411279201235835,5,107.10776781160895,0,0
GOLD,GOLD_LONG_LOGISTIC_BASE_PLUS_ML_T060,LONG,LOGISTIC,BASE_PLUS_ML,0.6,ATR_ONLY,1,100,True,CONFIG_LOCAL_FALLBACK_MT5_UNAVAILABLE,44,0,0,0,0.0,0.0,0.0,0.0,0.0,0.0,0.0,0.0,,0,100.0,44,0
GOLD,GOLD_LONG_LOGISTIC_BASE_PLUS_ML_T060,LONG,LOGISTIC,BASE_PLUS_ML,0.6,ATR_ONLY,1,500,False,CONFIG_LOCAL_FALLBACK_MT5_UNAVAILABLE,44,44,18,26,40.909090909090914,1.25372765684996,0.16704465805162425,0.16704465805162425,7.349964954271467,35.5388390580448,7.10776781160896,7.790765518277218,0.7411279201235839,5,535.5388390580448,0,0
GOLD,GOLD_LONG_LOGISTIC_BASE_PLUS_ML_T060,LONG,LOGISTIC,BASE_PLUS_ML,0.6,ATR_ONLY,1,500,True,CONFIG_LOCAL_FALLBACK_MT5_UNAVAILABLE,44,0,0,0,0.0,0.0,0.0,0.0,0.0,0.0,0.0,0.0,,0,500.0,44,0
GOLD,GOLD_LONG_LOGISTIC_BASE_PLUS_ML_T060,LONG,LOGISTIC,BASE_PLUS_ML,0.6,ATR_ONLY,1,1000,False,CONFIG_LOCAL_FALLBACK_MT5_UNAVAILABLE,44,44,18,26,40.909090909090914,1.25372765684996,0.16704465805162425,0.16704465805162425,7.349964954271467,71.0776781160896,7.10776781160896,7.790765518277218,0.7411279201235839,5,1071.0776781160896,0,0
GOLD,GOLD_LONG_LOGISTIC_BASE_PLUS_ML_T060,LONG,LOGISTIC,BASE_PLUS_ML,0.6,ATR_ONLY,1,1000,True,CONFIG_LOCAL_FALLBACK_MT5_UNAVAILABLE,44,15,3,12,20.0,0.43639191249906456,-0.4855979755185922,-0.4855979755185922,-7.2839696327788825,-57.049353071935684,-5.704935307193568,7.462288455199961,-1.4653453637589713,4,942.9506469280643,29,0
GOLD,GOLD_LONG_LOGISTIC_BASE_PLUS_ML_T060,LONG,LOGISTIC,BASE_PLUS_ML,0.6,ATR_ONLY,1,5000,False,CONFIG_LOCAL_FALLBACK_MT5_UNAVAILABLE,44,44,18,26,40.909090909090914,1.253727656849959,0.16704465805162425,0.16704465805162425,7.349964954271467,355.38839058044687,7.107767811608938,7.790765518277223,0.7411279201235818,5,5355.388390580447,0,0
GOLD,GOLD_LONG_LOGISTIC_BASE_PLUS_ML_T060,LONG,LOGISTIC,BASE_PLUS_ML,0.6,ATR_ONLY,1,5000,True,CONFIG_LOCAL_FALLBACK_MT5_UNAVAILABLE,44,43,18,25,41.86046511627907,1.253593657065587,0.19450501248019794,0.19450501248019794,8.363715536648511,298.2675850595642,5.965351701191284,6.86508417136456,0.721426237083718,5,5298.267585059564,1,0
GOLD,GOLD_LONG_LOGISTIC_BASE_PLUS_ML_T060,LONG,LOGISTIC,BASE_PLUS_ML,0.6,ATR_ONLY,2,100,False,CONFIG_LOCAL_FALLBACK_MT5_UNAVAILABLE,44,44,18,26,40.909090909090914,1.147288836023626,0.10681658883052374,0.10681658883052374,4.699929908543044,4.3075680551418,4.3075680551418,8.723791459274016,0.47284022886373656,5,104.3075680551418,0,0
GOLD,GOLD_LONG_LOGISTIC_BASE_PLUS_ML_T060,LONG,LOGISTIC,BASE_PLUS_ML,0.6,ATR_ONLY,2,100,True,CONFIG_LOCAL_FALLBACK_MT5_UNAVAILABLE,44,0,0,0,0.0,0.0,0.0,0.0,0.0,0.0,0.0,0.0,,0,100.0,44,0
GOLD,GOLD_LONG_LOGISTIC_BASE_PLUS_ML_T060,LONG,LOGISTIC,BASE_PLUS_ML,0.6,ATR_ONLY,2,500,False,CONFIG_LOCAL_FALLBACK_MT5_UNAVAILABLE,44,44,18,26,40.909090909090914,1.1472888360236255,0.10681658883052374,0.10681658883052374,4.699929908543044,21.53784027570896,4.307568055141791,8.723791459274018,0.4728402288637357,5,521.537840275709,0,0
GOLD,GOLD_LONG_LOGISTIC_BASE_PLUS_ML_T060,LONG,LOGISTIC,BASE_PLUS_ML,0.6,ATR_ONLY,2,500,True,CONFIG_LOCAL_FALLBACK_MT5_UNAVAILABLE,44,0,0,0,0.0,0.0,0.0,0.0,0.0,0.0,0.0,0.0,,0,500.0,44,0
GOLD,GOLD_LONG_LOGISTIC_BASE_PLUS_ML_T060,LONG,LOGISTIC,BASE_PLUS_ML,0.6,ATR_ONLY,2,1000,False,CONFIG_LOCAL_FALLBACK_MT5_UNAVAILABLE,44,44,18,26,40.909090909090914,1.1472888360236255,0.10681658883052374,0.10681658883052374,4.699929908543044,43.07568055141792,4.307568055141791,8.723791459274018,0.4728402288637357,5,1043.075680551418,0,0
GOLD,GOLD_LONG_LOGISTIC_BASE_PLUS_ML_T060,LONG,LOGISTIC,BASE_PLUS_ML,0.6,ATR_ONLY,2,1000,True,CONFIG_LOCAL_FALLBACK_MT5_UNAVAILABLE,44,15,3,12,20.0,0.38690113256209246,-0.5711959510371724,-0.5711959510371724,-8.567939265557586,-66.78156134769017,-6.678156134769017,8.360998098295294,-1.7212491471938831,4,933.2184386523098,29,0
GOLD,GOLD_LONG_LOGISTIC_BASE_PLUS_ML_T060,LONG,LOGISTIC,BASE_PLUS_ML,0.6,ATR_ONLY,2,5000,False,CONFIG_LOCAL_FALLBACK_MT5_UNAVAILABLE,44,44,18,26,40.909090909090914,1.1472888360236253,0.10681658883052374,0.10681658883052374,4.699929908543044,215.37840275708913,4.3075680551417825,8.723791459274016,0.47284022886373506,5,5215.378402757089,0,0
GOLD,GOLD_LONG_LOGISTIC_BASE_PLUS_ML_T060,LONG,LOGISTIC,BASE_PLUS_ML,0.6,ATR_ONLY,2,5000,True,CONFIG_LOCAL_FALLBACK_MT5_UNAVAILABLE,44,43,18,25,41.86046511627907,1.1475276916539388,0.1331960714720263,0.1331960714720263,5.727431073297131,181.5227459537573,3.630454919075146,7.775009703600452,0.459705666098073,5,5181.522745953757,1,0
GOLD,GOLD_LONG_LOGISTIC_BASE_PLUS_ML_T060,LONG,LOGISTIC,BASE_PLUS_ML,0.6,ATR_ONLY,5,100,False,CONFIG_LOCAL_FALLBACK_MT5_UNAVAILABLE,44,44,18,26,40.909090909090914,0.887913557126931,-0.0738676188327778,-0.0738676188327778,-3.250175228642223,-3.672019494170243,-3.672019494170243,12.662142961133483,-0.32431986487968145,5,96.32798050582976,0,0
GOLD,GOLD_LONG_LOGISTIC_BASE_PLUS_ML_T060,LONG,LOGISTIC,BASE_PLUS_ML,0.6,ATR_ONLY,5,100,True,CONFIG_LOCAL_FALLBACK_MT5_UNAVAILABLE,44,0,0,0,0.0,0.0,0.0,0.0,0.0,0.0,0.0,0.0,,0,100.0,44,0
GOLD,GOLD_LONG_LOGISTIC_BASE_PLUS_ML_T060,LONG,LOGISTIC,BASE_PLUS_ML,0.6,ATR_ONLY,5,500,False,CONFIG_LOCAL_FALLBACK_MT5_UNAVAILABLE,44,44,18,26,40.909090909090914,0.8879135571269281,-0.0738676188327778,-0.0738676188327778,-3.250175228642223,-18.360097470851713,-3.672019494170343,12.662142961133565,-0.32431986487969183,5,481.6399025291483,0,0
GOLD,GOLD_LONG_LOGISTIC_BASE_PLUS_ML_T060,LONG,LOGISTIC,BASE_PLUS_ML,0.6,ATR_ONLY,5,500,True,CONFIG_LOCAL_FALLBACK_MT5_UNAVAILABLE,44,0,0,0,0.0,0.0,0.0,0.0,0.0,0.0,0.0,0.0,,0,500.0,44,0
GOLD,GOLD_LONG_LOGISTIC_BASE_PLUS_ML_T060,LONG,LOGISTIC,BASE_PLUS_ML,0.6,ATR_ONLY,5,1000,False,CONFIG_LOCAL_FALLBACK_MT5_UNAVAILABLE,44,44,18,26,40.909090909090914,0.8879135571269281,-0.0738676188327778,-0.0738676188327778,-3.250175228642223,-36.720194941703426,-3.672019494170343,12.662142961133565,-0.32431986487969183,5,963.2798050582966,0,0
GOLD,GOLD_LONG_LOGISTIC_BASE_PLUS_ML_T060,LONG,LOGISTIC,BASE_PLUS_ML,0.6,ATR_ONLY,5,1000,True,CONFIG_LOCAL_FALLBACK_MT5_UNAVAILABLE,44,14,2,12,14.285714285714285,0.1625511719037282,-1.00093554306826,-1.00093554306826,-14.01309760295564,-110.57127027581373,-11.057127027581373,11.057127027581373,-3.6841747443783306,4,889.4287297241863,30,0
GOLD,GOLD_LONG_LOGISTIC_BASE_PLUS_ML_T060,LONG,LOGISTIC,BASE_PLUS_ML,0.6,ATR_ONLY,5,5000,False,CONFIG_LOCAL_FALLBACK_MT5_UNAVAILABLE,44,44,18,26,40.909090909090914,0.887913557126928,-0.0738676188327778,-0.0738676188327778,-3.250175228642223,-183.60097470851724,-3.672019494170345,12.66214296113354,-0.3243198648796921,5,4816.399025291483,0,0
GOLD,GOLD_LONG_LOGISTIC_BASE_PLUS_ML_T060,LONG,LOGISTIC,BASE_PLUS_ML,0.6,ATR_ONLY,5,5000,True,CONFIG_LOCAL_FALLBACK_MT5_UNAVAILABLE,44,43,18,25,41.86046511627907,0.8634555508565113,-0.0507307515524885,-0.0507307515524885,-2.1814223167570055,-194.3350289557029,-3.886700579114058,11.955287340912164,-0.41044495992037533,5,4805.664971044297,1,0
GOLD,GOLD_LONG_LOGISTIC_BASE_PLUS_ML_T060,LONG,LOGISTIC,BASE_PLUS_ML,0.6,SWING_ATR,0,100,False,CONFIG_LOCAL_FALLBACK_MT5_UNAVAILABLE,44,43,26,17,60.46511627906976,1.3057593105530803,0.08283319018820284,0.08283319018820284,3.561827178092722,3.5165389636530193,3.5165389636530193,4.170796839777708,0.7708734858727148,6,103.51653896365302,0,1
GOLD,GOLD_LONG_LOGISTIC_BASE_PLUS_ML_T060,LONG,LOGISTIC,BASE_PLUS_ML,0.6,SWING_ATR,0,100,True,CONFIG_LOCAL_FALLBACK_MT5_UNAVAILABLE,44,0,0,0,0.0,0.0,0.0,0.0,0.0,0.0,0.0,0.0,,0,100.0,43,1
GOLD,GOLD_LONG_LOGISTIC_BASE_PLUS_ML_T060,LONG,LOGISTIC,BASE_PLUS_ML,0.6,SWING_ATR,0,500,False,CONFIG_LOCAL_FALLBACK_MT5_UNAVAILABLE,44,43,26,17,60.46511627906976,1.3057593105530818,0.08283319018820284,0.08283319018820284,3.561827178092722,17.582694818265168,3.5165389636530335,4.170796839777694,0.7708734858727182,6,517.5826948182652,0,1
GOLD,GOLD_LONG_LOGISTIC_BASE_PLUS_ML_T060,LONG,LOGISTIC,BASE_PLUS_ML,0.6,SWING_ATR,0,500,True,CONFIG_LOCAL_FALLBACK_MT5_UNAVAILABLE,44,0,0,0,0.0,0.0,0.0,0.0,0.0,0.0,0.0,0.0,,0,500.0,43,1
GOLD,GOLD_LONG_LOGISTIC_BASE_PLUS_ML_T060,LONG,LOGISTIC,BASE_PLUS_ML,0.6,SWING_ATR,0,1000,False,CONFIG_LOCAL_FALLBACK_MT5_UNAVAILABLE,44,43,26,17,60.46511627906976,1.3057593105530818,0.08283319018820284,0.08283319018820284,3.561827178092722,35.165389636530335,3.5165389636530335,4.170796839777694,0.7708734858727182,6,1035.1653896365303,0,1
GOLD,GOLD_LONG_LOGISTIC_BASE_PLUS_ML_T060,LONG,LOGISTIC,BASE_PLUS_ML,0.6,SWING_ATR,0,1000,True,CONFIG_LOCAL_FALLBACK_MT5_UNAVAILABLE,44,0,0,0,0.0,0.0,0.0,0.0,0.0,0.0,0.0,0.0,,0,1000.0,43,1
GOLD,GOLD_LONG_LOGISTIC_BASE_PLUS_ML_T060,LONG,LOGISTIC,BASE_PLUS_ML,0.6,SWING_ATR,0,5000,False,CONFIG_LOCAL_FALLBACK_MT5_UNAVAILABLE,44,43,26,17,60.46511627906976,1.3057593105530831,0.08283319018820284,0.08283319018820284,3.561827178092722,175.8269481826519,3.5165389636530384,4.1707968397776725,0.7708734858727201,6,5175.826948182652,0,1
GOLD,GOLD_LONG_LOGISTIC_BASE_PLUS_ML_T060,LONG,LOGISTIC,BASE_PLUS_ML,0.6,SWING_ATR,0,5000,True,CONFIG_LOCAL_FALLBACK_MT5_UNAVAILABLE,44,21,11,10,52.38095238095239,0.9652655633435968,0.0002426571537427665,0.0002426571537427665,0.005095800228598096,-12.507933926025544,-0.2501586785205109,3.508890564826349,-0.05405065147924161,4,4987.4920660739745,22,1
GOLD,GOLD_LONG_LOGISTIC_BASE_PLUS_ML_T060,LONG,LOGISTIC,BASE_PLUS_ML,0.6,SWING_ATR,1,100,False,CONFIG_LOCAL_FALLBACK_MT5_UNAVAILABLE,44,43,26,17,60.46511627906976,1.2340281635141117,0.06552094291708667,0.06552094291708667,2.817400545434727,2.7498850253480924,2.7498850253480924,4.284569215507267,0.6114065172679636,6,102.74988502534809,0,1
GOLD,GOLD_LONG_LOGISTIC_BASE_PLUS_ML_T060,LONG,LOGISTIC,BASE_PLUS_ML,0.6,SWING_ATR,1,100,True,CONFIG_LOCAL_FALLBACK_MT5_UNAVAILABLE,44,0,0,0,0.0,0.0,0.0,0.0,0.0,0.0,0.0,0.0,,0,100.0,43,1
GOLD,GOLD_LONG_LOGISTIC_BASE_PLUS_ML_T060,LONG,LOGISTIC,BASE_PLUS_ML,0.6,SWING_ATR,1,500,False,CONFIG_LOCAL_FALLBACK_MT5_UNAVAILABLE,44,43,26,17,60.46511627906976,1.234028163514115,0.06552094291708667,0.06552094291708667,2.817400545434727,13.749425126740675,2.749885025348135,4.284569215507281,0.6114065172679716,6,513.7494251267407,0,1
GOLD,GOLD_LONG_LOGISTIC_BASE_PLUS_ML_T060,LONG,LOGISTIC,BASE_PLUS_ML,0.6,SWING_ATR,1,500,True,CONFIG_LOCAL_FALLBACK_MT5_UNAVAILABLE,44,0,0,0,0.0,0.0,0.0,0.0,0.0,0.0,0.0,0.0,,0,500.0,43,1
GOLD,GOLD_LONG_LOGISTIC_BASE_PLUS_ML_T060,LONG,LOGISTIC,BASE_PLUS_ML,0.6,SWING_ATR,1,1000,False,CONFIG_LOCAL_FALLBACK_MT5_UNAVAILABLE,44,43,26,17,60.46511627906976,1.234028163514115,0.06552094291708667,0.06552094291708667,2.817400545434727,27.49885025348135,2.749885025348135,4.284569215507281,0.6114065172679716,6,1027.4988502534814,0,1
GOLD,GOLD_LONG_LOGISTIC_BASE_PLUS_ML_T060,LONG,LOGISTIC,BASE_PLUS_ML,0.6,SWING_ATR,1,1000,True,CONFIG_LOCAL_FALLBACK_MT5_UNAVAILABLE,44,0,0,0,0.0,0.0,0.0,0.0,0.0,0.0,0.0,0.0,,0,1000.0,43,1
GOLD,GOLD_LONG_LOGISTIC_BASE_PLUS_ML_T060,LONG,LOGISTIC,BASE_PLUS_ML,0.6,SWING_ATR,1,5000,False,CONFIG_LOCAL_FALLBACK_MT5_UNAVAILABLE,44,43,26,17,60.46511627906976,1.2340281635141108,0.06552094291708667,0.06552094291708667,2.817400545434727,137.49425126740425,2.749885025348085,4.284569215507279,0.6114065172679614,6,5137.494251267404,0,1
GOLD,GOLD_LONG_LOGISTIC_BASE_PLUS_ML_T060,LONG,LOGISTIC,BASE_PLUS_ML,0.6,SWING_ATR,1,5000,True,CONFIG_LOCAL_FALLBACK_MT5_UNAVAILABLE,44,21,11,10,52.38095238095239,0.9079474640763942,-0.025005988894082978,-0.025005988894082978,-0.5251257667757425,-33.98640305450681,-0.6797280610901362,3.592606139580163,-0.17678344807277788,4,4966.013596945493,22,1
GOLD,GOLD_LONG_LOGISTIC_BASE_PLUS_ML_T060,LONG,LOGISTIC,BASE_PLUS_ML,0.6,SWING_ATR,2,100,False,CONFIG_LOCAL_FALLBACK_MT5_UNAVAILABLE,44,43,26,17,60.46511627906976,1.1657584731951864,0.048208695645970516,0.048208695645970516,2.072973912776732,1.9887301573766933,1.9887301573766933,4.398234258787882,0.45097551511662376,6,101.9887301573767,0,1
GOLD,GOLD_LONG_LOGISTIC_BASE_PLUS_ML_T060,LONG,LOGISTIC,BASE_PLUS_ML,0.6,SWING_ATR,2,100,True,CONFIG_LOCAL_FALLBACK_MT5_UNAVAILABLE,44,0,0,0,0.0,0.0,0.0,0.0,0.0,0.0,0.0,0.0,,0,100.0,43,1
GOLD,GOLD_LONG_LOGISTIC_BASE_PLUS_ML_T060,LONG,LOGISTIC,BASE_PLUS_ML,0.6,SWING_ATR,2,500,False,CONFIG_LOCAL_FALLBACK_MT5_UNAVAILABLE,44,43,26,17,60.46511627906976,1.1657584731951867,0.048208695645970516,0.048208695645970516,2.072973912776732,9.943650786883495,1.9887301573766991,4.398234258787899,0.45097551511662426,6,509.9436507868835,0,1
GOLD,GOLD_LONG_LOGISTIC_BASE_PLUS_ML_T060,LONG,LOGISTIC,BASE_PLUS_ML,0.6,SWING_ATR,2,500,True,CONFIG_LOCAL_FALLBACK_MT5_UNAVAILABLE,44,0,0,0,0.0,0.0,0.0,0.0,0.0,0.0,0.0,0.0,,0,500.0,43,1
GOLD,GOLD_LONG_LOGISTIC_BASE_PLUS_ML_T060,LONG,LOGISTIC,BASE_PLUS_ML,0.6,SWING_ATR,2,1000,False,CONFIG_LOCAL_FALLBACK_MT5_UNAVAILABLE,44,43,26,17,60.46511627906976,1.1657584731951867,0.048208695645970516,0.048208695645970516,2.072973912776732,19.88730157376699,1.9887301573766991,4.398234258787899,0.45097551511662426,6,1019.887301573767,0,1
GOLD,GOLD_LONG_LOGISTIC_BASE_PLUS_ML_T060,LONG,LOGISTIC,BASE_PLUS_ML,0.6,SWING_ATR,2,1000,True,CONFIG_LOCAL_FALLBACK_MT5_UNAVAILABLE,44,0,0,0,0.0,0.0,0.0,0.0,0.0,0.0,0.0,0.0,,0,1000.0,43,1
GOLD,GOLD_LONG_LOGISTIC_BASE_PLUS_ML_T060,LONG,LOGISTIC,BASE_PLUS_ML,0.6,SWING_ATR,2,5000,False,CONFIG_LOCAL_FALLBACK_MT5_UNAVAILABLE,44,43,26,17,60.46511627906976,1.1657584731951824,0.048208695645970516,0.048208695645970516,2.072973912776732,99.43650786883245,1.988730157376649,4.398234258787899,0.45097551511661405,6,5099.436507868832,0,1
GOLD,GOLD_LONG_LOGISTIC_BASE_PLUS_ML_T060,LONG,LOGISTIC,BASE_PLUS_ML,0.6,SWING_ATR,2,5000,True,CONFIG_LOCAL_FALLBACK_MT5_UNAVAILABLE,44,21,11,10,52.38095238095239,0.8533882991266936,-0.0502546349419087,-0.0502546349419087,-1.0553473337800827,-55.46487218298989,-1.1092974436597978,3.676519118947217,-0.30074616094353385,4,4944.53512781701,22,1
GOLD,GOLD_LONG_LOGISTIC_BASE_PLUS_ML_T060,LONG,LOGISTIC,BASE_PLUS_ML,0.6,SWING_ATR,5,100,False,CONFIG_LOCAL_FALLBACK_MT5_UNAVAILABLE,44,43,26,17,60.46511627906976,0.9794096444525072,-0.0037280461673779943,-0.0037280461673779943,-0.16030598519725375,-0.26212059084960515,-0.26212059084960515,4.96358303478194,-0.03508866281681055,6,99.7378794091504,0,1
GOLD,GOLD_LONG_LOGISTIC_BASE_PLUS_ML_T060,LONG,LOGISTIC,BASE_PLUS_ML,0.6,SWING_ATR,5,100,True,CONFIG_LOCAL_FALLBACK_MT5_UNAVAILABLE,44,0,0,0,0.0,0.0,0.0,0.0,0.0,0.0,0.0,0.0,,0,100.0,43,1
GOLD,GOLD_LONG_LOGISTIC_BASE_PLUS_ML_T060,LONG,LOGISTIC,BASE_PLUS_ML,0.6,SWING_ATR,5,500,False,CONFIG_LOCAL_FALLBACK_MT5_UNAVAILABLE,44,43,26,17,60.46511627906976,0.9794096444525059,-0.0037280461673779943,-0.0037280461673779943,-0.16030598519725375,-1.310602954248111,-0.2621205908496222,4.963583034781965,-0.0350886628168143,6,498.6893970457519,0,1
GOLD,GOLD_LONG_LOGISTIC_BASE_PLUS_ML_T060,LONG,LOGISTIC,BASE_PLUS_ML,0.6,SWING_ATR,5,500,True,CONFIG_LOCAL_FALLBACK_MT5_UNAVAILABLE,44,0,0,0,0.0,0.0,0.0,0.0,0.0,0.0,0.0,0.0,,0,500.0,43,1
GOLD,GOLD_LONG_LOGISTIC_BASE_PLUS_ML_T060,LONG,LOGISTIC,BASE_PLUS_ML,0.6,SWING_ATR,5,1000,False,CONFIG_LOCAL_FALLBACK_MT5_UNAVAILABLE,44,43,26,17,60.46511627906976,0.9794096444525059,-0.0037280461673779943,-0.0037280461673779943,-0.16030598519725375,-2.621205908496222,-0.2621205908496222,4.963583034781965,-0.0350886628168143,6,997.3787940915038,0,1
GOLD,GOLD_LONG_LOGISTIC_BASE_PLUS_ML_T060,LONG,LOGISTIC,BASE_PLUS_ML,0.6,SWING_ATR,5,1000,True,CONFIG_LOCAL_FALLBACK_MT5_UNAVAILABLE,44,0,0,0,0.0,0.0,0.0,0.0,0.0,0.0,0.0,0.0,,0,1000.0,43,1
GOLD,GOLD_LONG_LOGISTIC_BASE_PLUS_ML_T060,LONG,LOGISTIC,BASE_PLUS_ML,0.6,SWING_ATR,5,5000,False,CONFIG_LOCAL_FALLBACK_MT5_UNAVAILABLE,44,43,26,17,60.46511627906976,0.9794096444525098,-0.0037280461673779943,-0.0037280461673779943,-0.16030598519725375,-13.106029542478609,-0.2621205908495722,4.9635830347819665,-0.03508866281680313,6,4986.893970457521,0,1
GOLD,GOLD_LONG_LOGISTIC_BASE_PLUS_ML_T060,LONG,LOGISTIC,BASE_PLUS_ML,0.6,SWING_ATR,5,5000,True,CONFIG_LOCAL_FALLBACK_MT5_UNAVAILABLE,44,21,11,10,52.38095238095239,0.7044065794056952,-0.12600057308538593,-0.12600057308538593,-2.6460120347931047,-119.90027956843551,-2.3980055913687104,3.9294494918298333,-0.6797763913080885,4,4880.0997204315645,22,1
GOLD,GOLD_LONG_LOGISTIC_BASE_PLUS_ML_T060,LONG,LOGISTIC,BASE_PLUS_ML,0.6,SWING_ATR_RR,0,100,False,CONFIG_LOCAL_FALLBACK_MT5_UNAVAILABLE,44,43,23,20,53.48837209302325,1.6307244573972737,0.18574176511919233,0.18574176511919233,7.98689590012527,8.10380927098636,8.10380927098636,4.170796839777687,1.2854396598582727,6,108.10380927098636,0,1
GOLD,GOLD_LONG_LOGISTIC_BASE_PLUS_ML_T060,LONG,LOGISTIC,BASE_PLUS_ML,0.6,SWING_ATR_RR,0,100,True,CONFIG_LOCAL_FALLBACK_MT5_UNAVAILABLE,44,0,0,0,0.0,0.0,0.0,0.0,0.0,0.0,0.0,0.0,,0,100.0,43,1
GOLD,GOLD_LONG_LOGISTIC_BASE_PLUS_ML_T060,LONG,LOGISTIC,BASE_PLUS_ML,0.6,SWING_ATR_RR,0,500,False,CONFIG_LOCAL_FALLBACK_MT5_UNAVAILABLE,44,43,23,20,53.48837209302325,1.6307244573972717,0.18574176511919233,0.18574176511919233,7.98689590012527,40.519046354931675,8.103809270986336,4.170796839777688,1.285439659858268,6,540.5190463549317,0,1
GOLD,GOLD_LONG_LOGISTIC_BASE_PLUS_ML_T060,LONG,LOGISTIC,BASE_PLUS_ML,0.6,SWING_ATR_RR,0,500,True,CONFIG_LOCAL_FALLBACK_MT5_UNAVAILABLE,44,0,0,0,0.0,0.0,0.0,0.0,0.0,0.0,0.0,0.0,,0,500.0,43,1
GOLD,GOLD_LONG_LOGISTIC_BASE_PLUS_ML_T060,LONG,LOGISTIC,BASE_PLUS_ML,0.6,SWING_ATR_RR,0,1000,False,CONFIG_LOCAL_FALLBACK_MT5_UNAVAILABLE,44,43,23,20,53.48837209302325,1.6307244573972717,0.18574176511919233,0.18574176511919233,7.98689590012527,81.03809270986335,8.103809270986336,4.170796839777688,1.285439659858268,6,1081.0380927098633,0,1
GOLD,GOLD_LONG_LOGISTIC_BASE_PLUS_ML_T060,LONG,LOGISTIC,BASE_PLUS_ML,0.6,SWING_ATR_RR,0,1000,True,CONFIG_LOCAL_FALLBACK_MT5_UNAVAILABLE,44,0,0,0,0.0,0.0,0.0,0.0,0.0,0.0,0.0,0.0,,0,1000.0,43,1
GOLD,GOLD_LONG_LOGISTIC_BASE_PLUS_ML_T060,LONG,LOGISTIC,BASE_PLUS_ML,0.6,SWING_ATR_RR,0,5000,False,CONFIG_LOCAL_FALLBACK_MT5_UNAVAILABLE,44,43,23,20,53.48837209302325,1.6307244573972748,0.18574176511919233,0.18574176511919233,7.98689590012527,405.19046354931834,8.103809270986368,4.1707968397776956,1.2854396598582727,6,5405.190463549318,0,1
GOLD,GOLD_LONG_LOGISTIC_BASE_PLUS_ML_T060,LONG,LOGISTIC,BASE_PLUS_ML,0.6,SWING_ATR_RR,0,5000,True,CONFIG_LOCAL_FALLBACK_MT5_UNAVAILABLE,44,21,11,10,52.38095238095239,1.4346949427523275,0.20960129222114035,0.20960129222114035,4.401627136643947,156.5344408981873,3.130688817963746,3.4942821617005495,0.7070112204683036,4,5156.534440898187,22,1
GOLD,GOLD_LONG_LOGISTIC_BASE_PLUS_ML_T060,LONG,LOGISTIC,BASE_PLUS_ML,0.6,SWING_ATR_RR,1,100,False,CONFIG_LOCAL_FALLBACK_MT5_UNAVAILABLE,44,43,23,20,53.48837209302325,1.5565115391415296,0.16841922699058307,0.16841922699058307,7.242026760595071,7.304069429403768,7.304069429403767,4.284569215507279,1.16899810840631,6,107.30406942940377,0,1
GOLD,GOLD_LONG_LOGISTIC_BASE_PLUS_ML_T060,LONG,LOGISTIC,BASE_PLUS_ML,0.6,SWING_ATR_RR,1,100,True,CONFIG_LOCAL_FALLBACK_MT5_UNAVAILABLE,44,0,0,0,0.0,0.0,0.0,0.0,0.0,0.0,0.0,0.0,,0,100.0,43,1
GOLD,GOLD_LONG_LOGISTIC_BASE_PLUS_ML_T060,LONG,LOGISTIC,BASE_PLUS_ML,0.6,SWING_ATR_RR,1,500,False,CONFIG_LOCAL_FALLBACK_MT5_UNAVAILABLE,44,43,23,20,53.48837209302325,1.5565115391415325,0.16841922699058307,0.16841922699058307,7.242026760595071,36.52034714701904,7.304069429403808,4.284569215507268,1.1689981084063166,6,536.520347147019,0,1
GOLD,GOLD_LONG_LOGISTIC_BASE_PLUS_ML_T060,LONG,LOGISTIC,BASE_PLUS_ML,0.6,SWING_ATR_RR,1,500,True,CONFIG_LOCAL_FALLBACK_MT5_UNAVAILABLE,44,0,0,0,0.0,0.0,0.0,0.0,0.0,0.0,0.0,0.0,,0,500.0,43,1
GOLD,GOLD_LONG_LOGISTIC_BASE_PLUS_ML_T060,LONG,LOGISTIC,BASE_PLUS_ML,0.6,SWING_ATR_RR,1,1000,False,CONFIG_LOCAL_FALLBACK_MT5_UNAVAILABLE,44,43,23,20,53.48837209302325,1.5565115391415325,0.16841922699058307,0.16841922699058307,7.242026760595071,73.04069429403808,7.304069429403808,4.284569215507268,1.1689981084063166,6,1073.040694294038,0,1
GOLD,GOLD_LONG_LOGISTIC_BASE_PLUS_ML_T060,LONG,LOGISTIC,BASE_PLUS_ML,0.6,SWING_ATR_RR,1,1000,True,CONFIG_LOCAL_FALLBACK_MT5_UNAVAILABLE,44,0,0,0,0.0,0.0,0.0,0.0,0.0,0.0,0.0,0.0,,0,1000.0,43,1
GOLD,GOLD_LONG_LOGISTIC_BASE_PLUS_ML_T060,LONG,LOGISTIC,BASE_PLUS_ML,0.6,SWING_ATR_RR,1,5000,False,CONFIG_LOCAL_FALLBACK_MT5_UNAVAILABLE,44,43,23,20,53.48837209302325,1.5565115391415305,0.16841922699058307,0.16841922699058307,7.242026760595071,365.20347147018856,7.304069429403771,4.284569215507266,1.168998108406311,6,5365.203471470189,0,1
GOLD,GOLD_LONG_LOGISTIC_BASE_PLUS_ML_T060,LONG,LOGISTIC,BASE_PLUS_ML,0.6,SWING_ATR_RR,1,5000,True,CONFIG_LOCAL_FALLBACK_MT5_UNAVAILABLE,44,21,11,10,52.38095238095239,1.36575475772367,0.18433171030980788,0.18433171030980788,3.8709659165059653,135.03906753222236,2.7007813506444474,3.57763315811511,0.61498151433511,4,5135.039067532222,22,1
GOLD,GOLD_LONG_LOGISTIC_BASE_PLUS_ML_T060,LONG,LOGISTIC,BASE_PLUS_ML,0.6,SWING_ATR_RR,2,100,False,CONFIG_LOCAL_FALLBACK_MT5_UNAVAILABLE,44,43,23,20,53.48837209302325,1.4858606422127996,0.1510966888619738,0.1510966888619738,6.497157621064874,6.5100598259923,6.510059825992301,4.398234258787892,1.05174209591326,6,106.5100598259923,0,1
GOLD,GOLD_LONG_LOGISTIC_BASE_PLUS_ML_T060,LONG,LOGISTIC,BASE_PLUS_ML,0.6,SWING_ATR_RR,2,100,True,CONFIG_LOCAL_FALLBACK_MT5_UNAVAILABLE,44,0,0,0,0.0,0.0,0.0,0.0,0.0,0.0,0.0,0.0,,0,100.0,43,1
GOLD,GOLD_LONG_LOGISTIC_BASE_PLUS_ML_T060,LONG,LOGISTIC,BASE_PLUS_ML,0.6,SWING_ATR_RR,2,500,False,CONFIG_LOCAL_FALLBACK_MT5_UNAVAILABLE,44,43,23,20,53.48837209302325,1.4858606422127987,0.1510966888619738,0.1510966888619738,6.497157621064874,32.55029912996156,6.510059825992312,4.3982342587879035,1.0517420959132593,6,532.5502991299616,0,1
GOLD,GOLD_LONG_LOGISTIC_BASE_PLUS_ML_T060,LONG,LOGISTIC,BASE_PLUS_ML,0.6,SWING_ATR_RR,2,500,True,CONFIG_LOCAL_FALLBACK_MT5_UNAVAILABLE,44,0,0,0,0.0,0.0,0.0,0.0,0.0,0.0,0.0,0.0,,0,500.0,43,1
GOLD,GOLD_LONG_LOGISTIC_BASE_PLUS_ML_T060,LONG,LOGISTIC,BASE_PLUS_ML,0.6,SWING_ATR_RR,2,1000,False,CONFIG_LOCAL_FALLBACK_MT5_UNAVAILABLE,44,43,23,20,53.48837209302325,1.4858606422127987,0.1510966888619738,0.1510966888619738,6.497157621064874,65.10059825992312,6.510059825992312,4.3982342587879035,1.0517420959132593,6,1065.1005982599231,0,1
GOLD,GOLD_LONG_LOGISTIC_BASE_PLUS_ML_T060,LONG,LOGISTIC,BASE_PLUS_ML,0.6,SWING_ATR_RR,2,1000,True,CONFIG_LOCAL_FALLBACK_MT5_UNAVAILABLE,44,0,0,0,0.0,0.0,0.0,0.0,0.0,0.0,0.0,0.0,,0,1000.0,43,1
GOLD,GOLD_LONG_LOGISTIC_BASE_PLUS_ML_T060,LONG,LOGISTIC,BASE_PLUS_ML,0.6,SWING_ATR_RR,2,5000,False,CONFIG_LOCAL_FALLBACK_MT5_UNAVAILABLE,44,43,23,20,53.48837209302325,1.4858606422128016,0.1510966888619738,0.1510966888619738,6.497157621064874,325.50299129961604,6.51005982599232,4.39823425878789,1.051742095913262,6,5325.502991299616,0,1
GOLD,GOLD_LONG_LOGISTIC_BASE_PLUS_ML_T060,LONG,LOGISTIC,BASE_PLUS_ML,0.6,SWING_ATR_RR,2,5000,True,CONFIG_LOCAL_FALLBACK_MT5_UNAVAILABLE,44,21,11,10,52.38095238095239,1.3001329214323731,0.15906212839847542,0.15906212839847542,3.340304696367984,113.54369416626014,2.270873883325203,3.6611799489936083,0.5222479193639147,4,5113.54369416626,22,1
GOLD,GOLD_LONG_LOGISTIC_BASE_PLUS_ML_T060,LONG,LOGISTIC,BASE_PLUS_ML,0.6,SWING_ATR_RR,5,100,False,CONFIG_LOCAL_FALLBACK_MT5_UNAVAILABLE,44,43,23,20,53.48837209302325,1.2928975913477634,0.09912907447614601,0.09912907447614601,4.262550202474278,4.162016290731245,4.162016290731245,4.738586169701426,0.6954346594479626,6,104.16201629073124,0,1
GOLD,GOLD_LONG_LOGISTIC_BASE_PLUS_ML_T060,LONG,LOGISTIC,BASE_PLUS_ML,0.6,SWING_ATR_RR,5,100,True,CONFIG_LOCAL_FALLBACK_MT5_UNAVAILABLE,44,0,0,0,0.0,0.0,0.0,0.0,0.0,0.0,0.0,0.0,,0,100.0,43,1
GOLD,GOLD_LONG_LOGISTIC_BASE_PLUS_ML_T060,LONG,LOGISTIC,BASE_PLUS_ML,0.6,SWING_ATR_RR,5,500,False,CONFIG_LOCAL_FALLBACK_MT5_UNAVAILABLE,44,43,23,20,53.48837209302325,1.2928975913477665,0.09912907447614601,0.09912907447614601,4.262550202474278,20.81008145365638,4.162016290731276,4.73858616970141,0.6954346594479686,6,520.8100814536564,0,1
GOLD,GOLD_LONG_LOGISTIC_BASE_PLUS_ML_T060,LONG,LOGISTIC,BASE_PLUS_ML,0.6,SWING_ATR_RR,5,500,True,CONFIG_LOCAL_FALLBACK_MT5_UNAVAILABLE,44,0,0,0,0.0,0.0,0.0,0.0,0.0,0.0,0.0,0.0,,0,500.0,43,1
GOLD,GOLD_LONG_LOGISTIC_BASE_PLUS_ML_T060,LONG,LOGISTIC,BASE_PLUS_ML,0.6,SWING_ATR_RR,5,1000,False,CONFIG_LOCAL_FALLBACK_MT5_UNAVAILABLE,44,43,23,20,53.48837209302325,1.2928975913477665,0.09912907447614601,0.09912907447614601,4.262550202474278,41.62016290731276,4.162016290731276,4.73858616970141,0.6954346594479686,6,1041.6201629073128,0,1
GOLD,GOLD_LONG_LOGISTIC_BASE_PLUS_ML_T060,LONG,LOGISTIC,BASE_PLUS_ML,0.6,SWING_ATR_RR,5,1000,True,CONFIG_LOCAL_FALLBACK_MT5_UNAVAILABLE,44,0,0,0,0.0,0.0,0.0,0.0,0.0,0.0,0.0,0.0,,0,1000.0,43,1
GOLD,GOLD_LONG_LOGISTIC_BASE_PLUS_ML_T060,LONG,LOGISTIC,BASE_PLUS_ML,0.6,SWING_ATR_RR,5,5000,False,CONFIG_LOCAL_FALLBACK_MT5_UNAVAILABLE,44,43,23,20,53.48837209302325,1.2928975913477636,0.09912907447614601,0.09912907447614601,4.262550202474278,208.1008145365622,4.162016290731244,4.738586169701435,0.6954346594479625,6,5208.100814536562,0,1
GOLD,GOLD_LONG_LOGISTIC_BASE_PLUS_ML_T060,LONG,LOGISTIC,BASE_PLUS_ML,0.6,SWING_ATR_RR,5,5000,True,CONFIG_LOCAL_FALLBACK_MT5_UNAVAILABLE,44,21,11,10,52.38095238095239,1.1209429717522033,0.08325338266447797,0.08325338266447797,1.7483210359540373,49.057574068365284,0.9811514813673057,3.9130020117301414,0.2399258837405552,4,5049.057574068365,22,1
GOLD,GOLD_LONG_LOGISTIC_BASE_PLUS_ML_T060,LONG,LOGISTIC,BASE_PLUS_ML,0.6,SWING_STRUCTURAL_TARGET,0,100,False,CONFIG_LOCAL_FALLBACK_MT5_UNAVAILABLE,44,24,14,10,58.333333333333336,0.5005209551965144,-0.16873597394688153,-0.16873597394688153,-4.0496633747251565,-4.014700343678612,-4.014700343678612,4.140074027627307,-1.3329902787286652,3,95.98529965632139,0,20
GOLD,GOLD_LONG_LOGISTIC_BASE_PLUS_ML_T060,LONG,LOGISTIC,BASE_PLUS_ML,0.6,SWING_STRUCTURAL_TARGET,0,100,True,CONFIG_LOCAL_FALLBACK_MT5_UNAVAILABLE,44,0,0,0,0.0,0.0,0.0,0.0,0.0,0.0,0.0,0.0,,0,100.0,24,20
GOLD,GOLD_LONG_LOGISTIC_BASE_PLUS_ML_T060,LONG,LOGISTIC,BASE_PLUS_ML,0.6,SWING_STRUCTURAL_TARGET,0,500,False,CONFIG_LOCAL_FALLBACK_MT5_UNAVAILABLE,44,24,14,10,58.333333333333336,0.5005209551965112,-0.16873597394688153,-0.16873597394688153,-4.0496633747251565,-20.073501718393175,-4.014700343678635,4.140074027627316,-1.3329902787286758,3,479.9264982816068,0,20
GOLD,GOLD_LONG_LOGISTIC_BASE_PLUS_ML_T060,LONG,LOGISTIC,BASE_PLUS_ML,0.6,SWING_STRUCTURAL_TARGET,0,500,True,CONFIG_LOCAL_FALLBACK_MT5_UNAVAILABLE,44,0,0,0,0.0,0.0,0.0,0.0,0.0,0.0,0.0,0.0,,0,500.0,24,20
GOLD,GOLD_LONG_LOGISTIC_BASE_PLUS_ML_T060,LONG,LOGISTIC,BASE_PLUS_ML,0.6,SWING_STRUCTURAL_TARGET,0,1000,False,CONFIG_LOCAL_FALLBACK_MT5_UNAVAILABLE,44,24,14,10,58.333333333333336,0.5005209551965112,-0.16873597394688153,-0.16873597394688153,-4.0496633747251565,-40.14700343678635,-4.014700343678635,4.140074027627316,-1.3329902787286758,3,959.8529965632137,0,20
GOLD,GOLD_LONG_LOGISTIC_BASE_PLUS_ML_T060,LONG,LOGISTIC,BASE_PLUS_ML,0.6,SWING_STRUCTURAL_TARGET,0,1000,True,CONFIG_LOCAL_FALLBACK_MT5_UNAVAILABLE,44,0,0,0,0.0,0.0,0.0,0.0,0.0,0.0,0.0,0.0,,0,1000.0,24,20
GOLD,GOLD_LONG_LOGISTIC_BASE_PLUS_ML_T060,LONG,LOGISTIC,BASE_PLUS_ML,0.6,SWING_STRUCTURAL_TARGET,0,5000,False,CONFIG_LOCAL_FALLBACK_MT5_UNAVAILABLE,44,24,14,10,58.333333333333336,0.5005209551965139,-0.16873597394688153,-0.16873597394688153,-4.0496633747251565,-200.73501718393072,-4.014700343678614,4.1400740276272945,-1.3329902787286656,3,4799.264982816069,0,20
GOLD,GOLD_LONG_LOGISTIC_BASE_PLUS_ML_T060,LONG,LOGISTIC,BASE_PLUS_ML,0.6,SWING_STRUCTURAL_TARGET,0,5000,True,CONFIG_LOCAL_FALLBACK_MT5_UNAVAILABLE,44,14,8,6,57.14285714285714,0.48091132719913526,-0.20942056019019822,-0.20942056019019822,-2.9318878426627752,-135.46286966439675,-2.7092573932879347,2.8435617402124262,-1.119419401745611,3,4864.537130335603,10,20
GOLD,GOLD_LONG_LOGISTIC_BASE_PLUS_ML_T060,LONG,LOGISTIC,BASE_PLUS_ML,0.6,SWING_STRUCTURAL_TARGET,1,100,False,CONFIG_LOCAL_FALLBACK_MT5_UNAVAILABLE,44,24,14,10,58.333333333333336,0.4568849164132045,-0.1875571231792924,-0.1875571231792924,-4.501370956303018,-4.447813687463196,-4.447813687463196,4.46068177104459,-1.486434512497455,3,95.5521863125368,0,20
GOLD,GOLD_LONG_LOGISTIC_BASE_PLUS_ML_T060,LONG,LOGISTIC,BASE_PLUS_ML,0.6,SWING_STRUCTURAL_TARGET,1,100,True,CONFIG_LOCAL_FALLBACK_MT5_UNAVAILABLE,44,0,0,0,0.0,0.0,0.0,0.0,0.0,0.0,0.0,0.0,,0,100.0,24,20
GOLD,GOLD_LONG_LOGISTIC_BASE_PLUS_ML_T060,LONG,LOGISTIC,BASE_PLUS_ML,0.6,SWING_STRUCTURAL_TARGET,1,500,False,CONFIG_LOCAL_FALLBACK_MT5_UNAVAILABLE,44,24,14,10,58.333333333333336,0.45688491641320206,-0.1875571231792924,-0.1875571231792924,-4.501370956303018,-22.239068437316064,-4.447813687463213,4.460681771044594,-1.4864345124974643,3,477.76093156268394,0,20
GOLD,GOLD_LONG_LOGISTIC_BASE_PLUS_ML_T060,LONG,LOGISTIC,BASE_PLUS_ML,0.6,SWING_STRUCTURAL_TARGET,1,500,True,CONFIG_LOCAL_FALLBACK_MT5_UNAVAILABLE,44,0,0,0,0.0,0.0,0.0,0.0,0.0,0.0,0.0,0.0,,0,500.0,24,20
GOLD,GOLD_LONG_LOGISTIC_BASE_PLUS_ML_T060,LONG,LOGISTIC,BASE_PLUS_ML,0.6,SWING_STRUCTURAL_TARGET,1,1000,False,CONFIG_LOCAL_FALLBACK_MT5_UNAVAILABLE,44,24,14,10,58.333333333333336,0.45688491641320206,-0.1875571231792924,-0.1875571231792924,-4.501370956303018,-44.47813687463213,-4.447813687463213,4.460681771044594,-1.4864345124974643,3,955.5218631253679,0,20
GOLD,GOLD_LONG_LOGISTIC_BASE_PLUS_ML_T060,LONG,LOGISTIC,BASE_PLUS_ML,0.6,SWING_STRUCTURAL_TARGET,1,1000,True,CONFIG_LOCAL_FALLBACK_MT5_UNAVAILABLE,44,0,0,0,0.0,0.0,0.0,0.0,0.0,0.0,0.0,0.0,,0,1000.0,24,20
GOLD,GOLD_LONG_LOGISTIC_BASE_PLUS_ML_T060,LONG,LOGISTIC,BASE_PLUS_ML,0.6,SWING_STRUCTURAL_TARGET,1,5000,False,CONFIG_LOCAL_FALLBACK_MT5_UNAVAILABLE,44,24,14,10,58.333333333333336,0.45688491641320095,-0.1875571231792924,-0.1875571231792924,-4.501370956303018,-222.3906843731611,-4.4478136874632215,4.460681771044596,-1.486434512497468,3,4777.609315626839,0,20
GOLD,GOLD_LONG_LOGISTIC_BASE_PLUS_ML_T060,LONG,LOGISTIC,BASE_PLUS_ML,0.6,SWING_STRUCTURAL_TARGET,1,5000,True,CONFIG_LOCAL_FALLBACK_MT5_UNAVAILABLE,44,14,8,6,57.14285714285714,0.43814500279512936,-0.23457201903061073,-0.23457201903061073,-3.2840082664285504,-149.83636341649253,-2.9967272683298507,2.9967272683298507,-1.2447642244128911,3,4850.1636365835075,10,20
GOLD,GOLD_LONG_LOGISTIC_BASE_PLUS_ML_T060,LONG,LOGISTIC,BASE_PLUS_ML,0.6,SWING_STRUCTURAL_TARGET,2,100,False,CONFIG_LOCAL_FALLBACK_MT5_UNAVAILABLE,44,24,14,10,58.333333333333336,0.41501112083453945,-0.20637827241170328,-0.20637827241170328,-4.953078537880879,-4.879076612230449,-4.879076612230449,4.879076612230449,-1.6404314682567607,3,95.12092338776955,0,20
GOLD,GOLD_LONG_LOGISTIC_BASE_PLUS_ML_T060,LONG,LOGISTIC,BASE_PLUS_ML,0.6,SWING_STRUCTURAL_TARGET,2,100,True,CONFIG_LOCAL_FALLBACK_MT5_UNAVAILABLE,44,0,0,0,0.0,0.0,0.0,0.0,0.0,0.0,0.0,0.0,,0,100.0,24,20
GOLD,GOLD_LONG_LOGISTIC_BASE_PLUS_ML_T060,LONG,LOGISTIC,BASE_PLUS_ML,0.6,SWING_STRUCTURAL_TARGET,2,500,False,CONFIG_LOCAL_FALLBACK_MT5_UNAVAILABLE,44,24,14,10,58.333333333333336,0.4150111208345408,-0.20637827241170328,-0.20637827241170328,-4.953078537880879,-24.39538306115213,-4.879076612230426,4.879076612230426,-1.6404314682567542,3,475.60461693884787,0,20
GOLD,GOLD_LONG_LOGISTIC_BASE_PLUS_ML_T060,LONG,LOGISTIC,BASE_PLUS_ML,0.6,SWING_STRUCTURAL_TARGET,2,500,True,CONFIG_LOCAL_FALLBACK_MT5_UNAVAILABLE,44,0,0,0,0.0,0.0,0.0,0.0,0.0,0.0,0.0,0.0,,0,500.0,24,20
GOLD,GOLD_LONG_LOGISTIC_BASE_PLUS_ML_T060,LONG,LOGISTIC,BASE_PLUS_ML,0.6,SWING_STRUCTURAL_TARGET,2,1000,False,CONFIG_LOCAL_FALLBACK_MT5_UNAVAILABLE,44,24,14,10,58.333333333333336,0.4150111208345408,-0.20637827241170328,-0.20637827241170328,-4.953078537880879,-48.79076612230426,-4.879076612230426,4.879076612230426,-1.6404314682567542,3,951.2092338776957,0,20
GOLD,GOLD_LONG_LOGISTIC_BASE_PLUS_ML_T060,LONG,LOGISTIC,BASE_PLUS_ML,0.6,SWING_STRUCTURAL_TARGET,2,1000,True,CONFIG_LOCAL_FALLBACK_MT5_UNAVAILABLE,44,0,0,0,0.0,0.0,0.0,0.0,0.0,0.0,0.0,0.0,,0,1000.0,24,20
GOLD,GOLD_LONG_LOGISTIC_BASE_PLUS_ML_T060,LONG,LOGISTIC,BASE_PLUS_ML,0.6,SWING_STRUCTURAL_TARGET,2,5000,False,CONFIG_LOCAL_FALLBACK_MT5_UNAVAILABLE,44,24,14,10,58.333333333333336,0.4150111208345361,-0.20637827241170328,-0.20637827241170328,-4.953078537880879,-243.9538306115228,-4.879076612230455,4.879076612230455,-1.6404314682567733,3,4756.046169388477,0,20
GOLD,GOLD_LONG_LOGISTIC_BASE_PLUS_ML_T060,LONG,LOGISTIC,BASE_PLUS_ML,0.6,SWING_STRUCTURAL_TARGET,2,5000,True,CONFIG_LOCAL_FALLBACK_MT5_UNAVAILABLE,44,14,8,6,57.14285714285714,0.39717432353922183,-0.25972347787102323,-0.25972347787102323,-3.636128690194325,-164.2098571685865,-3.2841971433717294,3.2841971433717294,-1.3709990983764138,3,4835.7901428314135,10,20
GOLD,GOLD_LONG_LOGISTIC_BASE_PLUS_ML_T060,LONG,LOGISTIC,BASE_PLUS_ML,0.6,SWING_STRUCTURAL_TARGET,5,100,False,CONFIG_LOCAL_FALLBACK_MT5_UNAVAILABLE,44,24,13,11,54.166666666666664,0.3018293991966012,-0.262841720108936,-0.262841720108936,-6.308201282614463,-6.161837438848849,-6.161837438848849,6.161837438848849,-2.104498032148153,3,93.83816256115115,0,20
GOLD,GOLD_LONG_LOGISTIC_BASE_PLUS_ML_T060,LONG,LOGISTIC,BASE_PLUS_ML,0.6,SWING_STRUCTURAL_TARGET,5,100,True,CONFIG_LOCAL_FALLBACK_MT5_UNAVAILABLE,44,0,0,0,0.0,0.0,0.0,0.0,0.0,0.0,0.0,0.0,,0,100.0,24,20
GOLD,GOLD_LONG_LOGISTIC_BASE_PLUS_ML_T060,LONG,LOGISTIC,BASE_PLUS_ML,0.6,SWING_STRUCTURAL_TARGET,5,500,False,CONFIG_LOCAL_FALLBACK_MT5_UNAVAILABLE,44,24,13,11,54.166666666666664,0.3018293991965961,-0.262841720108936,-0.262841720108936,-6.308201282614463,-30.809187194244487,-6.161837438848897,6.161837438848897,-2.1044980321481708,3,469.1908128057555,0,20
GOLD,GOLD_LONG_LOGISTIC_BASE_PLUS_ML_T060,LONG,LOGISTIC,BASE_PLUS_ML,0.6,SWING_STRUCTURAL_TARGET,5,500,True,CONFIG_LOCAL_FALLBACK_MT5_UNAVAILABLE,44,0,0,0,0.0,0.0,0.0,0.0,0.0,0.0,0.0,0.0,,0,500.0,24,20
GOLD,GOLD_LONG_LOGISTIC_BASE_PLUS_ML_T060,LONG,LOGISTIC,BASE_PLUS_ML,0.6,SWING_STRUCTURAL_TARGET,5,1000,False,CONFIG_LOCAL_FALLBACK_MT5_UNAVAILABLE,44,24,13,11,54.166666666666664,0.3018293991965961,-0.262841720108936,-0.262841720108936,-6.308201282614463,-61.618374388488974,-6.161837438848897,6.161837438848897,-2.1044980321481708,3,938.381625611511,0,20
GOLD,GOLD_LONG_LOGISTIC_BASE_PLUS_ML_T060,LONG,LOGISTIC,BASE_PLUS_ML,0.6,SWING_STRUCTURAL_TARGET,5,1000,True,CONFIG_LOCAL_FALLBACK_MT5_UNAVAILABLE,44,0,0,0,0.0,0.0,0.0,0.0,0.0,0.0,0.0,0.0,,0,1000.0,24,20
GOLD,GOLD_LONG_LOGISTIC_BASE_PLUS_ML_T060,LONG,LOGISTIC,BASE_PLUS_ML,0.6,SWING_STRUCTURAL_TARGET,5,5000,False,CONFIG_LOCAL_FALLBACK_MT5_UNAVAILABLE,44,24,13,11,54.166666666666664,0.30182939919659746,-0.262841720108936,-0.262841720108936,-6.308201282614463,-308.0918719424453,-6.161837438848907,6.161837438848907,-2.1044980321481677,3,4691.908128057555,0,20
GOLD,GOLD_LONG_LOGISTIC_BASE_PLUS_ML_T060,LONG,LOGISTIC,BASE_PLUS_ML,0.6,SWING_STRUCTURAL_TARGET,5,5000,True,CONFIG_LOCAL_FALLBACK_MT5_UNAVAILABLE,44,14,7,7,50.0,0.2871557941256252,-0.3351778543922607,-0.3351778543922607,-4.69248996149165,-207.33033842487566,-4.146606768497514,4.146606768497514,-1.7546173406572891,3,4792.669661575124,10,20
GOLD,GOLD_LONG_LOGISTIC_BASE_PLUS_ML_T055,LONG,LOGISTIC,BASE_PLUS_ML,0.55,ATR_ONLY,0,100,False,CONFIG_LOCAL_FALLBACK_MT5_UNAVAILABLE,72,72,31,41,43.05555555555556,1.4370425863965923,0.2683934935176803,0.2683934935176803,19.324331533272982,20.35230325398942,20.35230325398942,10.202555760459049,1.5368035340211306,9,120.35230325398942,0,0
GOLD,GOLD_LONG_LOGISTIC_BASE_PLUS_ML_T055,LONG,LOGISTIC,BASE_PLUS_ML,0.55,ATR_ONLY,0,100,True,CONFIG_LOCAL_FALLBACK_MT5_UNAVAILABLE,72,0,0,0,0.0,0.0,0.0,0.0,0.0,0.0,0.0,0.0,,0,100.0,72,0
GOLD,GOLD_LONG_LOGISTIC_BASE_PLUS_ML_T055,LONG,LOGISTIC,BASE_PLUS_ML,0.55,ATR_ONLY,0,500,False,CONFIG_LOCAL_FALLBACK_MT5_UNAVAILABLE,72,72,31,41,43.05555555555556,1.437042586396591,0.2683934935176803,0.2683934935176803,19.324331533272982,101.76151626994692,20.352303253989383,10.202555760459072,1.536803534021127,9,601.7615162699469,0,0
GOLD,GOLD_LONG_LOGISTIC_BASE_PLUS_ML_T055,LONG,LOGISTIC,BASE_PLUS_ML,0.55,ATR_ONLY,0,500,True,CONFIG_LOCAL_FALLBACK_MT5_UNAVAILABLE,72,0,0,0,0.0,0.0,0.0,0.0,0.0,0.0,0.0,0.0,,0,500.0,72,0
GOLD,GOLD_LONG_LOGISTIC_BASE_PLUS_ML_T055,LONG,LOGISTIC,BASE_PLUS_ML,0.55,ATR_ONLY,0,1000,False,CONFIG_LOCAL_FALLBACK_MT5_UNAVAILABLE,72,72,31,41,43.05555555555556,1.437042586396591,0.2683934935176803,0.2683934935176803,19.324331533272982,203.52303253989385,20.352303253989383,10.202555760459072,1.536803534021127,9,1203.5230325398938,0,0
GOLD,GOLD_LONG_LOGISTIC_BASE_PLUS_ML_T055,LONG,LOGISTIC,BASE_PLUS_ML,0.55,ATR_ONLY,0,1000,True,CONFIG_LOCAL_FALLBACK_MT5_UNAVAILABLE,72,25,8,17,32.0,0.9282885639682469,-0.04000000000000477,-0.04000000000000477,-1.0000000000001192,-9.661985690171605,-0.9661985690171605,4.489205096314718,-0.1429229395312877,6,990.3380143098284,47,0
GOLD,GOLD_LONG_LOGISTIC_BASE_PLUS_ML_T055,LONG,LOGISTIC,BASE_PLUS_ML,0.55,ATR_ONLY,0,5000,False,CONFIG_LOCAL_FALLBACK_MT5_UNAVAILABLE,72,72,31,41,43.05555555555556,1.4370425863965908,0.2683934935176803,0.2683934935176803,19.324331533272982,1017.6151626994679,20.352303253989355,10.202555760459058,1.5368035340211261,9,6017.615162699468,0,0
GOLD,GOLD_LONG_LOGISTIC_BASE_PLUS_ML_T055,LONG,LOGISTIC,BASE_PLUS_ML,0.55,ATR_ONLY,0,5000,True,CONFIG_LOCAL_FALLBACK_MT5_UNAVAILABLE,72,71,31,40,43.66197183098591,1.4380962098474768,0.2862581906094786,0.2862581906094786,20.324331533272982,833.7188541761279,16.67437708352256,8.011794108113259,1.4919683526156275,9,5833.718854176128,1,0
GOLD,GOLD_LONG_LOGISTIC_BASE_PLUS_ML_T055,LONG,LOGISTIC,BASE_PLUS_ML,0.55,ATR_ONLY,1,100,False,CONFIG_LOCAL_FALLBACK_MT5_UNAVAILABLE,72,72,31,41,43.05555555555556,1.3158615591275864,0.20761245618754626,0.20761245618754626,14.948096845503331,15.208044571431088,15.20804457143109,10.801208116023247,1.187557571305763,9,115.20804457143109,0,0
GOLD,GOLD_LONG_LOGISTIC_BASE_PLUS_ML_T055,LONG,LOGISTIC,BASE_PLUS_ML,0.55,ATR_ONLY,1,100,True,CONFIG_LOCAL_FALLBACK_MT5_UNAVAILABLE,72,0,0,0,0.0,0.0,0.0,0.0,0.0,0.0,0.0,0.0,,0,100.0,72,0
GOLD,GOLD_LONG_LOGISTIC_BASE_PLUS_ML_T055,LONG,LOGISTIC,BASE_PLUS_ML,0.55,ATR_ONLY,1,500,False,CONFIG_LOCAL_FALLBACK_MT5_UNAVAILABLE,72,72,31,41,43.05555555555556,1.3158615591275873,0.20761245618754626,0.20761245618754626,14.948096845503331,76.04022285715564,15.20804457143113,10.801208116023247,1.1875575713057658,9,576.0402228571556,0,0
GOLD,GOLD_LONG_LOGISTIC_BASE_PLUS_ML_T055,LONG,LOGISTIC,BASE_PLUS_ML,0.55,ATR_ONLY,1,500,True,CONFIG_LOCAL_FALLBACK_MT5_UNAVAILABLE,72,0,0,0,0.0,0.0,0.0,0.0,0.0,0.0,0.0,0.0,,0,500.0,72,0
GOLD,GOLD_LONG_LOGISTIC_BASE_PLUS_ML_T055,LONG,LOGISTIC,BASE_PLUS_ML,0.55,ATR_ONLY,1,1000,False,CONFIG_LOCAL_FALLBACK_MT5_UNAVAILABLE,72,72,31,41,43.05555555555556,1.3158615591275873,0.20761245618754626,0.20761245618754626,14.948096845503331,152.08044571431128,15.20804457143113,10.801208116023247,1.1875575713057658,9,1152.0804457143113,0,0
GOLD,GOLD_LONG_LOGISTIC_BASE_PLUS_ML_T055,LONG,LOGISTIC,BASE_PLUS_ML,0.55,ATR_ONLY,1,1000,True,CONFIG_LOCAL_FALLBACK_MT5_UNAVAILABLE,72,24,8,16,33.33333333333333,0.8861882163045482,-0.08516453283384058,-0.08516453283384058,-2.043948788012174,-15.387974523069488,-1.5387974523069488,4.900946916325469,-0.24893290958760253,6,984.6120254769305,48,0
GOLD,GOLD_LONG_LOGISTIC_BASE_PLUS_ML_T055,LONG,LOGISTIC,BASE_PLUS_ML,0.55,ATR_ONLY,1,5000,False,CONFIG_LOCAL_FALLBACK_MT5_UNAVAILABLE,72,72,31,41,43.05555555555556,1.3158615591275862,0.20761245618754626,0.20761245618754626,14.948096845503331,760.4022285715537,15.208044571431072,10.80120811602322,1.1875575713057627,9,5760.402228571554,0,0
GOLD,GOLD_LONG_LOGISTIC_BASE_PLUS_ML_T055,LONG,LOGISTIC,BASE_PLUS_ML,0.55,ATR_ONLY,1,5000,True,CONFIG_LOCAL_FALLBACK_MT5_UNAVAILABLE,72,71,31,40,43.66197183098591,1.3115774410433545,0.22481475250535737,0.22481475250535737,15.961847427880373,610.047276881699,12.200945537633979,8.012763066382393,1.1346109562280247,9,5610.047276881699,1,0
GOLD,GOLD_LONG_LOGISTIC_BASE_PLUS_ML_T055,LONG,LOGISTIC,BASE_PLUS_ML,0.55,ATR_ONLY,2,100,False,CONFIG_LOCAL_FALLBACK_MT5_UNAVAILABLE,72,72,31,41,43.05555555555556,1.207082729893822,0.1468314188574122,0.1468314188574122,10.571862157733678,10.2803718359216,10.2803718359216,11.396143620719998,0.8388480341380755,9,110.2803718359216,0,0
GOLD,GOLD_LONG_LOGISTIC_BASE_PLUS_ML_T055,LONG,LOGISTIC,BASE_PLUS_ML,0.55,ATR_ONLY,2,100,True,CONFIG_LOCAL_FALLBACK_MT5_UNAVAILABLE,72,0,0,0,0.0,0.0,0.0,0.0,0.0,0.0,0.0,0.0,,0,100.0,72,0
GOLD,GOLD_LONG_LOGISTIC_BASE_PLUS_ML_T055,LONG,LOGISTIC,BASE_PLUS_ML,0.55,ATR_ONLY,2,500,False,CONFIG_LOCAL_FALLBACK_MT5_UNAVAILABLE,72,72,31,41,43.05555555555556,1.2070827298938218,0.1468314188574122,0.1468314188574122,10.571862157733678,51.40185917960787,10.280371835921574,11.396143620719974,0.8388480341380745,9,551.4018591796079,0,0
GOLD,GOLD_LONG_LOGISTIC_BASE_PLUS_ML_T055,LONG,LOGISTIC,BASE_PLUS_ML,0.55,ATR_ONLY,2,500,True,CONFIG_LOCAL_FALLBACK_MT5_UNAVAILABLE,72,0,0,0,0.0,0.0,0.0,0.0,0.0,0.0,0.0,0.0,,0,500.0,72,0
GOLD,GOLD_LONG_LOGISTIC_BASE_PLUS_ML_T055,LONG,LOGISTIC,BASE_PLUS_ML,0.55,ATR_ONLY,2,1000,False,CONFIG_LOCAL_FALLBACK_MT5_UNAVAILABLE,72,72,31,41,43.05555555555556,1.2070827298938218,0.1468314188574122,0.1468314188574122,10.571862157733678,102.80371835921574,10.280371835921574,11.396143620719974,0.8388480341380745,9,1102.8037183592157,0,0
GOLD,GOLD_LONG_LOGISTIC_BASE_PLUS_ML_T055,LONG,LOGISTIC,BASE_PLUS_ML,0.55,ATR_ONLY,2,1000,True,CONFIG_LOCAL_FALLBACK_MT5_UNAVAILABLE,72,24,8,16,33.33333333333333,0.7866688923462999,-0.17032906566767617,-0.17032906566767617,-4.087897576024228,-31.067443662765754,-3.1067443662765757,5.365715534762783,-0.5303598741321598,6,968.9325563372342,48,0
GOLD,GOLD_LONG_LOGISTIC_BASE_PLUS_ML_T055,LONG,LOGISTIC,BASE_PLUS_ML,0.55,ATR_ONLY,2,5000,False,CONFIG_LOCAL_FALLBACK_MT5_UNAVAILABLE,72,72,31,41,43.05555555555556,1.2070827298938203,0.1468314188574122,0.1468314188574122,10.571862157733678,514.0185917960762,10.280371835921523,11.396143620720007,0.8388480341380693,9,5514.018591796076,0,0
GOLD,GOLD_LONG_LOGISTIC_BASE_PLUS_ML_T055,LONG,LOGISTIC,BASE_PLUS_ML,0.55,ATR_ONLY,2,5000,True,CONFIG_LOCAL_FALLBACK_MT5_UNAVAILABLE,72,71,31,40,43.66197183098591,1.1738212819131855,0.16337131440123612,0.16337131440123612,11.599363322487765,360.705104074661,7.214102081493221,9.407571664484431,0.7012013075401603,9,5360.705104074661,1,0
GOLD,GOLD_LONG_LOGISTIC_BASE_PLUS_ML_T055,LONG,LOGISTIC,BASE_PLUS_ML,0.55,ATR_ONLY,5,100,False,CONFIG_LOCAL_FALLBACK_MT5_UNAVAILABLE,72,72,31,41,43.05555555555556,0.9386786932277067,-0.03551169313299,-0.03551169313299,-2.55684190557528,-3.291114941362892,-3.2911149413628915,13.158862270036858,-0.20187424484647015,9,96.70888505863711,0,0
GOLD,GOLD_LONG_LOGISTIC_BASE_PLUS_ML_T055,LONG,LOGISTIC,BASE_PLUS_ML,0.55,ATR_ONLY,5,100,True,CONFIG_LOCAL_FALLBACK_MT5_UNAVAILABLE,72,0,0,0,0.0,0.0,0.0,0.0,0.0,0.0,0.0,0.0,,0,100.0,72,0
GOLD,GOLD_LONG_LOGISTIC_BASE_PLUS_ML_T055,LONG,LOGISTIC,BASE_PLUS_ML,0.55,ATR_ONLY,5,500,False,CONFIG_LOCAL_FALLBACK_MT5_UNAVAILABLE,72,72,31,41,43.05555555555556,0.9386786932277061,-0.03551169313299,-0.03551169313299,-2.55684190557528,-16.455574706814616,-3.291114941362923,13.158862270036906,-0.20187424484647262,9,483.5444252931854,0,0
GOLD,GOLD_LONG_LOGISTIC_BASE_PLUS_ML_T055,LONG,LOGISTIC,BASE_PLUS_ML,0.55,ATR_ONLY,5,500,True,CONFIG_LOCAL_FALLBACK_MT5_UNAVAILABLE,72,0,0,0,0.0,0.0,0.0,0.0,0.0,0.0,0.0,0.0,,0,500.0,72,0
GOLD,GOLD_LONG_LOGISTIC_BASE_PLUS_ML_T055,LONG,LOGISTIC,BASE_PLUS_ML,0.55,ATR_ONLY,5,1000,False,CONFIG_LOCAL_FALLBACK_MT5_UNAVAILABLE,72,72,31,41,43.05555555555556,0.9386786932277061,-0.03551169313299,-0.03551169313299,-2.55684190557528,-32.91114941362923,-3.291114941362923,13.158862270036906,-0.20187424484647262,9,967.0888505863708,0,0
GOLD,GOLD_LONG_LOGISTIC_BASE_PLUS_ML_T055,LONG,LOGISTIC,BASE_PLUS_ML,0.55,ATR_ONLY,5,1000,True,CONFIG_LOCAL_FALLBACK_MT5_UNAVAILABLE,72,24,8,16,33.33333333333333,0.5584852061097643,-0.4258226641691831,-0.4258226641691831,-10.219743940060393,-78.10585108185387,-7.810585108185387,8.902162005135926,-1.378096371467973,6,921.8941489181461,48,0
GOLD,GOLD_LONG_LOGISTIC_BASE_PLUS_ML_T055,LONG,LOGISTIC,BASE_PLUS_ML,0.55,ATR_ONLY,5,5000,False,CONFIG_LOCAL_FALLBACK_MT5_UNAVAILABLE,72,72,31,41,43.05555555555556,0.9386786932277065,-0.03551169313299,-0.03551169313299,-2.55684190557528,-164.55574706814514,-3.2911149413629026,13.15886227003687,-0.20187424484647087,9,4835.444252931855,0,0
GOLD,GOLD_LONG_LOGISTIC_BASE_PLUS_ML_T055,LONG,LOGISTIC,BASE_PLUS_ML,0.55,ATR_ONLY,5,5000,True,CONFIG_LOCAL_FALLBACK_MT5_UNAVAILABLE,72,71,31,40,43.66197183098591,0.9092854895336897,-0.02095899991112764,-0.02095899991112764,-1.4880889936900625,-209.74672817321425,-4.194934563464285,11.036035245901097,-0.3349503792590826,9,4790.253271826786,1,0
GOLD,GOLD_LONG_LOGISTIC_BASE_PLUS_ML_T055,LONG,LOGISTIC,BASE_PLUS_ML,0.55,SWING_ATR,0,100,False,CONFIG_LOCAL_FALLBACK_MT5_UNAVAILABLE,72,71,42,29,59.154929577464785,1.2553968912564897,0.07744591257818109,0.07744591257818109,5.498659793050858,5.453096897450166,5.453096897450166,6.008671285731677,0.8926349359701818,4,105.45309689745017,0,1
GOLD,GOLD_LONG_LOGISTIC_BASE_PLUS_ML_T055,LONG,LOGISTIC,BASE_PLUS_ML,0.55,SWING_ATR,0,100,True,CONFIG_LOCAL_FALLBACK_MT5_UNAVAILABLE,72,0,0,0,0.0,0.0,0.0,0.0,0.0,0.0,0.0,0.0,,0,100.0,71,1
GOLD,GOLD_LONG_LOGISTIC_BASE_PLUS_ML_T055,LONG,LOGISTIC,BASE_PLUS_ML,0.55,SWING_ATR,0,500,False,CONFIG_LOCAL_FALLBACK_MT5_UNAVAILABLE,72,71,42,29,59.154929577464785,1.2553968912564912,0.07744591257818109,0.07744591257818109,5.498659793050858,27.265484487251,5.4530968974502,6.008671285731694,0.892634935970187,4,527.265484487251,0,1
GOLD,GOLD_LONG_LOGISTIC_BASE_PLUS_ML_T055,LONG,LOGISTIC,BASE_PLUS_ML,0.55,SWING_ATR,0,500,True,CONFIG_LOCAL_FALLBACK_MT5_UNAVAILABLE,72,0,0,0,0.0,0.0,0.0,0.0,0.0,0.0,0.0,0.0,,0,500.0,71,1
GOLD,GOLD_LONG_LOGISTIC_BASE_PLUS_ML_T055,LONG,LOGISTIC,BASE_PLUS_ML,0.55,SWING_ATR,0,1000,False,CONFIG_LOCAL_FALLBACK_MT5_UNAVAILABLE,72,71,42,29,59.154929577464785,1.2553968912564912,0.07744591257818109,0.07744591257818109,5.498659793050858,54.530968974502,5.4530968974502,6.008671285731694,0.892634935970187,4,1054.530968974502,0,1
GOLD,GOLD_LONG_LOGISTIC_BASE_PLUS_ML_T055,LONG,LOGISTIC,BASE_PLUS_ML,0.55,SWING_ATR,0,1000,True,CONFIG_LOCAL_FALLBACK_MT5_UNAVAILABLE,72,1,1,0,100.0,inf,1.776074707515667,1.776074707515667,1.776074707515667,15.863100481510173,1.5863100481510173,0.0,,0,1015.8631004815102,70,1
GOLD,GOLD_LONG_LOGISTIC_BASE_PLUS_ML_T055,LONG,LOGISTIC,BASE_PLUS_ML,0.55,SWING_ATR,0,5000,False,CONFIG_LOCAL_FALLBACK_MT5_UNAVAILABLE,72,71,42,29,59.154929577464785,1.2553968912564897,0.07744591257818109,0.07744591257818109,5.498659793050858,272.6548448725089,5.453096897450178,6.008671285731677,0.8926349359701826,4,5272.654844872509,0,1
GOLD,GOLD_LONG_LOGISTIC_BASE_PLUS_ML_T055,LONG,LOGISTIC,BASE_PLUS_ML,0.55,SWING_ATR,0,5000,True,CONFIG_LOCAL_FALLBACK_MT5_UNAVAILABLE,72,36,23,13,63.888888888888886,1.8774688088578748,0.21976223061161787,0.21976223061161787,7.911440302018243,347.46722641705765,6.949344528341153,2.9714127499337972,1.6375652505012703,2,5347.467226417058,35,1
GOLD,GOLD_LONG_LOGISTIC_BASE_PLUS_ML_T055,LONG,LOGISTIC,BASE_PLUS_ML,0.55,SWING_ATR,1,100,False,CONFIG_LOCAL_FALLBACK_MT5_UNAVAILABLE,72,71,42,29,59.154929577464785,1.1881248172123133,0.05884589096721505,0.05884589096721505,4.1780582586722685,4.073140966159485,4.073140966159485,6.302832878349869,0.6829556180536338,4,104.07314096615949,0,1
GOLD,GOLD_LONG_LOGISTIC_BASE_PLUS_ML_T055,LONG,LOGISTIC,BASE_PLUS_ML,0.55,SWING_ATR,1,100,True,CONFIG_LOCAL_FALLBACK_MT5_UNAVAILABLE,72,0,0,0,0.0,0.0,0.0,0.0,0.0,0.0,0.0,0.0,,0,100.0,71,1
GOLD,GOLD_LONG_LOGISTIC_BASE_PLUS_ML_T055,LONG,LOGISTIC,BASE_PLUS_ML,0.55,SWING_ATR,1,500,False,CONFIG_LOCAL_FALLBACK_MT5_UNAVAILABLE,72,71,42,29,59.154929577464785,1.1881248172123111,0.05884589096721505,0.05884589096721505,4.1780582586722685,20.3657048307972,4.07314096615944,6.302832878349881,0.6829556180536267,4,520.3657048307972,0,1
GOLD,GOLD_LONG_LOGISTIC_BASE_PLUS_ML_T055,LONG,LOGISTIC,BASE_PLUS_ML,0.55,SWING_ATR,1,500,True,CONFIG_LOCAL_FALLBACK_MT5_UNAVAILABLE,72,0,0,0,0.0,0.0,0.0,0.0,0.0,0.0,0.0,0.0,,0,500.0,71,1
GOLD,GOLD_LONG_LOGISTIC_BASE_PLUS_ML_T055,LONG,LOGISTIC,BASE_PLUS_ML,0.55,SWING_ATR,1,1000,False,CONFIG_LOCAL_FALLBACK_MT5_UNAVAILABLE,72,71,42,29,59.154929577464785,1.1881248172123111,0.05884589096721505,0.05884589096721505,4.1780582586722685,40.7314096615944,4.07314096615944,6.302832878349881,0.6829556180536267,4,1040.7314096615944,0,1
GOLD,GOLD_LONG_LOGISTIC_BASE_PLUS_ML_T055,LONG,LOGISTIC,BASE_PLUS_ML,0.55,SWING_ATR,1,1000,True,CONFIG_LOCAL_FALLBACK_MT5_UNAVAILABLE,72,1,1,0,100.0,inf,1.6993056951903274,1.6993056951903274,1.6993056951903274,15.177434190993267,1.5177434190993269,0.0,,0,1015.1774341909933,70,1
GOLD,GOLD_LONG_LOGISTIC_BASE_PLUS_ML_T055,LONG,LOGISTIC,BASE_PLUS_ML,0.55,SWING_ATR,1,5000,False,CONFIG_LOCAL_FALLBACK_MT5_UNAVAILABLE,72,71,42,29,59.154929577464785,1.1881248172123142,0.05884589096721505,0.05884589096721505,4.1780582586722685,203.65704830797495,4.073140966159499,6.3028328783498555,0.6829556180536359,4,5203.657048307975,0,1
GOLD,GOLD_LONG_LOGISTIC_BASE_PLUS_ML_T055,LONG,LOGISTIC,BASE_PLUS_ML,0.55,SWING_ATR,1,5000,True,CONFIG_LOCAL_FALLBACK_MT5_UNAVAILABLE,72,36,23,13,63.888888888888886,1.7558322860359075,0.19300763416358216,0.19300763416358216,6.948274829888958,307.46711978230815,6.149342395646163,3.1194700903531514,1.465849826976876,2,5307.467119782308,35,1
GOLD,GOLD_LONG_LOGISTIC_BASE_PLUS_ML_T055,LONG,LOGISTIC,BASE_PLUS_ML,0.55,SWING_ATR,2,100,False,CONFIG_LOCAL_FALLBACK_MT5_UNAVAILABLE,72,71,42,29,59.154929577464785,1.1235261695209793,0.04024586935624901,0.04024586935624901,2.8574567242936797,2.710889752884313,2.710889752884313,6.596130953573165,0.47023918065396597,4,102.71088975288431,0,1
GOLD,GOLD_LONG_LOGISTIC_BASE_PLUS_ML_T055,LONG,LOGISTIC,BASE_PLUS_ML,0.55,SWING_ATR,2,100,True,CONFIG_LOCAL_FALLBACK_MT5_UNAVAILABLE,72,0,0,0,0.0,0.0,0.0,0.0,0.0,0.0,0.0,0.0,,0,100.0,71,1
GOLD,GOLD_LONG_LOGISTIC_BASE_PLUS_ML_T055,LONG,LOGISTIC,BASE_PLUS_ML,0.55,SWING_ATR,2,500,False,CONFIG_LOCAL_FALLBACK_MT5_UNAVAILABLE,72,71,42,29,59.154929577464785,1.1235261695209833,0.04024586935624901,0.04024586935624901,2.8574567242936797,13.554448764421977,2.7108897528843956,6.59613095357316,0.4702391806539787,4,513.554448764422,0,1
GOLD,GOLD_LONG_LOGISTIC_BASE_PLUS_ML_T055,LONG,LOGISTIC,BASE_PLUS_ML,0.55,SWING_ATR,2,500,True,CONFIG_LOCAL_FALLBACK_MT5_UNAVAILABLE,72,0,0,0,0.0,0.0,0.0,0.0,0.0,0.0,0.0,0.0,,0,500.0,71,1
GOLD,GOLD_LONG_LOGISTIC_BASE_PLUS_ML_T055,LONG,LOGISTIC,BASE_PLUS_ML,0.55,SWING_ATR,2,1000,False,CONFIG_LOCAL_FALLBACK_MT5_UNAVAILABLE,72,71,42,29,59.154929577464785,1.1235261695209833,0.04024586935624901,0.04024586935624901,2.8574567242936797,27.108897528843954,2.7108897528843956,6.59613095357316,0.4702391806539787,4,1027.108897528844,0,1
GOLD,GOLD_LONG_LOGISTIC_BASE_PLUS_ML_T055,LONG,LOGISTIC,BASE_PLUS_ML,0.55,SWING_ATR,2,1000,True,CONFIG_LOCAL_FALLBACK_MT5_UNAVAILABLE,72,1,1,0,100.0,inf,1.6225366828649876,1.6225366828649876,1.6225366828649876,14.491767900476361,1.449176790047636,0.0,,0,1014.4917679004764,70,1
GOLD,GOLD_LONG_LOGISTIC_BASE_PLUS_ML_T055,LONG,LOGISTIC,BASE_PLUS_ML,0.55,SWING_ATR,2,5000,False,CONFIG_LOCAL_FALLBACK_MT5_UNAVAILABLE,72,71,42,29,59.154929577464785,1.1235261695209815,0.04024586935624901,0.04024586935624901,2.8574567242936797,135.54448764421795,2.710889752884359,6.596130953573197,0.4702391806539727,4,5135.544487644218,0,1
GOLD,GOLD_LONG_LOGISTIC_BASE_PLUS_ML_T055,LONG,LOGISTIC,BASE_PLUS_ML,0.55,SWING_ATR,2,5000,True,CONFIG_LOCAL_FALLBACK_MT5_UNAVAILABLE,72,36,23,13,63.888888888888886,1.6404900613340705,0.16625303771554645,0.16625303771554645,5.985109357759672,267.467013147555,5.3493402629511,3.268009687271378,1.2903604015637886,2,5267.467013147555,35,1
GOLD,GOLD_LONG_LOGISTIC_BASE_PLUS_ML_T055,LONG,LOGISTIC,BASE_PLUS_ML,0.55,SWING_ATR,5,100,False,CONFIG_LOCAL_FALLBACK_MT5_UNAVAILABLE,72,71,42,29,59.154929577464785,0.9442153652496181,-0.015554195476649104,-0.015554195476649104,-1.1043478788420864,-1.2718487112097563,-1.2718487112097563,7.470867776661967,-0.1852215143941986,4,98.72815128879024,0,1
GOLD,GOLD_LONG_LOGISTIC_BASE_PLUS_ML_T055,LONG,LOGISTIC,BASE_PLUS_ML,0.55,SWING_ATR,5,100,True,CONFIG_LOCAL_FALLBACK_MT5_UNAVAILABLE,72,0,0,0,0.0,0.0,0.0,0.0,0.0,0.0,0.0,0.0,,0,100.0,71,1
GOLD,GOLD_LONG_LOGISTIC_BASE_PLUS_ML_T055,LONG,LOGISTIC,BASE_PLUS_ML,0.55,SWING_ATR,5,500,False,CONFIG_LOCAL_FALLBACK_MT5_UNAVAILABLE,72,71,42,29,59.154929577464785,0.9442153652496181,-0.015554195476649104,-0.015554195476649104,-1.1043478788420864,-6.359243556048796,-1.2718487112097592,7.470867776661989,-0.18522151439419882,4,493.6407564439512,0,1
GOLD,GOLD_LONG_LOGISTIC_BASE_PLUS_ML_T055,LONG,LOGISTIC,BASE_PLUS_ML,0.55,SWING_ATR,5,500,True,CONFIG_LOCAL_FALLBACK_MT5_UNAVAILABLE,72,0,0,0,0.0,0.0,0.0,0.0,0.0,0.0,0.0,0.0,,0,500.0,71,1
GOLD,GOLD_LONG_LOGISTIC_BASE_PLUS_ML_T055,LONG,LOGISTIC,BASE_PLUS_ML,0.55,SWING_ATR,5,1000,False,CONFIG_LOCAL_FALLBACK_MT5_UNAVAILABLE,72,71,42,29,59.154929577464785,0.9442153652496181,-0.015554195476649104,-0.015554195476649104,-1.1043478788420864,-12.718487112097591,-1.2718487112097592,7.470867776661989,-0.18522151439419882,4,987.2815128879024,0,1
GOLD,GOLD_LONG_LOGISTIC_BASE_PLUS_ML_T055,LONG,LOGISTIC,BASE_PLUS_ML,0.55,SWING_ATR,5,1000,True,CONFIG_LOCAL_FALLBACK_MT5_UNAVAILABLE,72,1,1,0,100.0,inf,1.3922296458889682,1.3922296458889682,1.3922296458889682,12.434769028925643,1.2434769028925643,0.0,,0,1012.4347690289256,70,1
GOLD,GOLD_LONG_LOGISTIC_BASE_PLUS_ML_T055,LONG,LOGISTIC,BASE_PLUS_ML,0.55,SWING_ATR,5,5000,False,CONFIG_LOCAL_FALLBACK_MT5_UNAVAILABLE,72,71,42,29,59.154929577464785,0.9442153652496192,-0.015554195476649104,-0.015554195476649104,-1.1043478788420864,-63.59243556048659,-1.2718487112097319,7.47086777666196,-0.18522151439419463,4,4936.407564439513,0,1
GOLD,GOLD_LONG_LOGISTIC_BASE_PLUS_ML_T055,LONG,LOGISTIC,BASE_PLUS_ML,0.55,SWING_ATR,5,5000,True,CONFIG_LOCAL_FALLBACK_MT5_UNAVAILABLE,72,36,23,13,63.888888888888886,1.2858582527673736,0.08598924837143934,0.08598924837143934,3.0956129413718165,128.639480613042,2.57278961226084,3.7165456949960887,0.6618029019318807,2,5128.639480613042,35,1
GOLD,GOLD_LONG_LOGISTIC_BASE_PLUS_ML_T055,LONG,LOGISTIC,BASE_PLUS_ML,0.55,SWING_ATR_RR,0,100,False,CONFIG_LOCAL_FALLBACK_MT5_UNAVAILABLE,72,71,38,33,53.52112676056338,1.8096524689515183,0.27449523637648576,0.27449523637648576,19.489161782730488,21.009457306244627,21.009457306244627,6.316322527082619,2.175049676474715,6,121.00945730624463,0,1
GOLD,GOLD_LONG_LOGISTIC_BASE_PLUS_ML_T055,LONG,LOGISTIC,BASE_PLUS_ML,0.55,SWING_ATR_RR,0,100,True,CONFIG_LOCAL_FALLBACK_MT5_UNAVAILABLE,72,0,0,0,0.0,0.0,0.0,0.0,0.0,0.0,0.0,0.0,,0,100.0,71,1
GOLD,GOLD_LONG_LOGISTIC_BASE_PLUS_ML_T055,LONG,LOGISTIC,BASE_PLUS_ML,0.55,SWING_ATR_RR,0,500,False,CONFIG_LOCAL_FALLBACK_MT5_UNAVAILABLE,72,71,38,33,53.52112676056338,1.80965246895151,0.27449523637648576,0.27449523637648576,19.489161782730488,105.04728653122231,21.00945730624446,6.316322527082634,2.1750496764747003,6,605.0472865312223,0,1
GOLD,GOLD_LONG_LOGISTIC_BASE_PLUS_ML_T055,LONG,LOGISTIC,BASE_PLUS_ML,0.55,SWING_ATR_RR,0,500,True,CONFIG_LOCAL_FALLBACK_MT5_UNAVAILABLE,72,0,0,0,0.0,0.0,0.0,0.0,0.0,0.0,0.0,0.0,,0,500.0,71,1
GOLD,GOLD_LONG_LOGISTIC_BASE_PLUS_ML_T055,LONG,LOGISTIC,BASE_PLUS_ML,0.55,SWING_ATR_RR,0,1000,False,CONFIG_LOCAL_FALLBACK_MT5_UNAVAILABLE,72,71,38,33,53.52112676056338,1.80965246895151,0.27449523637648576,0.27449523637648576,19.489161782730488,210.09457306244462,21.00945730624446,6.316322527082634,2.1750496764747003,6,1210.0945730624446,0,1
GOLD,GOLD_LONG_LOGISTIC_BASE_PLUS_ML_T055,LONG,LOGISTIC,BASE_PLUS_ML,0.55,SWING_ATR_RR,0,1000,True,CONFIG_LOCAL_FALLBACK_MT5_UNAVAILABLE,72,1,1,0,100.0,inf,2.0,2.0,2.0,17.86310048150972,1.7863100481509717,0.0,,0,1017.8631004815097,70,1
GOLD,GOLD_LONG_LOGISTIC_BASE_PLUS_ML_T055,LONG,LOGISTIC,BASE_PLUS_ML,0.55,SWING_ATR_RR,0,5000,False,CONFIG_LOCAL_FALLBACK_MT5_UNAVAILABLE,72,71,38,33,53.52112676056338,1.8096524689515145,0.27449523637648576,0.27449523637648576,19.489161782730488,1050.4728653122274,21.00945730624455,6.3163225270826695,2.1750496764747083,6,6050.472865312227,0,1
GOLD,GOLD_LONG_LOGISTIC_BASE_PLUS_ML_T055,LONG,LOGISTIC,BASE_PLUS_ML,0.55,SWING_ATR_RR,0,5000,True,CONFIG_LOCAL_FALLBACK_MT5_UNAVAILABLE,72,41,24,17,58.536585365853654,2.4590127670641198,0.4685769513796483,0.4685769513796483,19.21165500656558,793.2109924983688,15.864219849967377,4.290285770277315,2.4339514223566434,5,5793.210992498369,30,1
GOLD,GOLD_LONG_LOGISTIC_BASE_PLUS_ML_T055,LONG,LOGISTIC,BASE_PLUS_ML,0.55,SWING_ATR_RR,1,100,False,CONFIG_LOCAL_FALLBACK_MT5_UNAVAILABLE,72,71,38,33,53.52112676056338,1.7380097556214191,0.2558755098331399,0.2558755098331399,18.167161198152932,19.428108709969223,19.428108709969223,6.5676092745189765,2.0360061092966215,6,119.42810870996922,0,1
GOLD,GOLD_LONG_LOGISTIC_BASE_PLUS_ML_T055,LONG,LOGISTIC,BASE_PLUS_ML,0.55,SWING_ATR_RR,1,100,True,CONFIG_LOCAL_FALLBACK_MT5_UNAVAILABLE,72,0,0,0,0.0,0.0,0.0,0.0,0.0,0.0,0.0,0.0,,0,100.0,71,1
GOLD,GOLD_LONG_LOGISTIC_BASE_PLUS_ML_T055,LONG,LOGISTIC,BASE_PLUS_ML,0.55,SWING_ATR_RR,1,500,False,CONFIG_LOCAL_FALLBACK_MT5_UNAVAILABLE,72,71,38,33,53.52112676056338,1.738009755621422,0.2558755098331399,0.2558755098331399,18.167161198152932,97.14054354984626,19.42810870996925,6.56760927451895,2.0360061092966255,6,597.1405435498463,0,1
GOLD,GOLD_LONG_LOGISTIC_BASE_PLUS_ML_T055,LONG,LOGISTIC,BASE_PLUS_ML,0.55,SWING_ATR_RR,1,500,True,CONFIG_LOCAL_FALLBACK_MT5_UNAVAILABLE,72,0,0,0,0.0,0.0,0.0,0.0,0.0,0.0,0.0,0.0,,0,500.0,71,1
GOLD,GOLD_LONG_LOGISTIC_BASE_PLUS_ML_T055,LONG,LOGISTIC,BASE_PLUS_ML,0.55,SWING_ATR_RR,1,1000,False,CONFIG_LOCAL_FALLBACK_MT5_UNAVAILABLE,72,71,38,33,53.52112676056338,1.738009755621422,0.2558755098331399,0.2558755098331399,18.167161198152932,194.2810870996925,19.42810870996925,6.56760927451895,2.0360061092966255,6,1194.2810870996925,0,1
GOLD,GOLD_LONG_LOGISTIC_BASE_PLUS_ML_T055,LONG,LOGISTIC,BASE_PLUS_ML,0.55,SWING_ATR_RR,1,1000,True,CONFIG_LOCAL_FALLBACK_MT5_UNAVAILABLE,72,1,1,0,100.0,inf,1.9232085951454119,1.9232085951454119,1.9232085951454119,17.177234190992863,1.7177234190992863,0.0,,0,1017.1772341909929,70,1
GOLD,GOLD_LONG_LOGISTIC_BASE_PLUS_ML_T055,LONG,LOGISTIC,BASE_PLUS_ML,0.55,SWING_ATR_RR,1,5000,False,CONFIG_LOCAL_FALLBACK_MT5_UNAVAILABLE,72,71,38,33,53.52112676056338,1.738009755621422,0.2558755098331399,0.2558755098331399,18.167161198152932,971.4054354984637,19.428108709969276,6.567609274518928,2.0360061092966264,6,5971.405435498464,0,1
GOLD,GOLD_LONG_LOGISTIC_BASE_PLUS_ML_T055,LONG,LOGISTIC,BASE_PLUS_ML,0.55,SWING_ATR_RR,1,5000,True,CONFIG_LOCAL_FALLBACK_MT5_UNAVAILABLE,72,40,24,16,60.0,2.5276388782609214,0.47414049201396324,0.47414049201396324,18.96561968055853,790.1779626832968,15.803559253665936,4.386402419528061,2.482073297195343,5,5790.177962683297,31,1
GOLD,GOLD_LONG_LOGISTIC_BASE_PLUS_ML_T055,LONG,LOGISTIC,BASE_PLUS_ML,0.55,SWING_ATR_RR,2,100,False,CONFIG_LOCAL_FALLBACK_MT5_UNAVAILABLE,72,71,38,33,53.52112676056338,1.669308313237997,0.237255783289794,0.237255783289794,16.845160613575374,17.867021012318645,17.867021012318645,6.818270435573734,1.895576947029691,6,117.86702101231865,0,1
GOLD,GOLD_LONG_LOGISTIC_BASE_PLUS_ML_T055,LONG,LOGISTIC,BASE_PLUS_ML,0.55,SWING_ATR_RR,2,100,True,CONFIG_LOCAL_FALLBACK_MT5_UNAVAILABLE,72,0,0,0,0.0,0.0,0.0,0.0,0.0,0.0,0.0,0.0,,0,100.0,71,1
GOLD,GOLD_LONG_LOGISTIC_BASE_PLUS_ML_T055,LONG,LOGISTIC,BASE_PLUS_ML,0.55,SWING_ATR_RR,2,500,False,CONFIG_LOCAL_FALLBACK_MT5_UNAVAILABLE,72,71,38,33,53.52112676056338,1.6693083132379936,0.237255783289794,0.237255783289794,16.845160613575374,89.33510506159303,17.867021012318602,6.818270435573755,1.8955769470296828,6,589.335105061593,0,1
GOLD,GOLD_LONG_LOGISTIC_BASE_PLUS_ML_T055,LONG,LOGISTIC,BASE_PLUS_ML,0.55,SWING_ATR_RR,2,500,True,CONFIG_LOCAL_FALLBACK_MT5_UNAVAILABLE,72,0,0,0,0.0,0.0,0.0,0.0,0.0,0.0,0.0,0.0,,0,500.0,71,1
GOLD,GOLD_LONG_LOGISTIC_BASE_PLUS_ML_T055,LONG,LOGISTIC,BASE_PLUS_ML,0.55,SWING_ATR_RR,2,1000,False,CONFIG_LOCAL_FALLBACK_MT5_UNAVAILABLE,72,71,38,33,53.52112676056338,1.6693083132379936,0.237255783289794,0.237255783289794,16.845160613575374,178.67021012318605,17.867021012318602,6.818270435573755,1.8955769470296828,6,1178.670210123186,0,1
GOLD,GOLD_LONG_LOGISTIC_BASE_PLUS_ML_T055,LONG,LOGISTIC,BASE_PLUS_ML,0.55,SWING_ATR_RR,2,1000,True,CONFIG_LOCAL_FALLBACK_MT5_UNAVAILABLE,72,1,1,0,100.0,inf,1.8464171902908237,1.8464171902908237,1.8464171902908237,16.491367900475893,1.649136790047589,0.0,,0,1016.4913679004759,70,1
GOLD,GOLD_LONG_LOGISTIC_BASE_PLUS_ML_T055,LONG,LOGISTIC,BASE_PLUS_ML,0.55,SWING_ATR_RR,2,5000,False,CONFIG_LOCAL_FALLBACK_MT5_UNAVAILABLE,72,71,38,33,53.52112676056338,1.669308313238001,0.237255783289794,0.237255783289794,16.845160613575374,893.3510506159355,17.86702101231871,6.818270435573676,1.8955769470296997,6,5893.3510506159355,0,1
GOLD,GOLD_LONG_LOGISTIC_BASE_PLUS_ML_T055,LONG,LOGISTIC,BASE_PLUS_ML,0.55,SWING_ATR_RR,2,5000,True,CONFIG_LOCAL_FALLBACK_MT5_UNAVAILABLE,72,40,24,16,60.0,2.406554268607518,0.44859299421174786,0.44859299421174786,17.943719768469915,746.9449816963552,14.938899633927102,4.4828263143233915,2.3592075315366636,5,5746.944981696355,31,1
GOLD,GOLD_LONG_LOGISTIC_BASE_PLUS_ML_T055,LONG,LOGISTIC,BASE_PLUS_ML,0.55,SWING_ATR_RR,5,100,False,CONFIG_LOCAL_FALLBACK_MT5_UNAVAILABLE,72,71,38,33,53.52112676056338,1.4791056555678437,0.1813966036597564,0.1813966036597564,12.879158859842704,13.302794054949345,13.302794054949347,7.566514806182199,1.4662722345290264,6,113.30279405494935,0,1
GOLD,GOLD_LONG_LOGISTIC_BASE_PLUS_ML_T055,LONG,LOGISTIC,BASE_PLUS_ML,0.55,SWING_ATR_RR,5,100,True,CONFIG_LOCAL_FALLBACK_MT5_UNAVAILABLE,72,0,0,0,0.0,0.0,0.0,0.0,0.0,0.0,0.0,0.0,,0,100.0,71,1
GOLD,GOLD_LONG_LOGISTIC_BASE_PLUS_ML_T055,LONG,LOGISTIC,BASE_PLUS_ML,0.55,SWING_ATR_RR,5,500,False,CONFIG_LOCAL_FALLBACK_MT5_UNAVAILABLE,72,71,38,33,53.52112676056338,1.4791056555678408,0.1813966036597564,0.1813966036597564,12.879158859842704,66.51397027474638,13.302794054949278,7.566514806182195,1.4662722345290187,6,566.5139702747464,0,1
GOLD,GOLD_LONG_LOGISTIC_BASE_PLUS_ML_T055,LONG,LOGISTIC,BASE_PLUS_ML,0.55,SWING_ATR_RR,5,500,True,CONFIG_LOCAL_FALLBACK_MT5_UNAVAILABLE,72,0,0,0,0.0,0.0,0.0,0.0,0.0,0.0,0.0,0.0,,0,500.0,71,1
GOLD,GOLD_LONG_LOGISTIC_BASE_PLUS_ML_T055,LONG,LOGISTIC,BASE_PLUS_ML,0.55,SWING_ATR_RR,5,1000,False,CONFIG_LOCAL_FALLBACK_MT5_UNAVAILABLE,72,71,38,33,53.52112676056338,1.4791056555678408,0.1813966036597564,0.1813966036597564,12.879158859842704,133.02794054949277,13.302794054949278,7.566514806182195,1.4662722345290187,6,1133.0279405494928,0,1
GOLD,GOLD_LONG_LOGISTIC_BASE_PLUS_ML_T055,LONG,LOGISTIC,BASE_PLUS_ML,0.55,SWING_ATR_RR,5,1000,True,CONFIG_LOCAL_FALLBACK_MT5_UNAVAILABLE,72,1,1,0,100.0,inf,1.6160429757270591,1.6160429757270591,1.6160429757270591,14.433769028925212,1.4433769028925212,0.0,,0,1014.4337690289252,70,1
GOLD,GOLD_LONG_LOGISTIC_BASE_PLUS_ML_T055,LONG,LOGISTIC,BASE_PLUS_ML,0.55,SWING_ATR_RR,5,5000,False,CONFIG_LOCAL_FALLBACK_MT5_UNAVAILABLE,72,71,38,33,53.52112676056338,1.4791056555678421,0.1813966036597564,0.1813966036597564,12.879158859842704,665.1397027474659,13.302794054949318,7.5665148061822105,1.4662722345290224,6,5665.139702747466,0,1
GOLD,GOLD_LONG_LOGISTIC_BASE_PLUS_ML_T055,LONG,LOGISTIC,BASE_PLUS_ML,0.55,SWING_ATR_RR,5,5000,True,CONFIG_LOCAL_FALLBACK_MT5_UNAVAILABLE,72,37,22,15,59.45945945945946,2.2530923405059955,0.41261095325455915,0.41261095325455915,15.266605270418689,639.7644211006591,12.795288422013181,4.773956275027814,2.1109732055941537,5,5639.764421100659,34,1
GOLD,GOLD_LONG_LOGISTIC_BASE_PLUS_ML_T055,LONG,LOGISTIC,BASE_PLUS_ML,0.55,SWING_STRUCTURAL_TARGET,0,100,False,CONFIG_LOCAL_FALLBACK_MT5_UNAVAILABLE,72,39,27,12,69.23076923076923,0.9565469569846003,-0.009208056709445193,-0.009208056709445193,-0.35911421166836255,-0.42705507018254707,-0.42705507018254707,4.524811334796229,-0.09565719062655609,3,99.57294492981745,0,33
GOLD,GOLD_LONG_LOGISTIC_BASE_PLUS_ML_T055,LONG,LOGISTIC,BASE_PLUS_ML,0.55,SWING_STRUCTURAL_TARGET,0,100,True,CONFIG_LOCAL_FALLBACK_MT5_UNAVAILABLE,72,0,0,0,0.0,0.0,0.0,0.0,0.0,0.0,0.0,0.0,,0,100.0,39,33
GOLD,GOLD_LONG_LOGISTIC_BASE_PLUS_ML_T055,LONG,LOGISTIC,BASE_PLUS_ML,0.55,SWING_STRUCTURAL_TARGET,0,500,False,CONFIG_LOCAL_FALLBACK_MT5_UNAVAILABLE,72,39,27,12,69.23076923076923,0.956546956984602,-0.009208056709445193,-0.009208056709445193,-0.35911421166836255,-2.13527535091265,-0.42705507018252997,4.524811334796231,-0.09565719062655137,3,497.86472464908735,0,33
GOLD,GOLD_LONG_LOGISTIC_BASE_PLUS_ML_T055,LONG,LOGISTIC,BASE_PLUS_ML,0.55,SWING_STRUCTURAL_TARGET,0,500,True,CONFIG_LOCAL_FALLBACK_MT5_UNAVAILABLE,72,0,0,0,0.0,0.0,0.0,0.0,0.0,0.0,0.0,0.0,,0,500.0,39,33
GOLD,GOLD_LONG_LOGISTIC_BASE_PLUS_ML_T055,LONG,LOGISTIC,BASE_PLUS_ML,0.55,SWING_STRUCTURAL_TARGET,0,1000,False,CONFIG_LOCAL_FALLBACK_MT5_UNAVAILABLE,72,39,27,12,69.23076923076923,0.956546956984602,-0.009208056709445193,-0.009208056709445193,-0.35911421166836255,-4.2705507018253,-0.42705507018252997,4.524811334796231,-0.09565719062655137,3,995.7294492981747,0,33
GOLD,GOLD_LONG_LOGISTIC_BASE_PLUS_ML_T055,LONG,LOGISTIC,BASE_PLUS_ML,0.55,SWING_STRUCTURAL_TARGET,0,1000,True,CONFIG_LOCAL_FALLBACK_MT5_UNAVAILABLE,72,1,1,0,100.0,inf,0.9852767538573746,0.9852767538573746,0.9852767538573746,8.800048828125,0.8800048828125,0.0,,0,1008.800048828125,38,33
GOLD,GOLD_LONG_LOGISTIC_BASE_PLUS_ML_T055,LONG,LOGISTIC,BASE_PLUS_ML,0.55,SWING_STRUCTURAL_TARGET,0,5000,False,CONFIG_LOCAL_FALLBACK_MT5_UNAVAILABLE,72,39,27,12,69.23076923076923,0.9565469569846101,-0.009208056709445193,-0.009208056709445193,-0.35911421166836255,-21.352753509122522,-0.4270550701824504,4.524811334796213,-0.09565719062653016,3,4978.6472464908775,0,33
GOLD,GOLD_LONG_LOGISTIC_BASE_PLUS_ML_T055,LONG,LOGISTIC,BASE_PLUS_ML,0.55,SWING_STRUCTURAL_TARGET,0,5000,True,CONFIG_LOCAL_FALLBACK_MT5_UNAVAILABLE,72,26,19,7,73.07692307692307,1.1861609986136605,0.029846802471209563,0.029846802471209563,0.7760168642514487,49.201944494997406,0.9840388898999481,1.8343281444876465,0.37463164876987526,2,5049.201944494997,13,33
GOLD,GOLD_LONG_LOGISTIC_BASE_PLUS_ML_T055,LONG,LOGISTIC,BASE_PLUS_ML,0.55,SWING_STRUCTURAL_TARGET,1,100,False,CONFIG_LOCAL_FALLBACK_MT5_UNAVAILABLE,72,39,27,12,69.23076923076923,0.8692438806787777,-0.03192391275096337,-0.03192391275096337,-1.2450325972875713,-1.3040999881728084,-1.3040999881728084,4.709061865358882,-0.33513949627823686,3,98.69590001182719,0,33
GOLD,GOLD_LONG_LOGISTIC_BASE_PLUS_ML_T055,LONG,LOGISTIC,BASE_PLUS_ML,0.55,SWING_STRUCTURAL_TARGET,1,100,True,CONFIG_LOCAL_FALLBACK_MT5_UNAVAILABLE,72,0,0,0,0.0,0.0,0.0,0.0,0.0,0.0,0.0,0.0,,0,100.0,39,33
GOLD,GOLD_LONG_LOGISTIC_BASE_PLUS_ML_T055,LONG,LOGISTIC,BASE_PLUS_ML,0.55,SWING_STRUCTURAL_TARGET,1,500,False,CONFIG_LOCAL_FALLBACK_MT5_UNAVAILABLE,72,39,27,12,69.23076923076923,0.8692438806787843,-0.03192391275096337,-0.03192391275096337,-1.2450325972875713,-6.520499940863715,-1.304099988172743,4.709061865358881,-0.3351394962782183,3,493.4795000591363,0,33
GOLD,GOLD_LONG_LOGISTIC_BASE_PLUS_ML_T055,LONG,LOGISTIC,BASE_PLUS_ML,0.55,SWING_STRUCTURAL_TARGET,1,500,True,CONFIG_LOCAL_FALLBACK_MT5_UNAVAILABLE,72,0,0,0,0.0,0.0,0.0,0.0,0.0,0.0,0.0,0.0,,0,500.0,39,33
GOLD,GOLD_LONG_LOGISTIC_BASE_PLUS_ML_T055,LONG,LOGISTIC,BASE_PLUS_ML,0.55,SWING_STRUCTURAL_TARGET,1,1000,False,CONFIG_LOCAL_FALLBACK_MT5_UNAVAILABLE,72,39,27,12,69.23076923076923,0.8692438806787843,-0.03192391275096337,-0.03192391275096337,-1.2450325972875713,-13.04099988172743,-1.304099988172743,4.709061865358881,-0.3351394962782183,3,986.9590001182726,0,33
GOLD,GOLD_LONG_LOGISTIC_BASE_PLUS_ML_T055,LONG,LOGISTIC,BASE_PLUS_ML,0.55,SWING_STRUCTURAL_TARGET,1,1000,True,CONFIG_LOCAL_FALLBACK_MT5_UNAVAILABLE,72,1,1,0,100.0,inf,0.9085868213274007,0.9085868213274007,0.9085868213274007,8.115088842773389,0.8115088842773389,0.0,,0,1008.1150888427734,38,33
GOLD,GOLD_LONG_LOGISTIC_BASE_PLUS_ML_T055,LONG,LOGISTIC,BASE_PLUS_ML,0.55,SWING_STRUCTURAL_TARGET,1,5000,False,CONFIG_LOCAL_FALLBACK_MT5_UNAVAILABLE,72,39,27,12,69.23076923076923,0.869243880678782,-0.03192391275096337,-0.03192391275096337,-1.2450325972875713,-65.20499940863829,-1.3040999881727657,4.709061865358874,-0.33513949627822504,3,4934.795000591362,0,33
GOLD,GOLD_LONG_LOGISTIC_BASE_PLUS_ML_T055,LONG,LOGISTIC,BASE_PLUS_ML,0.55,SWING_STRUCTURAL_TARGET,1,5000,True,CONFIG_LOCAL_FALLBACK_MT5_UNAVAILABLE,72,26,19,7,73.07692307692307,1.069476094564704,0.0012512029814668846,0.0012512029814668846,0.032531277518139,18.745984359142312,0.37491968718284624,1.996419695751276,0.15263755978571927,2,5018.745984359142,13,33
GOLD,GOLD_LONG_LOGISTIC_BASE_PLUS_ML_T055,LONG,LOGISTIC,BASE_PLUS_ML,0.55,SWING_STRUCTURAL_TARGET,2,100,False,CONFIG_LOCAL_FALLBACK_MT5_UNAVAILABLE,72,39,27,12,69.23076923076923,0.7851503075784364,-0.054639768792481544,-0.054639768792481544,-2.1309509829067803,-2.173686859513623,-2.173686859513623,4.893001854818854,-0.5794737695209942,3,97.82631314048638,0,33
GOLD,GOLD_LONG_LOGISTIC_BASE_PLUS_ML_T055,LONG,LOGISTIC,BASE_PLUS_ML,0.55,SWING_STRUCTURAL_TARGET,2,100,True,CONFIG_LOCAL_FALLBACK_MT5_UNAVAILABLE,72,0,0,0,0.0,0.0,0.0,0.0,0.0,0.0,0.0,0.0,,0,100.0,39,33
GOLD,GOLD_LONG_LOGISTIC_BASE_PLUS_ML_T055,LONG,LOGISTIC,BASE_PLUS_ML,0.55,SWING_STRUCTURAL_TARGET,2,500,False,CONFIG_LOCAL_FALLBACK_MT5_UNAVAILABLE,72,39,27,12,69.23076923076923,0.7851503075784403,-0.054639768792481544,-0.054639768792481544,-2.1309509829067803,-10.868434297567887,-2.173686859513577,4.893001854818841,-0.5794737695209822,3,489.1315657024321,0,33
GOLD,GOLD_LONG_LOGISTIC_BASE_PLUS_ML_T055,LONG,LOGISTIC,BASE_PLUS_ML,0.55,SWING_STRUCTURAL_TARGET,2,500,True,CONFIG_LOCAL_FALLBACK_MT5_UNAVAILABLE,72,0,0,0,0.0,0.0,0.0,0.0,0.0,0.0,0.0,0.0,,0,500.0,39,33
GOLD,GOLD_LONG_LOGISTIC_BASE_PLUS_ML_T055,LONG,LOGISTIC,BASE_PLUS_ML,0.55,SWING_STRUCTURAL_TARGET,2,1000,False,CONFIG_LOCAL_FALLBACK_MT5_UNAVAILABLE,72,39,27,12,69.23076923076923,0.7851503075784403,-0.054639768792481544,-0.054639768792481544,-2.1309509829067803,-21.736868595135775,-2.173686859513577,4.893001854818841,-0.5794737695209822,3,978.2631314048642,0,33
GOLD,GOLD_LONG_LOGISTIC_BASE_PLUS_ML_T055,LONG,LOGISTIC,BASE_PLUS_ML,0.55,SWING_STRUCTURAL_TARGET,2,1000,True,CONFIG_LOCAL_FALLBACK_MT5_UNAVAILABLE,72,1,1,0,100.0,inf,0.8318968887974267,0.8318968887974267,0.8318968887974267,7.4301288574218916,0.7430128857421892,0.0,,0,1007.4301288574219,38,33
GOLD,GOLD_LONG_LOGISTIC_BASE_PLUS_ML_T055,LONG,LOGISTIC,BASE_PLUS_ML,0.55,SWING_STRUCTURAL_TARGET,2,5000,False,CONFIG_LOCAL_FALLBACK_MT5_UNAVAILABLE,72,39,27,12,69.23076923076923,0.7851503075784355,-0.054639768792481544,-0.054639768792481544,-2.1309509829067803,-108.68434297568183,-2.1736868595136367,4.893001854818882,-0.579473769520997,3,4891.315657024318,0,33
GOLD,GOLD_LONG_LOGISTIC_BASE_PLUS_ML_T055,LONG,LOGISTIC,BASE_PLUS_ML,0.55,SWING_STRUCTURAL_TARGET,2,5000,True,CONFIG_LOCAL_FALLBACK_MT5_UNAVAILABLE,72,26,19,7,73.07692307692307,0.9574709427813921,-0.027344396508275783,-0.027344396508275783,-0.7109543092151703,-11.709975776711872,-0.23419951553423743,2.15994631663457,-0.07575351444996942,2,4988.290024223288,13,33
GOLD,GOLD_LONG_LOGISTIC_BASE_PLUS_ML_T055,LONG,LOGISTIC,BASE_PLUS_ML,0.55,SWING_STRUCTURAL_TARGET,5,100,False,CONFIG_LOCAL_FALLBACK_MT5_UNAVAILABLE,72,39,24,15,61.53846153846154,0.5529731350413979,-0.12278733691703607,-0.12278733691703607,-4.788706139764407,-4.738308766117015,-4.738308766117015,5.76602527433601,-1.3395161819853514,3,95.26169123388298,0,33
GOLD,GOLD_LONG_LOGISTIC_BASE_PLUS_ML_T055,LONG,LOGISTIC,BASE_PLUS_ML,0.55,SWING_STRUCTURAL_TARGET,5,100,True,CONFIG_LOCAL_FALLBACK_MT5_UNAVAILABLE,72,0,0,0,0.0,0.0,0.0,0.0,0.0,0.0,0.0,0.0,,0,100.0,39,33
GOLD,GOLD_LONG_LOGISTIC_BASE_PLUS_ML_T055,LONG,LOGISTIC,BASE_PLUS_ML,0.55,SWING_STRUCTURAL_TARGET,5,500,False,CONFIG_LOCAL_FALLBACK_MT5_UNAVAILABLE,72,39,24,15,61.53846153846154,0.5529731350413937,-0.12278733691703607,-0.12278733691703607,-4.788706139764407,-23.69154383058526,-4.7383087661170515,5.766025274336038,-1.339516181985364,3,476.30845616941474,0,33
GOLD,GOLD_LONG_LOGISTIC_BASE_PLUS_ML_T055,LONG,LOGISTIC,BASE_PLUS_ML,0.55,SWING_STRUCTURAL_TARGET,5,500,True,CONFIG_LOCAL_FALLBACK_MT5_UNAVAILABLE,72,0,0,0,0.0,0.0,0.0,0.0,0.0,0.0,0.0,0.0,,0,500.0,39,33
GOLD,GOLD_LONG_LOGISTIC_BASE_PLUS_ML_T055,LONG,LOGISTIC,BASE_PLUS_ML,0.55,SWING_STRUCTURAL_TARGET,5,1000,False,CONFIG_LOCAL_FALLBACK_MT5_UNAVAILABLE,72,39,24,15,61.53846153846154,0.5529731350413937,-0.12278733691703607,-0.12278733691703607,-4.788706139764407,-47.38308766117052,-4.7383087661170515,5.766025274336038,-1.339516181985364,3,952.6169123388295,0,33
GOLD,GOLD_LONG_LOGISTIC_BASE_PLUS_ML_T055,LONG,LOGISTIC,BASE_PLUS_ML,0.55,SWING_STRUCTURAL_TARGET,5,1000,True,CONFIG_LOCAL_FALLBACK_MT5_UNAVAILABLE,72,1,1,0,100.0,inf,0.601827091207505,0.601827091207505,0.601827091207505,5.375248901367172,0.5375248901367172,0.0,,0,1005.3752489013672,38,33
GOLD,GOLD_LONG_LOGISTIC_BASE_PLUS_ML_T055,LONG,LOGISTIC,BASE_PLUS_ML,0.55,SWING_STRUCTURAL_TARGET,5,5000,False,CONFIG_LOCAL_FALLBACK_MT5_UNAVAILABLE,72,39,24,15,61.53846153846154,0.5529731350413994,-0.12278733691703607,-0.12278733691703607,-4.788706139764407,-236.9154383058485,-4.73830876611697,5.7660252743359575,-1.3395161819853412,3,4763.0845616941515,0,33
GOLD,GOLD_LONG_LOGISTIC_BASE_PLUS_ML_T055,LONG,LOGISTIC,BASE_PLUS_ML,0.55,SWING_STRUCTURAL_TARGET,5,5000,True,CONFIG_LOCAL_FALLBACK_MT5_UNAVAILABLE,72,26,16,10,61.53846153846154,0.6496094375110202,-0.1131311949775038,-0.1131311949775038,-2.941411069415099,-102.99545384052817,-2.0599090768105635,2.8435988685545053,-0.7981994390372049,2,4897.004546159472,13,33
